"year","age","population"
1990,0,3983791.65
1990,1,3800226.38
1990,2,3676184.06
1990,3,3738188.48
1990,4,3733372.98
1990,5,3693268.43
1990,6,3645534.69
1990,7,3734487.8
1990,8,3584276.23
1990,9,3641985.17
1990,10,3741257.82
1990,11,3400278.69
1990,12,3359951.92
1990,13,3415095.89
1990,14,3250974.96
1990,15,3313410.91
1990,16,3293759.65
1990,17,3336869.2
1990,18,3556770.84
1990,19,3765686.76
1990,20,3532478.5
1990,21,3517201.22
1990,22,3586672.64
1990,23,3608366.16
1990,24,3743752.41
1990,25,4106179.37
1990,26,4139426.19
1990,27,4209850.25
1990,28,4318862.55
1990,29,4425529.3
1990,30,4507965.6
1990,31,4401893.69
1990,32,4466888.57
1990,33,4392523.75
1990,34,4271161.24
1990,35,4344361.59
1990,36,4104827.29
1990,37,3986059.33
1990,38,3746926.32
1990,39,3709270.62
1990,40,3740986.17
1990,41,3569847.09
1990,42,3698453.71
1990,43,3441951.52
1990,44,2852526.07
1990,45,3002627.23
1990,46,2861013.87
1990,47,2885294.09
1990,48,2597511.85
1990,49,2513143.97
1990,50,2466311.17
1990,51,2373700
1990,52,2212892.93
1990,53,2135272.64
1990,54,2256211.79
1990,55,2159361.84
1990,56,2052827.01
1990,57,2200136.13
1990,58,2010403.3
1990,59,2126216.72
1990,60,2209841.04
1990,61,2131894.02
1990,62,2193697.01
1990,63,2080328.9
1990,64,2067108.19
1990,65,2248409.55
1990,66,2067683.42
1990,67,1911213.7
1990,68,1987735.89
1990,69,1911446.99
1990,70,1864583.12
1990,71,1659843.03
1990,72,1536494.89
1990,73,1444528.32
1990,74,1347217.21
1990,75,1292065.98
1990,76,1296279.36
1990,77,1109899.59
1990,78,1019411.07
1990,79,1073059.75
1990,80,953025.02
1990,81,763603.46
1990,82,679946.5
1990,83,630569.36
1990,84,536110.96
1990,85,468914.21
1991,0,4001909.07
1991,1,3978695.26
1991,2,3820367.57
1991,3,3738088.9
1991,4,3760057.15
1991,5,3741360.95
1991,6,3758753.09
1991,7,3675221.23
1991,8,3617722.82
1991,9,3672748.29
1991,10,3797644.83
1991,11,3550940.59
1991,12,3382049.87
1991,13,3511246.27
1991,14,3359587.27
1991,15,3303503.3
1991,16,3347298.48
1991,17,3273258.47
1991,18,3328519.5
1991,19,3586441.64
1991,20,3552147.25
1991,21,3603635.27
1991,22,3616728.16
1991,23,3585637.77
1991,24,3628254.09
1991,25,3829397.89
1991,26,4136132.78
1991,27,4181906.31
1991,28,4294300.2
1991,29,4325390.02
1991,30,4556157.99
1991,31,4443692.17
1991,32,4268499.69
1991,33,4463985.25
1991,34,4405433.74
1991,35,4340892.41
1991,36,4301047.84
1991,37,3982698.26
1991,38,4004126.35
1991,39,3750275.15
1991,40,3972008.3
1991,41,3656457.22
1991,42,3585125.47
1991,43,3656621.61
1991,44,3415858.66
1991,45,2939201.09
1991,46,2896248.53
1991,47,2902590.17
1991,48,2870432.38
1991,49,2520683.08
1991,50,2533304.32
1991,51,2237834.42
1991,52,2359156.63
1991,53,2165492.61
1991,54,2261338.62
1991,55,2218116.78
1991,56,2180968.7
1991,57,2017217.36
1991,58,2180465.72
1991,59,2094744.79
1991,60,2106792.06
1991,61,2291016.11
1991,62,2045751.63
1991,63,2180338.66
1991,64,2029614.23
1991,65,2217370.91
1991,66,2091768.68
1991,67,2036745.68
1991,68,1896847.92
1991,69,1880653.27
1991,70,1875062.97
1991,71,1699721.2
1991,72,1630455.85
1991,73,1475213.57
1991,74,1433979.1
1991,75,1361565.47
1991,76,1286787.41
1991,77,1155929.56
1991,78,1078037.98
1991,79,953164.64
1991,80,1001036.05
1991,81,830593.91
1991,82,689718.95
1991,83,612538.51
1991,84,494931.43
1991,85,469386.62
1992,0,4054474.78
1992,1,3904865.09
1992,2,3924783.23
1992,3,3874616.33
1992,4,3807011.26
1992,5,3758370.33
1992,6,3788364.18
1992,7,3765300.85
1992,8,3564629.33
1992,9,3727237.34
1992,10,3702478.17
1992,11,3772558.44
1992,12,3766843.8
1992,13,3338597.25
1992,14,3440924.11
1992,15,3381402.34
1992,16,3298922.68
1992,17,3301553.54
1992,18,3194375.24
1992,19,3392216.02
1992,20,3358909.8
1992,21,3600805.44
1992,22,3776046.53
1992,23,3595665.41
1992,24,3516236.36
1992,25,3618591.45
1992,26,4032110.1
1992,27,4024914.66
1992,28,4208774.8
1992,29,4247506.67
1992,30,4641990.21
1992,31,4474239.81
1992,32,4494669.49
1992,33,4383221.52
1992,34,4367020.41
1992,35,4518039.11
1992,36,4149016.72
1992,37,4258940.28
1992,38,3933617
1992,39,4093093.01
1992,40,3854441.45
1992,41,3757988.99
1992,42,3703508.29
1992,43,3616972.9
1992,44,3685345.19
1992,45,3448514.22
1992,46,2976168.28
1992,47,2814876.92
1992,48,2924970.13
1992,49,2792399.22
1992,50,2574256.75
1992,51,2425196.54
1992,52,2342642.76
1992,53,2492981
1992,54,2231386.88
1992,55,2132110.37
1992,56,2205378.5
1992,57,2218509.82
1992,58,1925526.64
1992,59,2138013.01
1992,60,2225684.36
1992,61,2010161.56
1992,62,2167961.16
1992,63,2049189.05
1992,64,2077197.7
1992,65,2119618.15
1992,66,2049666.15
1992,67,2083840.37
1992,68,1977481.73
1992,69,1858885.13
1992,70,2014338.06
1992,71,1747949.17
1992,72,1621376.77
1992,73,1649880.66
1992,74,1317764.8
1992,75,1324540.89
1992,76,1304581.71
1992,77,1202496.82
1992,78,1044034.19
1992,79,1013100.03
1992,80,980310.25
1992,81,863273.61
1992,82,717036.97
1992,83,666494.61
1992,84,543346.45
1992,85,476864.11
1993,0,4031230.09
1993,1,3987538.95
1993,2,3941151.69
1993,3,3972560.19
1993,4,3901215.66
1993,5,3802220.76
1993,6,3769568.88
1993,7,3807017.23
1993,8,3647070.82
1993,9,3700735.16
1993,10,3794972.55
1993,11,3792188.68
1993,12,3704764.43
1993,13,3632260.55
1993,14,3502422.78
1993,15,3461670.45
1993,16,3363064.08
1993,17,3294342.17
1993,18,3270468.28
1993,19,3237138.62
1993,20,3347022.06
1993,21,3338039.28
1993,22,3781523.09
1993,23,3533782.95
1993,24,3801420.34
1993,25,3700455.26
1993,26,3749149.41
1993,27,3892223.88
1993,28,3993775.24
1993,29,4267587.07
1993,30,4638810.98
1993,31,4177563.89
1993,32,4685183.13
1993,33,4392291.14
1993,34,4366660.72
1993,35,4418912.9
1993,36,4403453.78
1993,37,4317912.86
1993,38,4390792.58
1993,39,3936292.7
1993,40,4249943.34
1993,41,3710191.78
1993,42,3763533.31
1993,43,3645170.11
1993,44,3506119.92
1993,45,3734771.32
1993,46,3530725.12
1993,47,2914230.49
1993,48,2674245.12
1993,49,2933006.8
1993,50,3108989.91
1993,51,2497237.3
1993,52,2514632.61
1993,53,2249942.61
1993,54,2344725.19
1993,55,2329381.31
1993,56,2122114.7
1993,57,2185443.36
1993,58,2171510.3
1993,59,1909877.86
1993,60,2168705.3
1993,61,2117423.87
1993,62,2070172.05
1993,63,2030123.38
1993,64,2142520.6
1993,65,2074540.07
1993,66,1959452.13
1993,67,2007994.26
1993,68,1943884.73
1993,69,1846317.59
1993,70,1909041.09
1993,71,1880511.4
1993,72,1707050.78
1993,73,1568333.82
1993,74,1465227.19
1993,75,1433871.78
1993,76,1227266.46
1993,77,1181561.35
1993,78,1145752.26
1993,79,980028.29
1993,80,943893.15
1993,81,861337.59
1993,82,847832.63
1993,83,730744.53
1993,84,565274.31
1993,85,497166.89
1994,0,3979036.3
1994,1,4146735.58
1994,2,4079663.03
1994,3,4156643.33
1994,4,4095929.86
1994,5,3990391.84
1994,6,3894083.11
1994,7,3884210
1994,8,3689435.15
1994,9,3910025.44
1994,10,3975261.56
1994,11,3814551.11
1994,12,3745529.96
1994,13,3856272.65
1994,14,3764957.73
1994,15,3603838.29
1994,16,3580070.73
1994,17,3599640.24
1994,18,3415377.51
1994,19,3500484.41
1994,20,3468331.11
1994,21,3453493.7
1994,22,3688124.67
1994,23,4085719.82
1994,24,3863134.55
1994,25,3884835.94
1994,26,3676312.1
1994,27,3892458.97
1994,28,4126509.33
1994,29,4045595.97
1994,30,4402029.15
1994,31,4425832.34
1994,32,4400214.61
1994,33,4566955.1
1994,34,4524902.87
1994,35,4524961.75
1994,36,4538097.03
1994,37,4447168.97
1994,38,4345474.96
1994,39,4114695.97
1994,40,4038827.86
1994,41,4105559.31
1994,42,3931571.53
1994,43,3810258.87
1994,44,3670926.91
1994,45,3665393.4
1994,46,3735773.29
1994,47,3517172.26
1994,48,2850259
1994,49,2793250.99
1994,50,2903297.41
1994,51,2936483.69
1994,52,2453422.33
1994,53,2434491.54
1994,54,2232175.74
1994,55,2288157.31
1994,56,2204931.98
1994,57,2004854.2
1994,58,2182321.69
1994,59,2051980.04
1994,60,1960070.88
1994,61,2038464.59
1994,62,1943051.9
1994,63,1996374.39
1994,64,2067254.42
1994,65,2055950.17
1994,66,1900334
1994,67,1962942.21
1994,68,1886991.51
1994,69,1790691.97
1994,70,1828031.51
1994,71,1811949.59
1994,72,1725439.4
1994,73,1651610.14
1994,74,1472963.85
1994,75,1348883.88
1994,76,1364967.44
1994,77,1152036.61
1994,78,1123628.26
1994,79,989363.06
1994,80,1002980.39
1994,81,798807.86
1994,82,730244.57
1994,83,740601.75
1994,84,605930.64
1994,85,485951.32
1995,0,3857024.6
1995,1,4026859.78
1995,2,4108373.68
1995,3,4103166.55
1995,4,4204802.53
1995,5,4156966.03
1995,6,3935247.28
1995,7,3980397.03
1995,8,3751839.27
1995,9,3939994.71
1995,10,3818126.49
1995,11,3922268.28
1995,12,3864325.3
1995,13,3843172.91
1995,14,3860183.96
1995,15,3778394.13
1995,16,3653417.41
1995,17,3704095.93
1995,18,3464162.89
1995,19,3551964.08
1995,20,3352752.43
1995,21,3389325.57
1995,22,3524870.67
1995,23,3708408.45
1995,24,4166200.46
1995,25,3923866.38
1995,26,3822809.8
1995,27,3697440.42
1995,28,3979032.03
1995,29,3977137.67
1995,30,4290922.05
1995,31,4417126.76
1995,32,4186919.33
1995,33,4402933.08
1995,34,4690015.98
1995,35,4687094.73
1995,36,4229380.99
1995,37,4535571.45
1995,38,4399545.52
1995,39,4389091.97
1995,40,4201863.07
1995,41,4107102.85
1995,42,4091733.01
1995,43,3854217.06
1995,44,3838848.69
1995,45,3619784.98
1995,46,3647331.36
1995,47,3767318.8
1995,48,3551591.85
1995,49,2731241.22
1995,50,2800892.43
1995,51,2782316.61
1995,52,2857751.54
1995,53,2528518.68
1995,54,2406478.99
1995,55,2393740.77
1995,56,2350823.18
1995,57,2128300.1
1995,58,1959767.03
1995,59,2011242.97
1995,60,1994290.04
1995,61,1871050.95
1995,62,2008969.92
1995,63,1988798.74
1995,64,2048380.67
1995,65,2119451.38
1995,66,1944289.66
1995,67,1893094.22
1995,68,1833849.8
1995,69,1867038.01
1995,70,1766401.06
1995,71,1805792.62
1995,72,1689607.89
1995,73,1724714.15
1995,74,1569963.2
1995,75,1429816.61
1995,76,1305187.46
1995,77,1274952.33
1995,78,1069029.5
1995,79,1043050.21
1995,80,977839.19
1995,81,971670.53
1995,82,813417.13
1995,83,651559.56
1995,84,651390.73
1995,85,568021.27
1996,0,3908613.74
1996,1,4023244.15
1996,2,4004819.22
1996,3,4017455.78
1996,4,4114920.36
1996,5,4296796.05
1996,6,4125325.55
1996,7,3975565.75
1996,8,3817347.96
1996,9,3956081.25
1996,10,3909142.41
1996,11,3941847.88
1996,12,3788755.34
1996,13,3952520.15
1996,14,3857178.03
1996,15,3902546.87
1996,16,3839507.47
1996,17,3716065.12
1996,18,3618390.72
1996,19,3572014.55
1996,20,3561527.93
1996,21,3358762.06
1996,22,3323659.34
1996,23,3650551.61
1996,24,3758411.29
1996,25,4286598.71
1996,26,3803641.19
1996,27,3794313.06
1996,28,3635776.42
1996,29,3941189.14
1996,30,4101015.98
1996,31,4249466.31
1996,32,4432290.65
1996,33,4192851.85
1996,34,4481455.23
1996,35,4741122.49
1996,36,4576115.64
1996,37,4230316.24
1996,38,4567039.66
1996,39,4364825.66
1996,40,4488118.99
1996,41,4246435.85
1996,42,4125191.7
1996,43,3873276.53
1996,44,3865212.13
1996,45,3777608.64
1996,46,3559047.65
1996,47,3559365.88
1996,48,3689318.08
1996,49,3635301
1996,50,2721052.26
1996,51,2573427.4
1996,52,2771448.46
1996,53,2837369.66
1996,54,2460169.6
1996,55,2597075.24
1996,56,2237106.95
1996,57,2220630.62
1996,58,2136989.03
1996,59,2108665.49
1996,60,2096019.8
1996,61,1962083.37
1996,62,1875602.06
1996,63,1899174.04
1996,64,1951017.06
1996,65,2041951.9
1996,66,1993129.18
1996,67,1922263.62
1996,68,1959121.16
1996,69,1829916.84
1996,70,1891982.35
1996,71,1760324.43
1996,72,1715051.36
1996,73,1582873.71
1996,74,1573575.59
1996,75,1648621.5
1996,76,1408878.75
1996,77,1187010.78
1996,78,1191091.92
1996,79,1049732.37
1996,80,991237.84
1996,81,939208.68
1996,82,862573.41
1996,83,731795.64
1996,84,558627.71
1996,85,515374.62
1997,0,3816300.31
1997,1,3957290.68
1997,2,3957842.86
1997,3,3979552.28
1997,4,4070327.49
1997,5,4144051.25
1997,6,4193400.72
1997,7,4102035.84
1997,8,3861969.44
1997,9,3969953.75
1997,10,3951535.45
1997,11,3928985.86
1997,12,3954528.51
1997,13,3731591.99
1997,14,3938432.09
1997,15,3853677.55
1997,16,3907811.57
1997,17,3904947.43
1997,18,3674318.05
1997,19,3823631.79
1997,20,3596523.62
1997,21,3535577.87
1997,22,3291172.57
1997,23,3413338.8
1997,24,3652359.02
1997,25,3769073.3
1997,26,3994179.01
1997,27,3729646.31
1997,28,3881931.94
1997,29,3885118.82
1997,30,4095459.42
1997,31,4006059.89
1997,32,4297608.39
1997,33,4135228.06
1997,34,4461936.8
1997,35,4512999.04
1997,36,4726997.24
1997,37,4519662.32
1997,38,4588806.28
1997,39,4406368.87
1997,40,4524854.65
1997,41,4554716.55
1997,42,4114469.27
1997,43,4134231.71
1997,44,3877003.24
1997,45,3821303.06
1997,46,3691616.2
1997,47,3635104.42
1997,48,3546172.73
1997,49,3659570.23
1997,50,3638457.28
1997,51,2738940.99
1997,52,2686618.09
1997,53,2777478.6
1997,54,2817476.8
1997,55,2568529.15
1997,56,2479440.96
1997,57,2174918.04
1997,58,2248638.15
1997,59,2107214.71
1997,60,2033979.02
1997,61,2060544.44
1997,62,1976052.34
1997,63,2029096.46
1997,64,1796409.31
1997,65,1826376.34
1997,66,1957925.12
1997,67,2007382.14
1997,68,1879358.36
1997,69,1829735.93
1997,70,1863321.49
1997,71,1749141.68
1997,72,1699131.54
1997,73,1663963.04
1997,74,1538854.99
1997,75,1622638.61
1997,76,1499486.22
1997,77,1295927.83
1997,78,1245699.27
1997,79,1079183.15
1997,80,1109879.32
1997,81,815661.76
1997,82,865720.97
1997,83,755593.33
1997,84,663758.59
1997,85,565605.16
1998,0,3884862.47
1998,1,3936181.78
1998,2,3833784.77
1998,3,4027939.69
1998,4,4003610.16
1998,5,4161346.88
1998,6,4101498.09
1998,7,4155073.12
1998,8,3962251.17
1998,9,4073198.52
1998,10,4074966.11
1998,11,3859185.86
1998,12,3925595.2
1998,13,3932467.49
1998,14,3870939.56
1998,15,3943009.14
1998,16,3922439.89
1998,17,4013604.25
1998,18,3809440.4
1998,19,3777911.24
1998,20,3736777.8
1998,21,3492092.73
1998,22,3347545.56
1998,23,3475250.08
1998,24,3561766.29
1998,25,3521248.28
1998,26,3800659.86
1998,27,3968267.74
1998,28,3789659.04
1998,29,3916282.59
1998,30,3974806.06
1998,31,3912637.68
1998,32,3837230.06
1998,33,4246955.57
1998,34,4386609.51
1998,35,4493996.58
1998,36,4503333.28
1998,37,4563906.97
1998,38,4507562.11
1998,39,4621894.53
1998,40,4407310.53
1998,41,4385391.34
1998,42,4561297.79
1998,43,4172773.72
1998,44,4244326.19
1998,45,4012445.58
1998,46,3862325.23
1998,47,3585896.27
1998,48,3716789.48
1998,49,3456357.71
1998,50,3698932.28
1998,51,3393631.44
1998,52,2769555.36
1998,53,2703424.35
1998,54,2858015.33
1998,55,2964173.46
1998,56,2592914.29
1998,57,2325409.52
1998,58,2108232.23
1998,59,2199481.95
1998,60,2147631.31
1998,61,2039516.81
1998,62,2071947.23
1998,63,1977505.08
1998,64,1828302.81
1998,65,1910248.99
1998,66,1796220.68
1998,67,1980365.09
1998,68,1859760.95
1998,69,1814521.46
1998,70,1731529.02
1998,71,1761173.55
1998,72,1659351.33
1998,73,1744360.68
1998,74,1616083.29
1998,75,1533382.93
1998,76,1547551.42
1998,77,1415740.04
1998,78,1210672.43
1998,79,1190744.99
1998,80,964646.03
1998,81,1086788.11
1998,82,804475.45
1998,83,845068.07
1998,84,681615.05
1998,85,549127.86
1999,0,3809449.79
1999,1,3912110.44
1999,2,3881941.19
1999,3,3979728.36
1999,4,4017851.78
1999,5,4063823.02
1999,6,4036115.14
1999,7,4187730.27
1999,8,4082778.78
1999,9,4186330.69
1999,10,3992474.6
1999,11,4089515.95
1999,12,3871173.65
1999,13,4052624.8
1999,14,3903304.88
1999,15,3899105.24
1999,16,4045281.43
1999,17,4010409.4
1999,18,3982315.66
1999,19,3926842.95
1999,20,3639363.25
1999,21,3854691.17
1999,22,3528362.37
1999,23,3412679.66
1999,24,3623232.47
1999,25,3297311.96
1999,26,3670066.51
1999,27,3609993.1
1999,28,4117410.84
1999,29,3943957.29
1999,30,4075949.11
1999,31,3957582.78
1999,32,3698357.29
1999,33,4003188.27
1999,34,4100080.76
1999,35,4660636.48
1999,36,4373708.45
1999,37,4429756.9
1999,38,4567254.3
1999,39,4497918.07
1999,40,4664788.44
1999,41,4507887.15
1999,42,4301991.88
1999,43,4447758.5
1999,44,4292203.08
1999,45,4073720.83
1999,46,3971442.36
1999,47,3712003.4
1999,48,3630249.73
1999,49,3778824.91
1999,50,3563170.15
1999,51,3797242.94
1999,52,3390961.38
1999,53,2602311.33
1999,54,2712243.06
1999,55,2920004.62
1999,56,2808309.84
1999,57,2367703.97
1999,58,2339717.22
1999,59,2165487.9
1999,60,2162605.08
1999,61,2159443.75
1999,62,2052055.47
1999,63,2026134.63
1999,64,1907727.46
1999,65,1801942.16
1999,66,1985497.79
1999,67,1836054.71
1999,68,1921366.8
1999,69,1774872.55
1999,70,1765554.82
1999,71,1756152.53
1999,72,1651930.7
1999,73,1727630.16
1999,74,1622237.08
1999,75,1564307.23
1999,76,1336739.34
1999,77,1495970.25
1999,78,1380880.61
1999,79,1174408.05
1999,80,1137470.49
1999,81,952718.82
1999,82,923753.22
1999,83,807459.36
1999,84,723167.27
1999,85,610704.34
2000,0,3867892.52
2000,1,3960549.34
2000,2,3884136.64
2000,3,3877864.84
2000,4,4016998.76
2000,5,3972509.75
2000,6,4023251.12
2000,7,4059368.86
2000,8,3984308.83
2000,9,4339417.61
2000,10,4313848.38
2000,11,4040505.13
2000,12,3958006.91
2000,13,4018214.28
2000,14,3996957.07
2000,15,3928597.88
2000,16,3994022.73
2000,17,4088093.49
2000,18,4016702.16
2000,19,4074631.98
2000,20,3896097.13
2000,21,3789568.43
2000,22,3639382.32
2000,23,3558574.36
2000,24,3557321.19
2000,25,3511658.6
2000,26,3397757.77
2000,27,3490319.93
2000,28,3723361.53
2000,29,4145183.01
2000,30,3891334.18
2000,31,4008636.38
2000,32,3733591.79
2000,33,3817199.57
2000,34,4066775.82
2000,35,4472276.43
2000,36,4457409.35
2000,37,4493242.22
2000,38,4253803.52
2000,39,4643719.52
2000,40,4629094.21
2000,41,4416194.59
2000,42,4499683.41
2000,43,4472887.42
2000,44,4467004.71
2000,45,4430266.86
2000,46,3913178.15
2000,47,4009746.29
2000,48,3743387.63
2000,49,3651851.22
2000,50,3753359.66
2000,51,3609609.38
2000,52,3579164.73
2000,53,3371464.42
2000,54,2568798.56
2000,55,2773133.01
2000,56,2685245.18
2000,57,2697216.16
2000,58,2338460.88
2000,59,2373649.13
2000,60,2274776.05
2000,61,2108392.16
2000,62,2175822.68
2000,63,1984860.58
2000,64,1975272.18
2000,65,2042794.81
2000,66,1809269.99
2000,67,1876291.38
2000,68,1824292.68
2000,69,1799355.78
2000,70,1848669.99
2000,71,1794686.13
2000,72,1490406.99
2000,73,1637634.97
2000,74,1673015.09
2000,75,1652318.91
2000,76,1520689.04
2000,77,1353289.26
2000,78,1458513.79
2000,79,1207101.95
2000,80,1057981.65
2000,81,1007842.55
2000,82,908243.02
2000,83,870967.44
2000,84,648146.02
2000,85,611707.73
2001,0,3906255.66
2001,1,3867836.81
2001,2,3863562.23
2001,3,3813610.48
2001,4,3885572.77
2001,5,3892581.53
2001,6,3953706.39
2001,7,4016931.28
2001,8,4111557.6
2001,9,4239137.68
2001,10,4363392.39
2001,11,4205261.52
2001,12,4076406.58
2001,13,4112570.83
2001,14,4017284.04
2001,15,4034210.57
2001,16,3933499.18
2001,17,4020671.05
2001,18,4007093.35
2001,19,3931340.69
2001,20,3918295.19
2001,21,3777519.76
2001,22,3661747.72
2001,23,3702264.75
2001,24,3816335.14
2001,25,3692945.91
2001,26,3631235.66
2001,27,3617858
2001,28,3672914.37
2001,29,3931602.4
2001,30,4386633.51
2001,31,4051045.84
2001,32,4013734.38
2001,33,3763621.01
2001,34,4103777.44
2001,35,4238057.69
2001,36,4490134.76
2001,37,4473607.68
2001,38,4440263.12
2001,39,4401996.53
2001,40,4680809.05
2001,41,4423776.12
2001,42,4425964.37
2001,43,4521559.56
2001,44,4470109.77
2001,45,4387462.52
2001,46,4384263.94
2001,47,3914626.06
2001,48,3906411.8
2001,49,3843040.15
2001,50,3784831.87
2001,51,3710087.08
2001,52,3639758.59
2001,53,3587167.92
2001,54,3561908.24
2001,55,2823505.98
2001,56,2847258.84
2001,57,2878043.92
2001,58,2745716.85
2001,59,2440997.37
2001,60,2325877.98
2001,61,2358193.59
2001,62,2165631.66
2001,63,2164034.01
2001,64,1922654.37
2001,65,2129518.65
2001,66,2018847.85
2001,67,1799400.38
2001,68,1762724.27
2001,69,1858164.6
2001,70,1819864.23
2001,71,1778314.8
2001,72,1740673.08
2001,73,1631336.77
2001,74,1579320.12
2001,75,1598737.72
2001,76,1465685.49
2001,77,1554508.96
2001,78,1354344.05
2001,79,1384181.92
2001,80,1202592.14
2001,81,961969.09
2001,82,890818.07
2001,83,807904.98
2001,84,843782.29
2001,85,669815.47
2002,0,3915349.72
2002,1,4119486.95
2002,2,3791498.72
2002,3,3856196.63
2002,4,3767171.54
2002,5,3953507.64
2002,6,3947047.14
2002,7,3986506.39
2002,8,3998650.84
2002,9,4107847.61
2002,10,4229673.51
2002,11,4240734.53
2002,12,4261968.3
2002,13,4142215.08
2002,14,4173141.4
2002,15,4014655.15
2002,16,4062340.9
2002,17,4059587.69
2002,18,3931606.38
2002,19,3976955.76
2002,20,4252565.4
2002,21,3882077.32
2002,22,3675036.61
2002,23,3768254.31
2002,24,3825640.73
2002,25,3667571.33
2002,26,3656799.37
2002,27,3633022.22
2002,28,3551736.16
2002,29,3800446.2
2002,30,4093092.53
2002,31,4210828.02
2002,32,4180681.65
2002,33,3989552.69
2002,34,3886101.99
2002,35,4025767.12
2002,36,4156495.38
2002,37,4468344.15
2002,38,4472697.79
2002,39,4524386.19
2002,40,4658553.11
2002,41,4443860.15
2002,42,4462550.51
2002,43,4509929.69
2002,44,4561297.47
2002,45,4448100.28
2002,46,4321545.63
2002,47,4256833.86
2002,48,4054261.44
2002,49,3907244.5
2002,50,4064768.64
2002,51,3695368.13
2002,52,3651158.48
2002,53,3495820.51
2002,54,3649722.65
2002,55,3474843.45
2002,56,2892032.88
2002,57,2705200.67
2002,58,2811526.03
2002,59,2782941.63
2002,60,2456340.12
2002,61,2214246.44
2002,62,2313251
2002,63,2132348.59
2002,64,2090709.13
2002,65,2113452.44
2002,66,2049787.52
2002,67,1893662.7
2002,68,1830256.58
2002,69,1835792.14
2002,70,1749557.59
2002,71,1792873.74
2002,72,1605017.91
2002,73,1578684.82
2002,74,1650178.51
2002,75,1581000.94
2002,76,1442565.84
2002,77,1679277.87
2002,78,1479679.49
2002,79,1246375.85
2002,80,8242112.87
2002,81,0
2002,82,0
2002,83,0
2002,84,0
2002,85,0
2003,0,3377302.82
2003,1,3859678.89
2003,2,4305641.38
2003,3,4116254.5
2003,4,4126902.99
2003,5,3872550.75
2003,6,3879108.77
2003,7,3989247.8
2003,8,3863984.24
2003,9,4103235.05
2003,10,4209427.25
2003,11,4216757.98
2003,12,4339251.46
2003,13,4297443.79
2003,14,4126830.29
2003,15,4108912.2
2003,16,4251718.24
2003,17,4267590.35
2003,18,3964457.52
2003,19,3589297.41
2003,20,4211379.49
2003,21,3940894.78
2003,22,4038817.11
2003,23,3733273.88
2003,24,3960082.11
2003,25,3696176.27
2003,26,3793745.64
2003,27,3765975.52
2003,28,3702931.37
2003,29,3762506.14
2003,30,3883870.35
2003,31,4112180.61
2003,32,4269862.31
2003,33,4227288.53
2003,34,4028260.37
2003,35,4142469.22
2003,36,4018603.3
2003,37,4153821.28
2003,38,4475905
2003,39,4493255.74
2003,40,4753720.3
2003,41,4365464.65
2003,42,4575230.77
2003,43,4503681.81
2003,44,4591500.38
2003,45,4513951.05
2003,46,4420571.26
2003,47,4232658.41
2003,48,4130993.83
2003,49,4121549.06
2003,50,4177263.04
2003,51,3669078.64
2003,52,3724758.1
2003,53,3706315.19
2003,54,3536697.81
2003,55,3634419
2003,56,3541776.01
2003,57,2806279.87
2003,58,2827986.22
2003,59,2659104.16
2003,60,2795317.37
2003,61,2298157.75
2003,62,2421936.46
2003,63,2221313.41
2003,64,2192968.84
2003,65,2121851.83
2003,66,1937366.9
2003,67,1868900.96
2003,68,1855293.61
2003,69,1654964.97
2003,70,1831894.82
2003,71,1697491.98
2003,72,1870901.62
2003,73,1600867.18
2003,74,1671613.16
2003,75,1707786.01
2003,76,1494656.95
2003,77,1403233.63
2003,78,1481604.83
2003,79,1394972.56
2003,80,8640422.79
2003,81,0
2003,82,0
2003,83,0
2003,84,0
2003,85,0
2004,0,3539511.14
2004,1,3917641.63
2004,2,3993565.35
2004,3,4314261.18
2004,4,4166712.64
2004,5,3901894.19
2004,6,3901903.71
2004,7,3911374.47
2004,8,3980267.73
2004,9,3950870.16
2004,10,3949752.97
2004,11,4226942.48
2004,12,4321756.42
2004,13,4290393.95
2004,14,4329617.76
2004,15,4162640.5
2004,16,4461541.51
2004,17,4259792.46
2004,18,4026553.95
2004,19,3458082.94
2004,20,4107933.66
2004,21,4190784.88
2004,22,4092345.8
2004,23,4041316
2004,24,3906565.06
2004,25,3916868.04
2004,26,3790059.38
2004,27,3717052.18
2004,28,3796053.27
2004,29,3787852.66
2004,30,3913621.72
2004,31,3703566.41
2004,32,4015037.36
2004,33,4363711.32
2004,34,4197115.51
2004,35,4311043.38
2004,36,3969147.42
2004,37,4049536.75
2004,38,4126116.52
2004,39,4335580.22
2004,40,4662214.96
2004,41,4710618.07
2004,42,4332055.38
2004,43,4575317.22
2004,44,4501593.52
2004,45,4591390.68
2004,46,4491370.61
2004,47,4398566.79
2004,48,4130602.16
2004,49,4210739.91
2004,50,4269731.88
2004,51,4060527.25
2004,52,3635689.72
2004,53,3653953
2004,54,3625820.61
2004,55,3612260.11
2004,56,3488769.31
2004,57,3516248.29
2004,58,2844591.3
2004,59,2696205.59
2004,60,2708930.34
2004,61,2745220.17
2004,62,2309739.92
2004,63,2324613.81
2004,64,2128051.45
2004,65,2431242.49
2004,66,2113317.21
2004,67,1753734.69
2004,68,1794627.85
2004,69,1725650.42
2004,70,1640408.01
2004,71,1852280.82
2004,72,1528478.75
2004,73,1799160.97
2004,74,1599417.57
2004,75,1580571.27
2004,76,1684248.15
2004,77,1678201.49
2004,78,1486743.03
2004,79,1201062.18
2004,80,5219568.02
2004,81,0
2004,82,0
2004,83,0
2004,84,0
2004,85,3570545.31
2005,0,4017851.7
2005,1,4151234.71
2005,2,3995387.58
2005,3,4016418.8
2005,4,4081388.57
2005,5,3865156.2
2005,6,3910927.25
2005,7,3839772.22
2005,8,3886021.83
2005,9,4044075.3
2005,10,4012270.24
2005,11,4140434.87
2005,12,4240370.62
2005,13,4204002.7
2005,14,4324364.63
2005,15,4320504.13
2005,16,4407319.17
2005,17,4333567.45
2005,18,3974546.13
2005,19,3626281.97
2005,20,4105276.71
2005,21,3994235.41
2005,22,4149097.67
2005,23,4004837.4
2005,24,4154218.91
2005,25,4100891.96
2005,26,3804090.64
2005,27,3864528.3
2005,28,3813702.23
2005,29,3918189.02
2005,30,3773900.95
2005,31,3744086.74
2005,32,3792932.04
2005,33,4067857.05
2005,34,4430074.04
2005,35,4307203.95
2005,36,4031431.36
2005,37,4006614.27
2005,38,4162308.27
2005,39,4143706.21
2005,40,4727817.8
2005,41,4438293.44
2005,42,4513029.11
2005,43,4404295.5
2005,44,4615953.71
2005,45,4771732.85
2005,46,4291244.23
2005,47,4568748.16
2005,48,4324971.26
2005,49,4278137.39
2005,50,4435248.77
2005,51,4020172.24
2005,52,3943203.94
2005,53,3561474.54
2005,54,3765592.92
2005,55,3568703.71
2005,56,3460373.81
2005,57,3566670.17
2005,58,3378910.88
2005,59,2796557.76
2005,60,2812092.25
2005,61,2637862.08
2005,62,2722080.71
2005,63,2325679.68
2005,64,2266813.23
2005,65,2389516.08
2005,66,2078318.56
2005,67,1976411.1
2005,68,1846589.24
2005,69,1839037.95
2005,70,1665058.19
2005,71,1694075.41
2005,72,1677692.17
2005,73,1586622.75
2005,74,1636442.45
2005,75,1621425.72
2005,76,1545512.09
2005,77,1702520.61
2005,78,1423708.57
2005,79,1292557.87
2005,80,5392190.44
2005,81,0
2005,82,0
2005,83,0
2005,84,0
2005,85,3841779.46
2006,0,4052948.63
2006,1,4172679.8
2006,2,4041962.17
2006,3,4020865.34
2006,4,4074693.93
2006,5,4036660.39
2006,6,3866049.77
2006,7,3927078.17
2006,8,3880639.63
2006,9,3915988.55
2006,10,4128316.75
2006,11,3953414.08
2006,12,4077692.97
2006,13,4240454.77
2006,14,4251181.65
2006,15,4331795.61
2006,16,4745004.4
2006,17,4267490
2006,18,3924756.39
2006,19,3647155.36
2006,20,4001476.7
2006,21,4107930.48
2006,22,4024549.3
2006,23,4086842.05
2006,24,4172479.15
2006,25,4381134.29
2006,26,4152888.85
2006,27,3761612.6
2006,28,3944632.95
2006,29,3897530.05
2006,30,4055518.39
2006,31,3768482.72
2006,32,3675607.4
2006,33,3878373.69
2006,34,3964663.88
2006,35,4511844.53
2006,36,4119279.94
2006,37,4008302.02
2006,38,4099403.95
2006,39,4032476.48
2006,40,4526315.89
2006,41,4344812.37
2006,42,4517732.64
2006,43,4620913.3
2006,44,4340158.67
2006,45,4757614.79
2006,46,4502545.04
2006,47,4460034.45
2006,48,4511184.01
2006,49,4286681.66
2006,50,4391173.52
2006,51,4304508.09
2006,52,4010240.37
2006,53,3867765.85
2006,54,3705384.06
2006,55,3708082.35
2006,56,3614763.92
2006,57,3504409.9
2006,58,3615126.39
2006,59,3384916.45
2006,60,2748902.13
2006,61,2721094.43
2006,62,2595390.11
2006,63,2688840.58
2006,64,2399118.29
2006,65,2390214.13
2006,66,2342004.18
2006,67,1763408.61
2006,68,1863984.68
2006,69,1871182.19
2006,70,1897559.22
2006,71,1696411.27
2006,72,1700791.3
2006,73,1491075.9
2006,74,1537202.18
2006,75,1655451.74
2006,76,1557911.3
2006,77,1650979.31
2006,78,1534797.51
2006,79,1244687.71
2006,80,5318147.2
2006,81,0
2006,82,0
2006,83,0
2006,84,0
2006,85,3988982.49
2007,0,4074648.7
2007,1,4204123.73
2007,2,4014176.31
2007,3,4181519.45
2007,4,4055636.73
2007,5,4027454.66
2007,6,4069529.07
2007,7,3910474.29
2007,8,3963301.37
2007,9,3859466.48
2007,10,4003698.74
2007,11,3982214.65
2007,12,4127170.79
2007,13,4073834.53
2007,14,4257102.98
2007,15,4219593.61
2007,16,4554572.57
2007,17,4522901.56
2007,18,4105095.83
2007,19,3767621.81
2007,20,4102774.1
2007,21,4192714.98
2007,22,3960461.08
2007,23,4029757.02
2007,24,4246220.24
2007,25,4263504.82
2007,26,4282405.8
2007,27,4191200.17
2007,28,3890050.96
2007,29,4038556.87
2007,30,4050677.05
2007,31,3875848.45
2007,32,3881781.38
2007,33,3615452.04
2007,34,3778222.58
2007,35,4161142.18
2007,36,4462079.43
2007,37,4189118.42
2007,38,4023483.74
2007,39,4070908.3
2007,40,4258702.7
2007,41,4299924.66
2007,42,4387429.54
2007,43,4462609.49
2007,44,4447022.75
2007,45,4512189.16
2007,46,4686792.64
2007,47,4468464.71
2007,48,4476567.72
2007,49,4498688.45
2007,50,4548222.25
2007,51,4240595.46
2007,52,4122583.3
2007,53,3988936
2007,54,3918386.55
2007,55,3829712.87
2007,56,3773845.29
2007,57,3700337.92
2007,58,3445468.54
2007,59,3471850.94
2007,60,3475887.02
2007,61,2617217.89
2007,62,2573306.47
2007,63,2498829.91
2007,64,2804891.03
2007,65,2480269.24
2007,66,2208142.2
2007,67,2089609.53
2007,68,1863329.93
2007,69,1987260.96
2007,70,1794120.38
2007,71,1749555.27
2007,72,1685269.44
2007,73,1585885.18
2007,74,1554422.28
2007,75,1560316.27
2007,76,1546139.77
2007,77,1743626.72
2007,78,1504116.81
2007,79,1212439.19
2007,80,5512506.55
2007,81,0
2007,82,0
2007,83,0
2007,84,0
2007,85,3958032.02
2008,0,4254217.78
2008,1,4279879.32
2008,2,4117529.64
2008,3,4076152.61
2008,4,4174333.82
2008,5,4041782.99
2008,6,3986476.47
2008,7,4165569.03
2008,8,3892171.3
2008,9,3932402.55
2008,10,3916052.56
2008,11,3927406.77
2008,12,4035091.82
2008,13,4085660.89
2008,14,4073481.6
2008,15,4262528.29
2008,16,4550044.59
2008,17,4631957.45
2008,18,4248596.41
2008,19,3620859.97
2008,20,4046687.65
2008,21,4052413.63
2008,22,4204859.26
2008,23,4284570.86
2008,24,3940038.06
2008,25,4245297.89
2008,26,4214409.07
2008,27,4368125.98
2008,28,4221255.37
2008,29,4008284.46
2008,30,4040152.24
2008,31,3835671.93
2008,32,3655514.51
2008,33,3927200.72
2008,34,3630137.15
2008,35,3883308.58
2008,36,4129119.24
2008,37,4372032.4
2008,38,4268067.7
2008,39,4080527.58
2008,40,4140923.57
2008,41,4065958.39
2008,42,4086479.66
2008,43,4563687.98
2008,44,4541926.98
2008,45,4594550.22
2008,46,4567506.58
2008,47,4664214.95
2008,48,4489012.25
2008,49,4385854.88
2008,50,4539518.76
2008,51,4295634.9
2008,52,4209086.1
2008,53,4275683.94
2008,54,3914002.03
2008,55,3835171.6
2008,56,3638075.27
2008,57,3698943.68
2008,58,3712258.68
2008,59,3486375.08
2008,60,3592956.88
2008,61,3348172.84
2008,62,2713925.81
2008,63,2635358.43
2008,64,2640734.13
2008,65,2739063.46
2008,66,2303939.02
2008,67,2119106.54
2008,68,1986961.8
2008,69,2016358.99
2008,70,1841223.28
2008,71,1673245.17
2008,72,1735493.74
2008,73,1628270.13
2008,74,1544523.63
2008,75,1582436.44
2008,76,1474451.17
2008,77,1541422.57
2008,78,1529364.4
2008,79,1225561.32
2008,80,5559485.14
2008,81,0
2008,82,0
2008,83,0
2008,84,0
2008,85,4288928.83
2009,0,4300937.96
2009,1,4345399.14
2009,2,4206091.31
2009,3,4193298.35
2009,4,4141180.32
2009,5,4085947.62
2009,6,4044919.65
2009,7,4125913.47
2009,8,4046625.58
2009,9,3941576.68
2009,10,3959193.1
2009,11,3883007.57
2009,12,4011320.42
2009,13,3983968.34
2009,14,4069587.66
2009,15,4119620.11
2009,16,4680808.54
2009,17,4370264.29
2009,18,4173148.64
2009,19,3882877.61
2009,20,4053843.32
2009,21,4044497.04
2009,22,4206501.53
2009,23,4044861.26
2009,24,4282768.25
2009,25,4249193.58
2009,26,4222246.72
2009,27,4251970.08
2009,28,4344402.38
2009,29,4187812.13
2009,30,4044358.87
2009,31,3925659.28
2009,32,3819068.58
2009,33,3636057.04
2009,34,3839093.16
2009,35,3809530.85
2009,36,3840832.14
2009,37,4125170.35
2009,38,4372423.15
2009,39,4296598.82
2009,40,4263661.85
2009,41,3974522.43
2009,42,3997534.1
2009,43,4235363.78
2009,44,4406285.51
2009,45,4496512.39
2009,46,4495730.97
2009,47,4503267.54
2009,48,4633850.82
2009,49,4582560.14
2009,50,4430950.25
2009,51,4385260.21
2009,52,4269138.15
2009,53,4282071.66
2009,54,4286596.75
2009,55,4071029.44
2009,56,3805600.22
2009,57,3765616.08
2009,58,3604514.12
2009,59,3508024.22
2009,60,3583829.87
2009,61,3457590.15
2009,62,3249731.73
2009,63,2683535.15
2009,64,2559740.97
2009,65,2739914.68
2009,66,2543223.23
2009,67,2341520.26
2009,68,2180536.15
2009,69,2019838.87
2009,70,1880649.87
2009,71,1738949.23
2009,72,1772067.41
2009,73,1641034.81
2009,74,1546217.69
2009,75,1584720.94
2009,76,1550405.35
2009,77,1562828.35
2009,78,1474137.78
2009,79,1157352.07
2009,80,5676489.63
2009,81,0
2009,82,0
2009,83,0
2009,84,0
2009,85,4377847.21
2010,0,3862259.74
2010,1,4064823.5
2010,2,4051233.18
2010,3,4126996.89
2010,4,4081088.96
2010,5,3992198.51
2010,6,4065708.4
2010,7,4086042.07
2010,8,4042528.37
2010,9,4145256.07
2010,10,4141595.86
2010,11,4138367.17
2010,12,4060913.77
2010,13,4145370.7
2010,14,4167419.96
2010,15,4213059.77
2010,16,4441346.56
2010,17,4727429.4
2010,18,4437347.61
2010,19,4009278.28
2010,20,4324846.86
2010,21,4224570.83
2010,22,4189482.67
2010,23,4066565.54
2010,24,4201347.13
2010,25,4172154.18
2010,26,3948519.34
2010,27,4107190.2
2010,28,4155223.53
2010,29,4326868.47
2010,30,4132041.61
2010,31,3965892.57
2010,32,3758733.06
2010,33,3834876.02
2010,34,3759559.63
2010,35,4008063.65
2010,36,3768087.03
2010,37,3839901.43
2010,38,4079002
2010,39,4237272.93
2010,40,4417320.77
2010,41,4187245.2
2010,42,3893686.96
2010,43,3965524.28
2010,44,4106562.27
2010,45,4553163.71
2010,46,4531090.88
2010,47,4456320.7
2010,48,4482412.97
2010,49,4484892.86
2010,50,4577856.59
2010,51,4440537.75
2010,52,4368040.21
2010,53,4344209.5
2010,54,4473281.11
2010,55,4154782.33
2010,56,3905919.77
2010,57,3868080.03
2010,58,3740357.96
2010,59,3621370.35
2010,60,3593543.01
2010,61,3605920.4
2010,62,3476828.71
2010,63,3366811.14
2010,64,2618923.06
2010,65,2845270.42
2010,66,2532083.7
2010,67,2397263.66
2010,68,2222494.1
2010,69,2234593.92
2010,70,2056801.64
2010,71,1810779.15
2010,72,1759154.82
2010,73,1767179.21
2010,74,1655986.25
2010,75,1533114.78
2010,76,1490870.77
2010,77,1680532
2010,78,1457191.61
2010,79,1208984.98
2010,80,5708203.36
2010,81,0
2010,82,0
2010,83,0
2010,84,0
2010,85,4586047.5
2011,0,3913683.69
2011,1,4034283.61
2011,2,3973575.15
2011,3,4159422.2
2011,4,4101040
2011,5,4162212.87
2011,6,3968744.68
2011,7,4076751.17
2011,8,4082133.7
2011,9,4016890.86
2011,10,4198110.64
2011,11,4130091.35
2011,12,4120579.68
2011,13,4101937.8
2011,14,4140969.33
2011,15,4136274.02
2011,16,4514158.6
2011,17,4464897.98
2011,18,4495679.99
2011,19,3874238.19
2011,20,4343004.18
2011,21,4447563.82
2011,22,4157115.34
2011,23,4353603.24
2011,24,4136605.1
2011,25,4234843.57
2011,26,4411548.91
2011,27,3976765.39
2011,28,3945013.66
2011,29,4196742.84
2011,30,4301251.16
2011,31,4120736.39
2011,32,3965437.23
2011,33,3746193.13
2011,34,3862882.9
2011,35,3871164.82
2011,36,3859989.35
2011,37,3769956.74
2011,38,3888376.17
2011,39,4028342.18
2011,40,4537123.01
2011,41,4346515.99
2011,42,4097991.71
2011,43,3898481.67
2011,44,3854790.79
2011,45,4071029.72
2011,46,4413143.54
2011,47,4487077.06
2011,48,4497421.78
2011,49,4576070.99
2011,50,4650059.98
2011,51,4489359.91
2011,52,4315015.46
2011,53,4337966.88
2011,54,4356341.4
2011,55,4321176
2011,56,4132345.11
2011,57,3976019.33
2011,58,3932345.75
2011,59,3570176.59
2011,60,3804143.11
2011,61,3530090.03
2011,62,3472821.92
2011,63,3432052.61
2011,64,3393987.14
2011,65,2505467.36
2011,66,2678041.49
2011,67,2452222.91
2011,68,2569994.72
2011,69,2162030.87
2011,70,2184058.02
2011,71,1912457.68
2011,72,1859026.11
2011,73,1750509.24
2011,74,1713868.79
2011,75,1642686.34
2011,76,1451285.53
2011,77,1331285.66
2011,78,1419631.8
2011,79,1329697.04
2011,80,5792384.07
2011,81,0
2011,82,0
2011,83,0
2011,84,0
2011,85,5022204.3
2012,0,3903110.48
2012,1,4104966
2012,2,3930743.67
2012,3,4014385.43
2012,4,4156561.78
2012,5,4189228.66
2012,6,4083077.83
2012,7,4015136.9
2012,8,4098983.25
2012,9,4029770.18
2012,10,4085893.02
2012,11,4156193.81
2012,12,4157788.38
2012,13,4137776.07
2012,14,4067162.08
2012,15,4158435.55
2012,16,4570398.78
2012,17,4248248.9
2012,18,4276028.92
2012,19,3985669.83
2012,20,4494539.79
2012,21,4519251.3
2012,22,4334916.55
2012,23,4313772.07
2012,24,4215766.62
2012,25,4045472.96
2012,26,4392991.31
2012,27,4071072.22
2012,28,4177593.95
2012,29,4206240.3
2012,30,4108061.96
2012,31,4222127.18
2012,32,4083254.88
2012,33,3925004.34
2012,34,3987307.76
2012,35,3950458.82
2012,36,3792128.39
2012,37,3713660.23
2012,38,3705365.11
2012,39,3978745.36
2012,40,4022283.37
2012,41,4472368.94
2012,42,4299920.4
2012,43,4061516.41
2012,44,3930940.84
2012,45,4150292.22
2012,46,4067085.66
2012,47,4391077.22
2012,48,4557219.01
2012,49,4417725.1
2012,50,4824366.15
2012,51,4704224.67
2012,52,4384834.92
2012,53,4244244.07
2012,54,4214090.78
2012,55,4475645.11
2012,56,4117145.45
2012,57,4016423.29
2012,58,3978413.57
2012,59,3882661.64
2012,60,3672781.04
2012,61,3671039.79
2012,62,3348335.83
2012,63,3537064.43
2012,64,3271517.53
2012,65,3316772.11
2012,66,2575009.7
2012,67,2484415.9
2012,68,2566043.71
2012,69,2657234.59
2012,70,2329274.4
2012,71,2085121.95
2012,72,1838865.52
2012,73,1814441.59
2012,74,1716129.31
2012,75,1629095.08
2012,76,1595962.17
2012,77,1396610.03
2012,78,1343587.02
2012,79,1366178.6
2012,80,5786119.86
2012,81,0
2012,82,0
2012,83,0
2012,84,0
2012,85,5005889.21
2013,0,3873054.12
2013,1,4025460.14
2013,2,3973737.27
2013,3,4009401.58
2013,4,4035414.41
2013,5,4135917.7
2013,6,4198770.21
2013,7,4023020.97
2013,8,4087250.17
2013,9,4091187.95
2013,10,4049934.13
2013,11,4088219.11
2013,12,4155908.17
2013,13,4208103.94
2013,14,4137911.02
2013,15,4110817.36
2013,16,4381192.14
2013,17,4601834.78
2013,18,3989456.42
2013,19,3886991.82
2013,20,4259109.14
2013,21,4497261.68
2013,22,4631654.37
2013,23,4448984.71
2013,24,4316297.05
2013,25,4166263.13
2013,26,4133082.65
2013,27,4465400.51
2013,28,4214977.19
2013,29,4158577.23
2013,30,4284134.25
2013,31,3978949.76
2013,32,4372764.99
2013,33,4093415.53
2013,34,3929457.8
2013,35,4038839.75
2013,36,3803414.7
2013,37,3931102.18
2013,38,3773378.94
2013,39,3673990.51
2013,40,4044378.22
2013,41,4033870.46
2013,42,4448300.96
2013,43,4130029.38
2013,44,4000141.91
2013,45,4114080.09
2013,46,4109274.18
2013,47,4215357.28
2013,48,4214936.17
2013,49,4406665.72
2013,50,4575096.65
2013,51,4463742.06
2013,52,4450375.95
2013,53,4606286.9
2013,54,4290525.75
2013,55,4332640.33
2013,56,4505538.73
2013,57,4139829.14
2013,58,3996174
2013,59,3905678.27
2013,60,3763560.44
2013,61,3634744.49
2013,62,3486149.37
2013,63,3322738.5
2013,64,3403981.06
2013,65,3498677.87
2013,66,3374402.72
2013,67,2732404.16
2013,68,2394483.42
2013,69,2437522.11
2013,70,2463439.1
2013,71,2303840.46
2013,72,1913976.27
2013,73,1828641.53
2013,74,1754593.74
2013,75,1581054.31
2013,76,1579518.8
2013,77,1603132.97
2013,78,1524601.23
2013,79,1309244.46
2013,80,5691916.9
2013,81,0
2013,82,0
2013,83,0
2013,84,0
2013,85,5295984.57
2014,0,7556123.36
2014,1,8233866.8
2014,2,7790884.23
2014,3,7917360.73
2014,4,8232083.67
2014,5,8236649.93
2014,6,8135948.24
2014,7,8276126.29
2014,8,8208776.88
2014,9,8185923.54
2014,10,8303143.04
2014,11,8033957.38
2014,12,8259764.01
2014,13,8302340.28
2014,14,8377189.49
2014,15,8286513.24
2014,16,8726775.79
2014,17,8778014.53
2014,18,8262434.52
2014,19,7616947.11
2014,20,8751924.88
2014,21,8449852.18
2014,22,8825764.48
2014,23,9278007.56
2014,24,9266062.67
2014,25,8522509.37
2014,26,9079605.75
2014,27,8613446.51
2014,28,8518265.11
2014,29,8182955.85
2014,30,8405022.7
2014,31,8153706
2014,32,8412223.48
2014,33,8651674.37
2014,34,8350098.29
2014,35,8324852.29
2014,36,7661734.4
2014,37,7446017.47
2014,38,7833405.33
2014,39,7545855.69
2014,40,7857446.03
2014,41,7773041.46
2014,42,8153414.85
2014,43,8728237
2014,44,8248242.21
2014,45,8385824.34
2014,46,7771418.02
2014,47,8172018.88
2014,48,8429851.45
2014,49,8513138.01
2014,50,9183263.26
2014,51,8770030.22
2014,52,8799145.29
2014,53,8996831.55
2014,54,8910289.27
2014,55,8676396.78
2014,56,8945245.93
2014,57,8663383.86
2014,58,8081568.56
2014,59,7891980.12
2014,60,8269882.63
2014,61,7364981.42
2014,62,7245414.85
2014,63,6852882.98
2014,64,6690438.55
2014,65,6476068.42
2014,66,6986193.7
2014,67,6597751.25
2014,68,5314361.61
2014,69,4831889.12
2014,70,5164837.92
2014,71,4654772.48
2014,72,4567572.41
2014,73,3857262.35
2014,74,3586171.3
2014,75,3530147.38
2014,76,2964682.25
2014,77,3034079.83
2014,78,3171876.52
2014,79,2872184.09
2014,80,11269132.18
2014,81,0
2014,82,0
2014,83,0
2014,84,0
2014,85,10591457.76
2015,0,3872501.36
2015,1,4037917.77
2015,2,3941154.7
2015,3,4056175.9
2015,4,3993313.47
2015,5,3993788.18
2015,6,4054790.88
2015,7,4151189.29
2015,8,4134714.92
2015,9,4138157.77
2015,10,4119026.69
2015,11,4100556.75
2015,12,4051088.2
2015,13,4128119.15
2015,14,4207678.19
2015,15,4186624.3
2015,16,4341268.84
2015,17,4411845.38
2015,18,4198690.19
2015,19,3701804.1
2015,20,4281840.82
2015,21,4346347.5
2015,22,4535790.39
2015,23,4283808.62
2015,24,4767351.54
2015,25,4591239.55
2015,26,4337478.02
2015,27,4311287.28
2015,28,4398255.7
2015,29,4228894.28
2015,30,4340061.26
2015,31,4078066.94
2015,32,4296287.12
2015,33,4128837.56
2015,34,4295816.04
2015,35,4487212.23
2015,36,3859754.71
2015,37,3972234.67
2015,38,3787450.74
2015,39,3808880.71
2015,40,3896893.36
2015,41,3849695.22
2015,42,3893845.12
2015,43,3989766.66
2015,44,4373018.44
2015,45,4226755.07
2015,46,4097166.46
2015,47,4050814.3
2015,48,4090413.64
2015,49,4098292.44
2015,50,4623867.45
2015,51,4483521.65
2015,52,4285460.39
2015,53,4311079.28
2015,54,4529029.55
2015,55,4321599.61
2015,56,4267983.74
2015,57,4359295.69
2015,58,4285228.04
2015,59,4184544.61
2015,60,4009502.38
2015,61,4006312.3
2015,62,3786844.61
2015,63,3566457.13
2015,64,3629297.44
2015,65,3494294.13
2015,66,3360809.25
2015,67,3361722.66
2015,68,3188740.69
2015,69,2322605.43
2015,70,2508299.53
2015,71,2365505.9
2015,72,2323222.06
2015,73,2187968.58
2015,74,1824340.39
2015,75,1843202.76
2015,76,1628826.99
2015,77,1627885.12
2015,78,1504926.21
2015,79,1397341.31
2015,80,5479519.6
2015,81,0
2015,82,0
2015,83,0
2015,84,0
2015,85,5574751.69
2016,0,3876774.49
2016,1,4095234.7
2016,2,3972103.03
2016,3,3979738.9
2016,4,3998906.36
2016,5,3908666.02
2016,6,4039712.16
2016,7,4183407.37
2016,8,4187150.86
2016,9,4150328.25
2016,10,4205777.38
2016,11,4045350.42
2016,12,4167424.93
2016,13,4053688.78
2016,14,4100637.53
2016,15,4223093.73
2016,16,4515328.14
2016,17,4358631.99
2016,18,4119936.18
2016,19,3698241.88
2016,20,4535691.92
2016,21,4356409.38
2016,22,4119421.99
2016,23,4420126.87
2016,24,4541496.54
2016,25,4803188.73
2016,26,4578614.01
2016,27,4207804.42
2016,28,4372328.15
2016,29,4471871.45
2016,30,4435595.5
2016,31,4261475.58
2016,32,4200625.04
2016,33,4300878.73
2016,34,4130372.48
2016,35,4324546.92
2016,36,4256514
2016,37,4003646.63
2016,38,3933403.85
2016,39,3869235.47
2016,40,3967053.17
2016,41,3987757.34
2016,42,3807448.64
2016,43,3857172.16
2016,44,3998514.34
2016,45,4479929.35
2016,46,4300424.02
2016,47,4018455.01
2016,48,3881518.27
2016,49,3998403.63
2016,50,4173812.23
2016,51,4405823.54
2016,52,4456737.43
2016,53,4383296.72
2016,54,4467074.26
2016,55,4452326
2016,56,4292491.6
2016,57,4366307.75
2016,58,4332996.19
2016,59,4390824.97
2016,60,4129068.26
2016,61,4096054.48
2016,62,3892996.09
2016,63,3651979.13
2016,64,3530099.23
2016,65,3639590.31
2016,66,3309723.33
2016,67,3172872.15
2016,68,3247960.85
2016,69,3146909.49
2016,70,2536844.29
2016,71,2419108.17
2016,72,2275185.68
2016,73,2269872.87
2016,74,1923865.26
2016,75,1845139.26
2016,76,1784813.01
2016,77,1639720.12
2016,78,1669466.09
2016,79,1481559.36
2016,80,5636804.62
2016,81,0
2016,82,0
2016,83,0
2016,84,0
2016,85,5547110.62
2017,0,3822275.31
2017,1,4134827.9
2017,2,4049689.51
2017,3,3983711.51
2017,4,3963021.12
2017,5,3944514.87
2017,6,4099097.39
2017,7,4053724.19
2017,8,4102620.73
2017,9,4148915.66
2017,10,4193844.9
2017,11,4127227.63
2017,12,4158098.56
2017,13,4104630.79
2017,14,4082734.83
2017,15,4126701.13
2017,16,4509136.88
2017,17,4442238.18
2017,18,4103245.79
2017,19,3709294.32
2017,20,4170211.12
2017,21,4271609.33
2017,22,4403880.48
2017,23,4329346.48
2017,24,4416220.04
2017,25,4514281.99
2017,26,4917106.31
2017,27,4567874.35
2017,28,4314505.57
2017,29,4431105.9
2017,30,4535625.23
2017,31,4413269.66
2017,32,4400920.67
2017,33,3943341.01
2017,34,4212278.01
2017,35,4242895.98
2017,36,4240287.71
2017,37,4234060.16
2017,38,4106707.86
2017,39,3949231.98
2017,40,4006982.05
2017,41,3809599.64
2017,42,3905990.02
2017,43,3775246.82
2017,44,3775355.97
2017,45,4101124.79
2017,46,4354648.7
2017,47,4114610.03
2017,48,4188760.71
2017,49,3902548.92
2017,50,4100034.58
2017,51,4028215.69
2017,52,4432617.25
2017,53,4516152.81
2017,54,4287175.37
2017,55,4521107.77
2017,56,4310035.26
2017,57,4340215.83
2017,58,4290975.37
2017,59,4374655
2017,60,4149886.72
2017,61,3960199.29
2017,62,3929482.73
2017,63,3794581.16
2017,64,3653630.88
2017,65,3545856.22
2017,66,3487368.56
2017,67,3327256.12
2017,68,3183264.97
2017,69,3206704.14
2017,70,3169644.48
2017,71,2433777.67
2017,72,2301617.49
2017,73,2171851.15
2017,74,2384671.04
2017,75,1924664.01
2017,76,1927501.69
2017,77,1686733.19
2017,78,1559141.27
2017,79,1447208.2
2017,80,5644545.85
2017,81,0
2017,82,0
2017,83,0
2017,84,0
2017,85,5872046.56
2018,0,3836767.61
2018,1,4058787.52
2018,2,4009318.27
2018,3,4056609.53
2018,4,3967743.78
2018,5,3983603.8
2018,6,4049039.02
2018,7,4080180.79
2018,8,4017301.35
2018,9,4112709.16
2018,10,4266465.14
2018,11,4117750.33
2018,12,4183687.89
2018,13,4110353.45
2018,14,4133470.71
2018,15,4120525.9
2018,16,4215879.82
2018,17,4642795.62
2018,18,4142632.64
2018,19,3785718.66
2018,20,4315125.12
2018,21,4210669.33
2018,22,4303996.96
2018,23,4375975.89
2018,24,4228532.71
2018,25,4702062.95
2018,26,4525902.99
2018,27,4730328.55
2018,28,4697615.68
2018,29,4503744.1
2018,30,4583958.29
2018,31,4259746.3
2018,32,4471315.91
2018,33,4315273.01
2018,34,4064282.12
2018,35,4201018.57
2018,36,4374276.77
2018,37,4343716.11
2018,38,4394637.61
2018,39,3955187.62
2018,40,3992966.7
2018,41,4013738.27
2018,42,3817629.7
2018,43,3740980.4
2018,44,3825260.32
2018,45,3934696.96
2018,46,4135115.14
2018,47,4305821.36
2018,48,3990611.39
2018,49,4271900.32
2018,50,4026397.13
2018,51,4181668.55
2018,52,4029864.97
2018,53,4427015.56
2018,54,4233697.25
2018,55,4232340.26
2018,56,4310137.02
2018,57,4367144.47
2018,58,4375847.78
2018,59,4336953.33
2018,60,4173142.16
2018,61,4116762.39
2018,62,3971314.08
2018,63,4096437.17
2018,64,3720268.69
2018,65,3774057.18
2018,66,3308062.07
2018,67,3532642.26
2018,68,3222160.05
2018,69,3170452.49
2018,70,3239632.39
2018,71,3217598.56
2018,72,2393613.16
2018,73,2258567.98
2018,74,2250059.71
2018,75,2159361.99
2018,76,1940471.64
2018,77,1881182.64
2018,78,1474702.59
2018,79,1455882.43
2018,80,5646895.39
2018,81,0
2018,82,0
2018,83,0
2018,84,0
2018,85,6154321.38
2019,0,3688674.79
2019,1,4023615.68
2019,2,3937975.82
2019,3,3998954.46
2019,4,4086309.61
2019,5,3997277.85
2019,6,4023807.04
2019,7,4054376.84
2019,8,4076243
2019,9,4060268.59
2019,10,4025554.59
2019,11,4273355.49
2019,12,4249916.68
2019,13,4113659.71
2019,14,4164370.92
2019,15,4132710.11
2019,16,4517862.21
2019,17,4367856.91
2019,18,4227408.54
2019,19,3603236.15
2019,20,4020241.41
2019,21,4304422.48
2019,22,4170206.38
2019,23,4309314.67
2019,24,4449781.9
2019,25,4440218.67
2019,26,4641556.38
2019,27,4646568.37
2019,28,4728016.5
2019,29,4820318.43
2019,30,4382560.74
2019,31,4528477.5
2019,32,4380741.45
2019,33,4351130.31
2019,34,4288847.56
2019,35,4251385.23
2019,36,4378818.94
2019,37,4241732.5
2019,38,4408341.62
2019,39,4162733.93
2019,40,4027771.78
2019,41,3987943.66
2019,42,4015768.07
2019,43,3790592.98
2019,44,3762056.24
2019,45,3774450.2
2019,46,4048648.1
2019,47,4184396.03
2019,48,4254202.05
2019,49,4082814.89
2019,50,4170764.9
2019,51,3916821.22
2019,52,3933922.47
2019,53,4134923.27
2019,54,4198615.85
2019,55,4145140.65
2019,56,4357512.7
2019,57,4062675.68
2019,58,4351603.3
2019,59,4246181.88
2019,60,4201641.14
2019,61,4141647.71
2019,62,4197940.35
2019,63,4104361.91
2019,64,3946771.09
2019,65,3563015.26
2019,66,3637306.35
2019,67,3432008.43
2019,68,3493841.09
2019,69,3229582.55
2019,70,3278266.37
2019,71,3176960.12
2019,72,3106938.41
2019,73,2295755.78
2019,74,2273344.54
2019,75,2312807.04
2019,76,1928162.16
2019,77,1858747.08
2019,78,1761033.45
2019,79,1496584.14
2019,80,6050387.32
2019,81,0
2019,82,0
2019,83,0
2019,84,0
2019,85,5893083.1
2020,0,3598815.6713
2020,1,3910782.3311
2020,2,3915128.0069
2020,3,3948492.5967
2020,4,4030536.3932
2020,5,4018907.9013
2020,6,4022376.886
2020,7,4128562.2188
2020,8,4024368.8634
2020,9,4164854.1376
2020,10,4234794.9822
2020,11,4300767.0175
2020,12,4512527.4091
2020,13,4342549.5911
2020,14,4325519.4524
2020,15,4261700.7571
2020,16,4344476.6016
2020,17,4507590.8141
2020,18,4315821.2656
2020,19,3895319.9666
2020,20,4058730.3053
2020,21,4084648.3543
2020,22,4411002.1051
2020,23,4081385.6008
2020,24,4301195.9427
2020,25,4663780.9767
2020,26,4194617.2176
2020,27,4564024.7775
2020,28,4506202.5151
2020,29,4726890.7921
2020,30,4638037.5708
2020,31,4495502.6635
2020,32,4569030.811
2020,33,4388902.7015
2020,34,4276847.0774
2020,35,4463949.8902
2020,36,4307196.9444
2020,37,4582917.2929
2020,38,4144856.062
2020,39,4515393.9673
2020,40,4357976.6287
2020,41,4101209.2738
2020,42,3890652.4677
2020,43,3992155.5977
2020,44,3878097.9551
2020,45,4030887.6933
2020,46,3859781.7112
2020,47,3931979.8687
2020,48,4060587.2141
2020,49,4401071.5539
2020,50,4241331.1754
2020,51,4180613.4485
2020,52,4044288.5121
2020,53,3963366.9485
2020,54,4113303.0161
2020,55,4256536.2216
2020,56,4320605.9591
2020,57,4368122.9253
2020,58,4044671.7004
2020,59,4350221.632
2020,60,4307589.273
2020,61,4182796.0334
2020,62,4339275.0125
2020,63,4381904.5516
2020,64,3876789.4754
2020,65,3899153.2261
2020,66,3513894.9974
2020,67,3576322.3565
2020,68,3298824.1453
2020,69,3321007.3134
2020,70,3151597.5371
2020,71,3048363.9421
2020,72,3137026.2041
2020,73,2893381.5298
2020,74,2144608.5538
2020,75,2243045.8084
2020,76,2093696.8612
2020,77,1829605.3192
2020,78,1780620.7277
2020,79,1613054.5095
2020,80,6220798.2656
2020,81,0
2020,82,0
2020,83,0
2020,84,0
2020,85,5581280.993
2021,0,3468974.5786
2021,1,3851841.4203
2021,2,3773783.8914
2021,3,3933826.9265
2021,4,3933164.1811
2021,5,3975400.3635
2021,6,4120837.5905
2021,7,4077996.0468
2021,8,4080448.9236
2021,9,4051008.0774
2021,10,4193168.1157
2021,11,4146810.889
2021,12,4436879.512
2021,13,4342303.492
2021,14,4379990.9877
2021,15,4332043.5912
2021,16,4436353.3383
2021,17,4495865.6758
2021,18,4060880.3721
2021,19,3997858.7746
2021,20,4252320.0361
2021,21,4221297.6307
2021,22,4140325.7918
2021,23,4232493.9684
2021,24,4165572.1081
2021,25,4292094.9245
2021,26,4518009.4956
2021,27,4236929.2406
2021,28,4619123.6472
2021,29,4580432.7721
2021,30,4812286.8709
2021,31,4476947.4252
2021,32,4601600.7971
2021,33,4495121.0177
2021,34,4273306.0057
2021,35,4580708.0907
2021,36,4469461.704
2021,37,4264213.711
2021,38,4445868.4616
2021,39,4244449.4197
2021,40,4380119.312
2021,41,4390401.5782
2021,42,4183056.8006
2021,43,3884260.6545
2021,44,3943525.9104
2021,45,3996422.6503
2021,46,3968389.0372
2021,47,3871255.507
2021,48,3858594.05
2021,49,4037212.082
2021,50,4558219.0341
2021,51,4160657.0546
2021,52,4123606.5266
2021,53,3961944.9314
2021,54,3847471.4218
2021,55,4102109.9974
2021,56,4246394.7172
2021,57,4486973.1253
2021,58,4377735.7374
2021,59,4200610.5479
2021,60,4376821.8258
2021,61,4344866.1431
2021,62,4176536.1418
2021,63,4198771.8922
2021,64,4095497.636
2021,65,3713246.7575
2021,66,3861741.5047
2021,67,3594454.9078
2021,68,3477577.1383
2021,69,3401504.6808
2021,70,3177243.6817
2021,71,3022630.6945
2021,72,2955727.5397
2021,73,2847889.1813
2021,74,2659726.517
2021,75,2138792.3657
2021,76,2085684.303
2021,77,1997899.316
2021,78,1818041.4394
2021,79,1622706.8996
2021,80,6262345.1942
2021,81,0
2021,82,0
2021,83,0
2021,84,0
2021,85,5638813.7539
2022,0,3418945.06
2022,1,3708438.22
2022,2,3741879.81
2022,3,3731114.39
2022,4,3939011.74
2022,5,3998268.15
2022,6,4019568.8
2022,7,4101511.02
2022,8,3973694.54
2022,9,4135133.76
2022,10,3999219.94
2022,11,4210964.93
2022,12,4138017.9
2022,13,4412119.32
2022,14,4470627.23
2022,15,4367099.26
2022,16,4586053.43
2022,17,4515253.48
2022,18,4207079.35
2022,19,3738604.02
2022,20,4155472.32
2022,21,4117405.73
2022,22,4009519.47
2022,23,4494190.86
2022,24,4258308.63
2022,25,4271041.4
2022,26,4264262.17
2022,27,4257981.82
2022,28,4379439.27
2022,29,4574021.73
2022,30,4647372.95
2022,31,4699674.51
2022,32,4612888.09
2022,33,4509491.13
2022,34,4366632.99
2022,35,4489118.73
2022,36,4633736.73
2022,37,4361139.9
2022,38,4262965.83
2022,39,4245282.65
2022,40,4275410.07
2022,41,4425217.85
2022,42,4295194.66
2022,43,4388950.94
2022,44,3813281.72
2022,45,4110073.71
2022,46,3871433.72
2022,47,3945928.25
2022,48,3834257.08
2022,49,3668366.02
2022,50,4176355.96
2022,51,4610477.69
2022,52,4091175.41
2022,53,4041050.94
2022,54,3781200.29
2022,55,3847194.72
2022,56,4204064.51
2022,57,4426587.7
2022,58,4340990.91
2022,59,4185041.4
2022,60,4332299.98
2022,61,4372954.79
2022,62,4198034.9
2022,63,4197160.38
2022,64,4073703.29
2022,65,4121936.76
2022,66,3712760.44
2022,67,3727030.6
2022,68,3548944.34
2022,69,3422516.97
2022,70,3084100.83
2022,71,3136767.02
2022,72,2955799.16
2022,73,3040616
2022,74,2953365.67
2022,75,2540766.57
2022,76,2043313.01
2022,77,2048606.03
2022,78,1997780.28
2022,79,1673652.72
2022,80,6388815.12
2022,81,0
2022,82,0
2022,83,0
2022,84,0
2022,85,5796151.72
2023,0,3464721.95
2023,1,3907626.3
2023,2,3553020.82
2023,3,3775116.87
2023,4,3772766.28
2023,5,3854328.05
2023,6,3927026.41
2023,7,4071701.69
2023,8,4015717.7
2023,9,4060600.63
2023,10,3997169.98
2023,11,4084106.97
2023,12,4027023.8
2023,13,4255240.74
2023,14,4334697.49
2023,15,4376569.37
2023,16,4442017.85
2023,17,4580897.39
2023,18,4361185.25
2023,19,3815955.44
2023,20,4423493.68
2023,21,4221096.46
2023,22,4329080.85
2023,23,4820772.72
2023,24,4486168.5
2023,25,4337227.07
2023,26,4239119.65
2023,27,4343682.83
2023,28,4376358.11
2023,29,4491388.89
2023,30,4535456.3
2023,31,4705073.01
2023,32,4567271.38
2023,33,4797971.88
2023,34,4520139.3
2023,35,4576766.24
2023,36,4515385.18
2023,37,4581447.02
2023,38,4378967.34
2023,39,4125722.45
2023,40,4530018.38
2023,41,4310978.52
2023,42,4269732.16
2023,43,4108902.13
2023,44,4088964.93
2023,45,3835114.63
2023,46,3928141.67
2023,47,3980115.2
2023,48,4068577.38
2023,49,3724845.37
2023,50,3847811.23
2023,51,4092678.94
2023,52,4492090.18
2023,53,4201197.45
2023,54,3831370.67
2023,55,3690559.99
2023,56,4015268.55
2023,57,4160816.5
2023,58,4179219.32
2023,59,4333779.73
2023,60,4372411.36
2023,61,4085661.42
2023,62,4252339.22
2023,63,4042331.48
2023,64,4254459.19
2023,65,3994514.26
2023,66,3732337.61
2023,67,3632387.98
2023,68,3622335.04
2023,69,3435017.9
2023,70,3448848.36
2023,71,3165847.09
2023,72,3091598.78
2023,73,2949222.84
2023,74,2943889.47
2023,75,2680926.16
2023,76,2676477.41
2023,77,1894042.38
2023,78,1776986.97
2023,79,1822785.59
2023,80,6970282.39
2023,81,0
2023,82,0
2023,83,0
2023,84,0
2023,85,6046736.42
2024,0,3487958.83
2024,1,3833595.01
2024,2,3650791.18
2024,3,3543599.1
2024,4,3949154.77
2024,5,3814156.96
2024,6,3923362.4
2024,7,4058345.78
2024,8,4104759.74
2024,9,4115785.13
2024,10,3954196.1
2024,11,4232470.05
2024,12,4034343.5
2024,13,4246678.75
2024,14,4285190.99
2024,15,4325019.1
2024,16,4737219.23
2024,17,4472718.14
2024,18,4225752.16
2024,19,4116958.99
2024,20,3953145.96
2024,21,4406009.73
2024,22,4254595.59
2024,23,4377589.21
2024,24,4512879.11
2024,25,4526730.74
2024,26,4030129.42
2024,27,4416042.79
2024,28,4313570.27
2024,29,4330385.06
2024,30,4383875.26
2024,31,4483441.91
2024,32,4760661.08
2024,33,4921624.79
2024,34,4711353.38
2024,35,4559951.23
2024,36,4528245.75
2024,37,4487869.53
2024,38,4533950.68
2024,39,4466546.2
2024,40,4317073.61
2024,41,4377396.92
2024,42,4464580.69
2024,43,4562064.81
2024,44,4023955.89
2024,45,4110340.03
2024,46,4042333.63
2024,47,4043370.34
2024,48,3690595.97
2024,49,3895050.76
2024,50,3798256.65
2024,51,3948423.64
2024,52,4049037.3
2024,53,4283077.9
2024,54,4243176.78
2024,55,4012216.53
2024,56,3712199.78
2024,57,4007764.75
2024,58,4161727.93
2024,59,4161709.9
2024,60,4265103
2024,61,4368069.81
2024,62,4131194.12
2024,63,4219594.67
2024,64,4178891.06
2024,65,4021422.7
2024,66,3889163.26
2024,67,3853072.38
2024,68,3738904.49
2024,69,3676891.86
2024,70,3331069.98
2024,71,3239973.16
2024,72,3193441.76
2024,73,2961065.28
2024,74,2912684.09
2024,75,2741536.84
2024,76,2570503.02
2024,77,2571636.46
2024,78,1840380.9
2024,79,1725688.62
2024,80,7128550.62
2024,81,0
2024,82,0
2024,83,0
2024,84,0
2024,85,5848639.59
