"date","geo_level","sandwich_population","sandwich_population_proportion","sandwich_time_total","sandwich_time_median"
2015-01-01,"state01",58067.4997233019,0.0154407182380407,473198.526608394,504
2015-01-01,"state02",32774.6004980915,0.0908888966102293,162944.756068948,278
2015-01-01,"state04",122732.871857932,0.0264497038091702,1017662.36940225,463
2015-01-01,"state05",56720.0846054778,0.0243429000192658,490423.871008309,485
2015-01-01,"state06",696877.317353281,0.0256928319067543,6320061.01053247,525
2015-01-01,"state08",111354.955396905,0.0253386123309179,988532.257242207,638
2015-01-01,"state09",30974.941065811,0.0115499501886314,265339.532301683,530
2015-01-01,"state10",7480.83906675178,0.0104388718583883,122158.412422177,890
2015-01-01,"state11",15468.3542491085,0.0290830242964315,95983.7388653087,410
2015-01-01,"state12",300157.91165835,0.0209829940356866,2542555.43681621,469
2015-01-01,"state13",212300.522671484,0.0294991041314442,1661784.88640853,400
2015-01-01,"state15",9264.76554985425,0.0144630337398504,78213.1969124703,497
2015-01-01,"state16",22474.7269445951,0.016179960914047,286873.052620273,794
2015-01-01,"state17",328399.852905384,0.0315559460543716,2892227.78458877,503
2015-01-01,"state18",144890.240005554,0.0247533491519181,1328744.28968074,489
2015-01-01,"state19",59885.9249656619,0.0198895299400102,528753.435057454,538
2015-01-01,"state20",78251.6112295896,0.0313639195086077,597223.668279838,440
2015-01-01,"state21",133761.412799296,0.032916676795966,1076330.2583545,500
2015-01-01,"state22",90175.3616302373,0.0284217619984304,675706.152530695,436
2015-01-01,"state23",14853.569504377,0.0138867054915236,109329.990763733,447
2015-01-01,"state24",96415.5954677441,0.0189448759701196,936777.601327561,630
2015-01-01,"state25",119576.746308767,0.021929612512803,1023628.05962861,527
2015-01-01,"state26",270876.68716862,0.0308677263554955,2015763.77833691,409
2015-01-01,"state27",111546.09264777,0.021175865522851,1033398.00786285,439
2015-01-01,"state28",36901.1905267956,0.0169498638453591,319449.349482552,582
2015-01-01,"state29",122970.195826141,0.0242216565806214,954486.172047112,390
2015-01-01,"state30",16580.5063686707,0.018421806710671,100761.951512184,230
2015-01-01,"state31",31070.9856329375,0.0189511957744071,233030.056732966,389
2015-01-01,"state32",36447.8292984148,0.0156117897902871,406000.427169546,800
2015-01-01,"state33",22944.0387231304,0.0204091533362382,118503.941774242,277
2015-01-01,"state34",146928.784119598,0.0208397854916474,1488984.13224272,615
2015-01-01,"state35",40938.5023396975,0.0298519443321751,383011.211262942,425
2015-01-01,"state36",358274.44402003,0.025366010342503,2996507.57381751,520
2015-01-01,"state37",192879.783689777,0.0244148280135836,1720330.15015149,505
2015-01-01,"state38",23103.8801195885,0.0421639395418363,147696.241697417,260
2015-01-01,"state39",192995.998766504,0.0207757281546954,1719096.29485478,485
2015-01-01,"state40",108611.047823374,0.0377796244261004,1224541.03117817,630
2015-01-01,"state41",110692.935594326,0.0305084630081789,881248.465905382,374
2015-01-01,"state42",238178.496328173,0.0207453215528729,2168277.44402942,520
2015-01-01,"state44",30515.1289754438,0.0344765224296372,201394.338301225,302
2015-01-01,"state45",107371.389699058,0.0300787485356726,1030997.20904497,451
2015-01-01,"state46",43972.1690987584,0.0637948575567116,472946.219830287,801
2015-01-01,"state47",116104.385384452,0.0229827529046007,867880.825698598,500
2015-01-01,"state48",633299.461112611,0.031137778839673,5802085.53082854,534
2015-01-01,"state49",103085.69094858,0.0403170782537351,1023886.48572071,730
2015-01-01,"state50",18687.5998326679,0.040137323480264,167568.288483624,615
2015-01-01,"state51",120206.976725353,0.0172745054429559,973720.720331748,445
2015-01-01,"state53",134204.4119436,0.023956869985056,1470439.06036757,705
2015-01-01,"state54",33128.8619228449,0.0205162774601581,335779.99752391,547
2015-01-01,"state55",98968.8513435321,0.0185435351065869,894712.64547573,573
2015-01-01,"state56",18344.3354792904,0.0450277351694844,197739.95293435,512
2016-01-01,"state01",67167.8451952269,0.0172139676050922,503166.0515094,435
2016-01-01,"state02",28131.7401143211,0.0645633111909287,130635.331562203,200
2016-01-01,"state04",121396.467401961,0.0256302482375285,992580.12408246,463
2016-01-01,"state05",51814.569542103,0.022141873166832,532720.123500328,485
2016-01-01,"state06",620377.429539301,0.0230497955923513,5626835.93563369,525
2016-01-01,"state08",123187.830686446,0.0282507665993748,1166652.00588328,726
2016-01-01,"state09",52087.4374296625,0.0186388468989002,373422.638531586,375
2016-01-01,"state10",7480.83906675178,0.0111850219766934,122158.412422177,890
2016-01-01,"state11",15468.3542491085,0.0253379959502328,95983.7388653087,410
2016-01-01,"state12",380247.183317742,0.026326229962809,3333910.77678659,471
2016-01-01,"state13",244870.228687558,0.0328832371703895,1891017.99471426,446
2016-01-01,"state15",13972.7235639611,0.0210200021382231,105676.285328094,497
2016-01-01,"state16",33353.7388995885,0.0247121151294487,329963.176045371,646
2016-01-01,"state17",352802.298251117,0.0321272663400041,3152210.38058443,559
2016-01-01,"state18",136592.67737341,0.0226222952626836,1190150.72353827,455
2016-01-01,"state19",46648.1970606104,0.0160961887942141,457318.690614835,682
2016-01-01,"state20",55373.7084748411,0.0214490961909748,314170.291037931,225
2016-01-01,"state21",116253.875998578,0.0284674135952706,965301.298386606,560
2016-01-01,"state22",81204.6100568811,0.0247849958093457,623968.891267714,440
2016-01-01,"state23",14936.6035152964,0.013954409587818,140947.410747037,604
2016-01-01,"state24",83590.9690800899,0.016264238188418,820782.068845308,635
2016-01-01,"state25",128045.60558194,0.0240051591431351,981279.577050709,422
2016-01-01,"state26",293086.920035554,0.032499442349674,2190110.77653602,409
2016-01-01,"state27",134045.37476079,0.025075296383323,1241993.04707811,500
2016-01-01,"state28",59191.4511875869,0.0246883941184837,484374.405597843,500
2016-01-01,"state29",123562.766109163,0.0248271823459212,988993.644516363,446
2016-01-01,"state30",17409.529129451,0.0195750797209132,122536.070617876,230
2016-01-01,"state31",40030.4936275326,0.0244448665734083,227971.439648712,192
2016-01-01,"state32",37817.5461526822,0.0170264862321968,412327.138631083,690
2016-01-01,"state33",40909.0030666137,0.0376224629662073,103230.640056111,60
2016-01-01,"state34",142794.240607362,0.019467875672088,1416395.04593657,615
2016-01-01,"state35",47532.1732673211,0.0322426309433653,498955.113562781,585
2016-01-01,"state36",332513.107642118,0.0236111527054132,3006880.32435884,620
2016-01-01,"state37",200043.144628124,0.0253634011577389,1720979.48362547,468
2016-01-01,"state38",25487.9184130663,0.0395786908393115,145728.747506498,260
2016-01-01,"state39",212719.956297022,0.0229291114136736,1730551.92382652,460
2016-01-01,"state40",108332.604297373,0.0372965262658426,1255849.22968293,725
2016-01-01,"state41",117269.961019545,0.0326418149921847,1021222.71159447,578
2016-01-01,"state42",204578.535515028,0.0179000233408839,1809322.60790139,495
2016-01-01,"state44",20602.0558478493,0.0226845826945704,159357.591080202,446
2016-01-01,"state45",127878.934412924,0.0353751640705654,1114034.48876208,427
2016-01-01,"state46",21074.4581283847,0.0302946971301158,193652.6195146,620
2016-01-01,"state47",148401.085050951,0.0286094257148414,1003070.97593332,465
2016-01-01,"state48",669671.647632693,0.0319899362975716,6490872.54208068,610
2016-01-01,"state49",117447.256464718,0.0467106749417518,1104251.49856506,564
2016-01-01,"state50",21845.9559241479,0.0435793707067359,236684.982150706,645
2016-01-01,"state51",146108.880675565,0.0202779361056662,1108294.99882281,410
2016-01-01,"state53",114256.183043609,0.0203599310060867,1155793.284616,620
2016-01-01,"state54",52985.5583316356,0.0325041182607557,602111.916335127,811
2016-01-01,"state55",83155.9101453951,0.0159755045110042,738624.406624346,460
2016-01-01,"state56",12033.2705541496,0.0296334183529757,109221.858322775,512
2017-01-01,"state01",121095.933174513,0.0300647104374648,1017083.18201762,504
2017-01-01,"state02",24815.0845775441,0.0500967606243533,117576.678703432,200
2017-01-01,"state04",120114.098080639,0.0249169667657722,1011539.83794021,485
2017-01-01,"state05",52857.2152032219,0.0216337478416173,493944.613608082,472
2017-01-01,"state06",647278.905917607,0.0241765570556554,5661502.06867703,490
2017-01-01,"state08",125355.706029842,0.0290539012408975,1126681.97276175,726
2017-01-01,"state09",50172.3643616214,0.0182642441981767,398010.451457627,453
2017-01-01,"state10",8764.86772744931,0.0134092925970207,134164.080399699,561
2017-01-01,"state11",11746.5641269715,0.0189137518286604,70365.4168579325,410
2017-01-01,"state12",402238.900960963,0.0279824637114457,3726035.79197773,610
2017-01-01,"state13",253049.076985335,0.0339828309959183,2092006.57250468,500
2017-01-01,"state15",9076.87817164274,0.0125607023693085,65122.3659950565,350
2017-01-01,"state16",30821.1989617085,0.022892131508579,274136.196877381,585
2017-01-01,"state17",343423.997710403,0.030816741640939,3169547.29119625,651
2017-01-01,"state18",135403.792071737,0.021594905741286,1166185.88171731,450
2017-01-01,"state19",65077.8552733868,0.0223120577962618,588127.940259836,507
2017-01-01,"state20",62957.0611433852,0.0227420452607716,351889.205717793,211
2017-01-01,"state21",114310.189004978,0.0295623720449376,945385.018063895,557
2017-01-01,"state22",97596.6454959584,0.0296298540903563,704196.444336075,436
2017-01-01,"state23",14936.6035152964,0.0136039937532292,140947.410747037,604
2017-01-01,"state24",83177.4365270844,0.01623799579315,817023.043672487,702
2017-01-01,"state25",119072.880031126,0.0232243229989999,901733.544648609,422
2017-01-01,"state26",285963.53125182,0.0321761091452641,2282888.62272148,425
2017-01-01,"state27",143938.565030325,0.0274141948506142,1465132.56996104,595
2017-01-01,"state28",87242.1882896696,0.0353490833562905,767385.866688455,500
2017-01-01,"state29",141427.028548115,0.0282774962408425,1102406.19049162,403
2017-01-01,"state30",15647.7259500734,0.0174395465257794,120040.182780424,420
2017-01-01,"state31",36115.3442876614,0.0222825892256447,213007.665530664,192
2017-01-01,"state32",40479.4923035496,0.0188501073467836,437123.049374478,690
2017-01-01,"state33",47311.5608904548,0.0440593386548355,129587.836430924,73
2017-01-01,"state34",160561.174979636,0.0212462903247263,1567813.68618361,615
2017-01-01,"state35",55855.4644969825,0.0336051265577678,563850.863782936,422
2017-01-01,"state36",382234.422224801,0.0267274135803934,3265743.89832101,553
2017-01-01,"state37",209472.47556018,0.0262770747469109,1629836.03621486,400
2017-01-01,"state38",31219.3967273277,0.0517483278007575,212139.113265533,275
2017-01-01,"state39",188138.880496305,0.0195441513295332,1535547.28226091,441
2017-01-01,"state40",108484.609855625,0.0368862211316914,1161130.08447554,628
2017-01-01,"state41",120067.152691263,0.0321102618671673,1114608.16823279,584
2017-01-01,"state42",254472.585920713,0.0223763742827246,2346673.31586331,525
2017-01-01,"state44",18468.8950813195,0.0211489352038363,136346.450435269,446
2017-01-01,"state45",120221.959178603,0.0339121957205882,1060481.47668079,427
2017-01-01,"state46",27520.7074576142,0.0375748757764876,297284.857820401,755
2017-01-01,"state47",161285.743173951,0.0292653125235756,1181200.14809743,465
2017-01-01,"state48",643460.253923866,0.0304398140510764,6325195.81777303,615
2017-01-01,"state49",117208.030204367,0.044939576043893,1116302.79229727,564
2017-01-01,"state50",18730.6955763573,0.0371823463881155,221627.890469718,645
2017-01-01,"state51",144751.823617616,0.019488460251503,1064615.98910926,376
2017-01-01,"state53",127507.100788169,0.0226171105822858,1253377.60042537,620
2017-01-01,"state54",49632.9034890866,0.0301610111231988,542058.842848454,812
2017-01-01,"state55",80783.4143964455,0.0149949019711331,731402.254054423,459
2017-01-01,"state56",13384.6166917205,0.0344931211810865,119131.729998296,512
2018-01-01,"state01",116452.277068907,0.0285375508215007,1050348.47351853,657
2018-01-01,"state02",24304.725159891,0.0547184918042802,287893.852434604,569
2018-01-01,"state04",105625.479769203,0.021547067240656,810402.693518179,463
2018-01-01,"state05",53497.8413440888,0.0217369759946849,585199.466375887,700
2018-01-01,"state06",674435.638534049,0.0253574349329523,5958648.79756513,535
2018-01-01,"state08",123428.145829118,0.0284012061712307,1051561.13192044,631
2018-01-01,"state09",45856.8282746499,0.0166678677606848,335417.648317496,431
2018-01-01,"state10",8749.1591070389,0.0138789014676946,118017.888913091,541
2018-01-01,"state11",11746.5641269715,0.018638552376511,70365.4168579325,410
2018-01-01,"state12",363720.407750673,0.0249898222802617,3451674.11662708,620
2018-01-01,"state13",275562.319825123,0.0358256478784598,2293217.77751835,500
2018-01-01,"state15",9076.87817164274,0.0116119763156012,65122.3659950565,350
2018-01-01,"state16",43141.6701604855,0.0313336038124922,406882.884511777,710
2018-01-01,"state17",286992.79237783,0.0256327125625504,2526278.92297227,503
2018-01-01,"state18",102031.118655698,0.0162358015279011,957367.529402238,650
2018-01-01,"state19",68525.5572290312,0.0240014211496394,612632.098254666,507
2018-01-01,"state20",74939.4344808345,0.0267197145032206,460434.404067433,225
2018-01-01,"state21",103711.333291407,0.0275978568733699,910511.952728789,702
2018-01-01,"state22",103023.338956799,0.0311734669414466,799048.745279619,435
2018-01-01,"state23",14936.6035152964,0.0125487657883726,140947.410747037,604
2018-01-01,"state24",102341.526122679,0.0190946441348631,939013.86192753,456
2018-01-01,"state25",95705.9957294778,0.0183582223447909,758938.241361634,428
2018-01-01,"state26",290535.165518841,0.0335985834363594,2253161.28631466,409
2018-01-01,"state27",142495.866825567,0.0270703653452695,1370406.58196298,585
2018-01-01,"state28",86579.5625570126,0.0350140738550432,799223.259563759,674
2018-01-01,"state29",148585.857082758,0.0298731640220397,1167627.40151876,446
2018-01-01,"state30",17417.0217606784,0.0189579398508909,171180.582000793,665
2018-01-01,"state31",39361.1770537699,0.0240028288457962,220008.95850411,255
2018-01-01,"state32",69572.3086882203,0.0326607444144592,758163.291124337,690
2018-01-01,"state33",44447.5242735019,0.0447811219223781,128505.003741939,210
2018-01-01,"state34",146939.403290075,0.0200842384028651,1511380.34177287,671
2018-01-01,"state35",58708.6555325616,0.0352934589922226,527687.409682187,398
2018-01-01,"state36",373786.89094495,0.0257913426620403,3253941.57536179,585
2018-01-01,"state37",218605.134955691,0.0271593650086297,1951639.99679262,495
2018-01-01,"state38",31219.3967273277,0.0496767540565234,212139.113265533,275
2018-01-01,"state39",190209.384268395,0.0190800210472008,1616925.23796191,460
2018-01-01,"state40",89032.6624241775,0.0279604503765141,825506.961726605,512
2018-01-01,"state41",101729.502722142,0.027144052627978,1014116.23585707,645
2018-01-01,"state42",271016.430650824,0.0237522786134497,2449658.5927113,525
2018-01-01,"state44",19784.7284631775,0.0236449706275726,167616.162809101,446
2018-01-01,"state45",141908.985715226,0.0388410000841707,1338514.35923066,590
2018-01-01,"state46",22766.5161669025,0.0270858824657522,231804.666562859,735
2018-01-01,"state47",176299.688609045,0.0312222316964403,1418613.74907956,465
2018-01-01,"state48",629640.522455476,0.0295295030484379,6188719.43632938,611
2018-01-01,"state49",114485.003484776,0.0417797880354269,1036723.5044449,557
2018-01-01,"state50",14689.5240467112,0.0296812465243629,178185.296526023,740
2018-01-01,"state51",159030.359730659,0.0208100987479395,1201690.17579254,376
2018-01-01,"state53",160749.382346826,0.0273470697290684,1718043.42478852,726
2018-01-01,"state54",57150.4639986647,0.0331462978270811,653075.291130879,755
2018-01-01,"state55",97994.2270409677,0.0180492623330423,901209.860976172,439
2018-01-01,"state56",29308.3937244805,0.0715658712197757,451532.825906121,1068
2019-01-01,"state01",111593.635514533,0.0277353522807664,1010095.1219724,657
2019-01-01,"state02",24304.725159891,0.059137232000843,287893.852434604,569
2019-01-01,"state04",95731.843011491,0.018746748330186,716609.244233112,463
2019-01-01,"state05",67564.8609077501,0.0268925595325306,692427.727650315,636
2019-01-01,"state06",677112.633910517,0.0256653541763449,5706256.66515524,408
2019-01-01,"state08",131221.685705493,0.0300161396385984,1286244.26809748,690
2019-01-01,"state09",48499.9569516548,0.0175236890111186,347297.038065914,382
2019-01-01,"state10",5169.23768789863,0.0076457641248551,85738.9307838429,1576
2019-01-01,"state11",4566.85710779836,0.00723392469748587,13928.914178785,183
2019-01-01,"state12",350209.313851001,0.0239808210584054,3322636.98128515,620
2019-01-01,"state13",248775.413676569,0.0298436789279693,2242134.89665687,675
2019-01-01,"state15",5795.27909084548,0.00787269720226122,36161.6570295323,350
2019-01-01,"state16",40868.9531165836,0.0293630733649073,403414.628929362,585
2019-01-01,"state17",307945.800669612,0.0267284752546905,2537788.0335646,440
2019-01-01,"state18",128262.882182548,0.0202251022964426,1075817.2767494,450
2019-01-01,"state19",99045.2240741567,0.0332568475984796,850581.971385841,423
2019-01-01,"state20",54366.9509370559,0.0205112769709488,359732.660240566,367
2019-01-01,"state21",94050.4946067063,0.0242287220879633,842209.700041991,606
2019-01-01,"state22",86010.273729834,0.0262408620225642,777857.366227893,514
2019-01-01,"state23",10298.6583115792,0.00866053275257226,96875.4410381049,700
2019-01-01,"state24",102163.262884156,0.0191324222965935,911861.729378518,456
2019-01-01,"state25",121004.364511197,0.0234514655577881,897354.44152127,390
2019-01-01,"state26",260888.278285883,0.030148234407837,2176655.4244773,460
2019-01-01,"state27",141290.446079995,0.0267070821842687,1439484.304122,595
2019-01-01,"state28",106397.260328556,0.0434595748606783,1002293.18427183,630
2019-01-01,"state29",150120.304824614,0.0300659000705158,1141168.64807399,446
2019-01-01,"state30",13896.4339027852,0.0168033004581585,157684.995212202,719
2019-01-01,"state31",39135.341995394,0.0232467358602667,238284.602549227,255
2019-01-01,"state32",67729.3209525381,0.0325535428338478,738648.159292709,735
2019-01-01,"state33",35927.1432737222,0.0336423231065692,84892.1593519992,60
2019-01-01,"state34",133932.995736562,0.0184054137516622,1147114.32704933,615
2019-01-01,"state35",54277.0323502789,0.0316956457776568,398505.825871632,398
2019-01-01,"state36",363150.799522432,0.0249986873839935,3056723.13256411,487
2019-01-01,"state37",248644.000787328,0.0307113391510502,2106050.57912458,482
2019-01-01,"state38",32482.4822435501,0.0508169433001552,226643.545276821,275
2019-01-01,"state39",209001.301785111,0.0202991485664125,1833787.15616798,573
2019-01-01,"state40",84806.9832782099,0.0250230574903136,800806.201861706,515
2019-01-01,"state41",83860.505570354,0.0234984711949974,770856.314180401,640
2019-01-01,"state42",217169.532449724,0.0193588559008584,1731735.06977748,415
2019-01-01,"state44",31562.8956868926,0.0387805108633299,281989.214459101,575
2019-01-01,"state45",141776.806547552,0.0386318563482079,1158155.00277686,427
2019-01-01,"state46",30895.1432161858,0.0382091801460666,230973.67957068,440
2019-01-01,"state47",189100.596222785,0.0329360588325987,1591673.67109305,487
2019-01-01,"state48",576083.447436398,0.0266662999408711,5648769.09490964,615
2019-01-01,"state49",100342.645986659,0.0356392758518609,928766.363408247,557
2019-01-01,"state50",13904.0244989841,0.028297539983599,134516.561903104,363
2019-01-01,"state51",157020.619224893,0.0201860990784384,1205884.51934049,370
2019-01-01,"state53",141552.517089676,0.0224764921857614,1475718.66605257,726
2019-01-01,"state54",65942.9774124964,0.0364417205529331,768676.02012486,755
2019-01-01,"state55",120654.694383302,0.023228922651226,994995.477895278,400
2019-01-01,"state56",32788.9779693742,0.064890797680434,512575.845399011,1068
2021-01-01,"state01",115057.898457467,0.0285701121988859,1154938.58678627,657
2021-01-01,"state02",19525.5946055682,0.0476395282383423,243927.969996221,1005
2021-01-01,"state04",55372.9601578822,0.0104203501252652,440180.120074079,490
2021-01-01,"state05",74593.7904408734,0.0299123637624977,757277.981419846,636
2021-01-01,"state06",652228.710451861,0.0247052298568736,5830664.52325668,546
2021-01-01,"state08",112198.076226712,0.0250276323043697,1106631.02262126,690
2021-01-01,"state09",60905.1845498762,0.0214607973430846,453636.994873841,382
2021-01-01,"state10",2369.01822550575,0.00338407342067209,12186.4995716567,561
2021-01-01,"state12",275374.523488307,0.019259802224855,2684783.79924673,645
2021-01-01,"state13",215727.545358619,0.0247645501099666,1930363.57575903,600
2021-01-01,"state15",7492.02819686356,0.00944584106310894,63656.0007914605,350
2021-01-01,"state16",39173.9444153523,0.0281525705562353,380108.259287433,585
2021-01-01,"state17",248679.123582518,0.0218992774337519,2126745.61268211,585
2021-01-01,"state18",121019.101167535,0.019753135778158,1001174.87079132,450
2021-01-01,"state19",108248.081452276,0.0366229444880526,932007.393183777,423
2021-01-01,"state20",51020.2284109731,0.0185521750944771,359676.881531798,367
2021-01-01,"state21",65771.1917500515,0.0174179560390525,717445.019993135,743
2021-01-01,"state22",78543.19249924,0.0236222821069489,761080.836651185,595
2021-01-01,"state23",8876.56375482685,0.00718164957872413,82559.6891667981,700
2021-01-01,"state24",102589.516629361,0.0192817015262751,847292.963345954,456
2021-01-01,"state25",122655.780090243,0.02260314961967,919648.090574443,420
2021-01-01,"state26",223404.129511981,0.0262611884514247,2047831.55367715,554
2021-01-01,"state27",121999.613296129,0.0236235678915208,1194912.57349161,595
2021-01-01,"state28",111055.814615832,0.0473809879784271,1016406.80457751,469
2021-01-01,"state29",130546.543880075,0.0255166641283434,1056451.59014441,457
2021-01-01,"state30",11557.6430107025,0.0135697644492093,137196.518633476,905
2021-01-01,"state31",40724.2874122411,0.0248072014361286,258489.273704678,255
2021-01-01,"state32",63891.3622501699,0.0314962472677596,679665.268968692,690
2021-01-01,"state33",35927.1432737222,0.0323786097728865,84892.1593519992,60
2021-01-01,"state34",116173.862815611,0.0156589697123317,941549.559883297,411
2021-01-01,"state35",38794.9323801331,0.021127467026635,317868.655997832,398
2021-01-01,"state36",360458.316171816,0.0246156476902733,3220510.00166619,570
2021-01-01,"state37",220417.369487393,0.0278456972261898,1791780.93779354,495
2021-01-01,"state38",13613.7069354367,0.0226308347854218,118176.816739834,300
2021-01-01,"state39",211170.334408854,0.0197137598316793,1963388.90924297,615
2021-01-01,"state40",80613.5631518104,0.0239440016239293,815868.137991635,574
2021-01-01,"state41",99462.6609863112,0.0266303916099376,908345.14830806,570
2021-01-01,"state42",236209.180259654,0.0211463929547645,1965045.4168558,469
2021-01-01,"state44",32329.5246681731,0.0406208211137419,235251.41057459,575
2021-01-01,"state45",120266.158890878,0.0317798731471435,994970.321168407,590
2021-01-01,"state46",29115.1127488701,0.0365293857118256,208574.962856959,440
2021-01-01,"state47",164285.103525771,0.0283364535697784,1344414.61621881,465
2021-01-01,"state48",572115.033729387,0.0258485087452102,5252576.54314979,533
2021-01-01,"state49",101373.046846557,0.0361992921221388,934568.493324028,525
2021-01-01,"state50",23361.9858138685,0.0429001223364662,203402.713277447,530
2021-01-01,"state51",163010.538028397,0.0206819148958223,1381288.78296211,474
2021-01-01,"state53",155218.513589976,0.0233599451031629,1568493.50661294,645
2021-01-01,"state54",61871.2044287452,0.0341549429533053,753057.081124425,755
2021-01-01,"state55",125218.235595955,0.0241868981532781,980439.859724052,354
2021-01-01,"state56",32788.9779693742,0.0591673572494973,512575.845399011,1068
2022-01-01,"state01",114408.204216392,0.0298171329319357,1184535.80448311,657
2022-01-01,"state02",24078.6012242986,0.0649917804101144,272384.261363286,547
2022-01-01,"state04",63986.3900074871,0.0121711328200931,428993.79273672,320
2022-01-01,"state05",74543.0487489151,0.0304196758053295,714794.407182575,636
2022-01-01,"state06",679566.567919277,0.0254874222722738,6014457.40408579,504
2022-01-01,"state08",83740.506164691,0.0179336690421846,699018.1540074,631
2022-01-01,"state09",44434.6233569096,0.0155780160975827,374812.183799218,623
2022-01-01,"state10",2369.01822550575,0.00309771837612179,12186.4995716567,561
2022-01-01,"state12",223934.687600256,0.0157459551265161,2306777.30671987,710
2022-01-01,"state13",151093.939368573,0.0175177381770804,1421104.23739978,635
2022-01-01,"state15",2784.07018275671,0.00359029260004281,36192.9123758373,780
2022-01-01,"state16",29408.610415143,0.0202107958910829,373944.634372013,812
2022-01-01,"state17",193767.131826412,0.0174306432235135,1626741.14897224,585
2022-01-01,"state18",102782.48727636,0.0169936647863973,842127.412745219,450
2022-01-01,"state19",109788.519397688,0.0362002855980107,897450.436095423,423
2022-01-01,"state20",59798.6806115808,0.0224161391777416,509115.142410163,435
2022-01-01,"state21",75355.2728433364,0.0196136362933698,707472.359318018,606
2022-01-01,"state22",77188.1542249266,0.0231906914674284,679364.279968979,616
2022-01-01,"state24",141928.254837833,0.0251998327796413,1151241.24023017,456
2022-01-01,"state25",92663.3790520553,0.0168211328278,772873.711215041,420
2022-01-01,"state26",183490.310829597,0.0222144326932366,1606842.0099117,489
2022-01-01,"state27",100129.191610351,0.019139389557812,1063698.93977633,595
2022-01-01,"state28",125745.502640215,0.056642935056196,1059796.48407073,408
2022-01-01,"state29",133499.781968573,0.0260334808566109,1172946.61316838,482
2022-01-01,"state30",9730.89583792712,0.0104160540474482,115305.998346385,905
2022-01-01,"state31",27428.9398480658,0.0173132142257759,204291.416671336,267
2022-01-01,"state32",47121.60348788,0.022448534525033,520451.813152748,735
2022-01-01,"state33",13773.1246292175,0.0119512419806893,70968.1704913809,247
2022-01-01,"state34",119757.031329249,0.0160886514567783,950894.138458736,500
2022-01-01,"state35",31031.6518692866,0.0162148722264157,209860.48050516,398
2022-01-01,"state36",310890.903738533,0.0205993423690561,2822117.53227461,583
2022-01-01,"state37",182606.317337872,0.0225798053635805,1541648.3801259,495
2022-01-01,"state38",19953.8456885518,0.0365911883511818,145504.245967728,300
2022-01-01,"state39",222276.015966482,0.0202848310419961,2269659.26795992,677
2022-01-01,"state40",74816.0850573693,0.0226021304571483,774124.461134604,574
2022-01-01,"state41",85689.5282452356,0.0223249562077396,773197.428634772,628
2022-01-01,"state42",238990.924266622,0.0217591085689999,2005329.80779823,480
2022-01-01,"state44",23862.7754434115,0.0323312167533022,188392.206982103,575
2022-01-01,"state45",101885.835125147,0.0254027931527099,941669.377714113,630
2022-01-01,"state46",35301.985523594,0.0439049539225555,275994.303924575,440
2022-01-01,"state47",123935.648092447,0.0210969174248138,1154905.35575398,585
2022-01-01,"state48",508704.048039033,0.0224078651779093,4257805.76287811,405
2022-01-01,"state49",83523.5831801266,0.029454857062759,866151.514232377,636
2022-01-01,"state50",20364.6931837863,0.0365819372614746,156869.595001558,363
2022-01-01,"state51",146130.213753187,0.0186889312790133,1335087.8871515,550
2022-01-01,"state53",157252.661209157,0.0228744171673615,1563155.15689849,642
2022-01-01,"state54",40943.645339566,0.0221785451054282,453283.282367095,746
2022-01-01,"state55",122284.621372979,0.0234669311264292,1071597.52310498,435
2022-01-01,"state56",32788.9779693742,0.0560841687484093,512575.845399011,1068
2023-01-01,"state01",77646.2309587227,0.0212820274905717,823109.536162663,720
2023-01-01,"state02",24078.6012242986,0.0705761768419263,272384.261363286,547
2023-01-01,"state04",79330.3430794718,0.0156005865932373,692744.112544725,475
2023-01-01,"state05",85495.864216137,0.0344208866413647,808946.195405478,610
2023-01-01,"state06",612737.185742078,0.0226308641256042,5435133.7012895,504
2023-01-01,"state08",81310.1249704203,0.0165815608995102,653518.485172222,562
2023-01-01,"state09",36774.5485535699,0.0132902901611228,281709.941330765,382
2023-01-01,"state10",6348.83179372164,0.00810777438171629,54135.2144404973,615
2023-01-01,"state12",254702.529290389,0.0175305227468562,2564773.80816606,665
2023-01-01,"state13",178257.077093538,0.0201150083745593,1424685.42850967,453
2023-01-01,"state15",2784.07018275671,0.00399648006598867,36192.9123758373,780
2023-01-01,"state16",26206.7092973041,0.0172767092860485,355467.662030491,812
2023-01-01,"state17",247299.775478297,0.0215591941409562,1946889.29378815,455
2023-01-01,"state18",85510.7295646471,0.0145916040828931,743348.482119953,700
2023-01-01,"state19",92330.4567300625,0.0302373955898412,757513.170859081,423
2023-01-01,"state20",61834.0170924915,0.0228399277217398,574646.88318946,492
2023-01-01,"state21",56370.440739731,0.0136153091872531,509210.165244204,539
2023-01-01,"state22",81033.1202351573,0.0246917213387228,721299.930804698,616
2023-01-01,"state24",152238.198248403,0.0258573022735634,1066338.27175226,380
2023-01-01,"state25",86252.7851726099,0.0150179898530529,648185.729261979,390
2023-01-01,"state26",176725.903293588,0.0215419705281929,1448866.53998328,460
2023-01-01,"state27",72696.7368898981,0.0136210756374188,760026.650817696,645
2023-01-01,"state28",113025.836283759,0.0519345069632484,902007.570723777,408
2023-01-01,"state29",104456.379601402,0.0202436313481017,936329.213195605,482
2023-01-01,"state30",9730.89583792712,0.010779882130441,115305.998346385,905
2023-01-01,"state31",24595.0327176471,0.0155080216227736,180675.523917847,255
2023-01-01,"state32",63990.0648445567,0.0309213759774655,597565.858315117,625
2023-01-01,"state33",7370.56680537644,0.00632326369918691,44610.9741165683,253
2023-01-01,"state34",125206.288617262,0.0167004608616756,998642.119646526,430
2023-01-01,"state35",19174.0083892345,0.0104056298457825,116896.234334935,245
2023-01-01,"state36",262259.067408249,0.0178522868161127,2674855.8039655,635
2023-01-01,"state37",164954.660281567,0.0201478200011345,1322952.52400607,482
2023-01-01,"state38",14032.5757762926,0.0224742613151632,119317.971782853,240
2023-01-01,"state39",193117.01853037,0.0178393592752396,2043588.94878364,690
2023-01-01,"state40",62635.0300225441,0.0185876608228922,657320.958686385,599
2023-01-01,"state41",74777.207205234,0.0192748900534296,657818.331382008,513
2023-01-01,"state42",202790.262530807,0.0186739674523283,1764560.12310164,469
2023-01-01,"state44",23862.7754434115,0.0313246969957361,188392.206982103,575
2023-01-01,"state45",105138.240927224,0.0246496775975389,937853.512444624,630
2023-01-01,"state46",30586.3906621578,0.0405809995395163,188247.322361775,303
2023-01-01,"state47",144052.18451612,0.0245519178132777,1506099.90987922,693
2023-01-01,"state48",601197.038719993,0.0255446847482453,4558644.56884898,380
2023-01-01,"state49",85810.1845320915,0.0291085679784143,793097.342871855,475
2023-01-01,"state50",20364.6931837863,0.0364513970301702,156869.595001558,363
2023-01-01,"state51",154152.907752431,0.0199000899132443,1497670.69680062,620
2023-01-01,"state53",158256.103609043,0.0223988619418783,1527867.05408483,642
2023-01-01,"state54",37702.4313219085,0.0217850599695709,434916.402933703,746
2023-01-01,"state55",113813.918927854,0.0225972116000622,1040048.43403307,439
2023-01-01,"state56",31437.6318318033,0.0565436831017406,502665.97372349,1068
2024-01-01,"state01",96504.5247583178,0.0270765138350106,966862.462369684,489
2024-01-01,"state02",10194.9515288411,0.0270187262729727,79892.0224642408,547
2024-01-01,"state04",112436.260384476,0.0209208785227648,1601063.98443406,770
2024-01-01,"state05",92383.8480680888,0.0370699346230018,846553.212672898,636
2024-01-01,"state06",522191.666704771,0.0193449584967681,4530232.6555765,504
2024-01-01,"state08",70780.3055183819,0.014386475008524,539129.094211354,321
2024-01-01,"state09",38434.3994962477,0.0135694943821354,309331.932003177,399
2024-01-01,"state10",5263.84222891342,0.00674889739416279,53954.3828463626,615
2024-01-01,"state11",10092.6983602115,0.0127464807029604,33137.6929493611,197
2024-01-01,"state12",269439.986106994,0.0179339211124738,2846591.62295758,705
2024-01-01,"state13",154598.245495859,0.0169858848086152,1081072.78176183,363
2024-01-01,"state15",2784.07018275671,0.00408070413724106,36192.9123758373,780
2024-01-01,"state16",23588.7404297901,0.0156409259164908,287451.112303599,470
2024-01-01,"state17",224144.421739028,0.0194520681783237,1848990.58860574,466
2024-01-01,"state18",78870.7197926384,0.0135012654732941,638216.471053324,480
2024-01-01,"state19",88580.3464452964,0.0277298078338402,791229.625145428,423
2024-01-01,"state20",40145.4671519562,0.0151681471452216,405925.971893928,492
2024-01-01,"state21",58289.8389838959,0.0145353037465025,499682.813697951,530
2024-01-01,"state22",67214.5963144783,0.0203858638972229,588005.33778183,616
2024-01-01,"state24",130084.975458176,0.0221175434567359,957079.741436528,365
2024-01-01,"state25",77866.6067776115,0.0130899875628658,625565.492875909,390
2024-01-01,"state26",146085.983750341,0.0176908065761585,1342619.03453084,553
2024-01-01,"state27",78654.7103559452,0.0138042978537581,915725.215726264,691
2024-01-01,"state28",111673.096308392,0.0499527713244436,899317.865960072,427
2024-01-01,"state29",80756.3008837392,0.0150682560885033,716540.579922437,482
2024-01-01,"state30",6600.69170460603,0.00746167159213676,59884.2869278993,254
2024-01-01,"state31",19335.9850205299,0.0116019595098354,202336.469396674,847
2024-01-01,"state32",37626.63865352,0.0185101113591624,308732.420850139,497
2024-01-01,"state33",2691.35442105205,0.00233502232200978,24880.2952293339,197
2024-01-01,"state34",143949.975986517,0.0189457122790572,1303850.10518883,500
2024-01-01,"state35",11052.106135371,0.00625617760665199,94425.6380992454,662
2024-01-01,"state36",313556.914746244,0.0213693592942606,3173337.95707525,635
2024-01-01,"state37",135604.709293813,0.0165559328140309,958960.725599123,335
2024-01-01,"state38",14032.5757762926,0.0217195464586084,119317.971782853,240
2024-01-01,"state39",180558.733128934,0.0170131294419484,1992256.96579012,749
2024-01-01,"state40",66005.7905009978,0.0205096543938713,711858.287823138,710
2024-01-01,"state41",116021.48669498,0.0296584045416941,1136492.22687226,528
2024-01-01,"state42",157809.110582284,0.0149505225734082,1585828.30947922,480
2024-01-01,"state44",20947.2196017189,0.0270215472007045,165830.768737156,575
2024-01-01,"state45",87199.4011263211,0.0195118608897743,754927.459486409,462
2024-01-01,"state46",33367.9044894816,0.050893690968969,201342.328164166,331
2024-01-01,"state47",134306.245363207,0.023024056819915,1323354.71883949,693
2024-01-01,"state48",541315.182393695,0.0223861419099116,4327001.69226768,400
2024-01-01,"state49",105145.632369997,0.0362928807419399,1017593.03244213,475
2024-01-01,"state50",20364.6931837863,0.0379349036155845,156869.595001558,363
2024-01-01,"state51",202442.596373809,0.0252955621131449,1862188.23127609,599
2024-01-01,"state53",139636.26676318,0.0194193228942188,1258512.25801188,577
2024-01-01,"state54",50002.4620596356,0.0300296153510409,527260.699980196,736
2024-01-01,"state55",110620.345761738,0.0209081313801944,1004211.76543115,645
2024-01-01,"state56",18176.0313100334,0.0311218632987731,195407.935234079,880
2015-01-01,"national",6262690.36691729,0.0268884640675817,55024689.7920206,508.980392156863
2016-01-01,"national",6447790.85505485,0.0265786210263517,56244245.4404229,501.450980392157
2017-01-01,"national",6724930.99813603,0.0272599944721433,58937145.2927268,496.529411764706
2018-01-01,"national",6751855.3765403,0.0280237590294489,60306926.2642547,541.862745098039
2019-01-01,"national",6658897.8166411,0.0274884657176252,58484946.292779,533.78431372549
2021-01-01,"national",6234395.95359574,0.02583580063615,55693980.1550263,544.54
2022-01-01,"national",5671530.49008323,0.0239613277320842,51109712.3289091,556.020408163265
2023-01-01,"national",5526453.67612735,0.0228180866199288,49043947.5508827,538.571428571429
2024-01-01,"national",5259430.65666689,0.0205349339144168,47907026.7525428,521.62
