"gini","date","geo_level"
0.859326322984646,2009-01-01,"state01"
0.836508802203782,2009-01-01,"state02"
0.91141759557807,2009-01-01,"state04"
0.881120126843174,2009-01-01,"state05"
0.840015200221802,2009-01-01,"state06"
0.881403338068181,2009-01-01,"state08"
0.776237581696741,2009-01-01,"state09"
0.864955384783364,2009-01-01,"state10"
0.92729220709166,2009-01-01,"state12"
0.924944236292013,2009-01-01,"state13"
0.922670148629131,2009-01-01,"state15"
0.893456791578492,2009-01-01,"state16"
0.814976303109968,2009-01-01,"state17"
0.833362919913419,2009-01-01,"state18"
0.786771298951414,2009-01-01,"state19"
0.833447402896556,2009-01-01,"state20"
0.90414789878026,2009-01-01,"state21"
0.894972815263744,2009-01-01,"state22"
0.799242389616317,2009-01-01,"state23"
0.822111267605469,2009-01-01,"state24"
0.823748448424387,2009-01-01,"state26"
0.838358873753,2009-01-01,"state27"
0.886739667410665,2009-01-01,"state28"
0.873319914662513,2009-01-01,"state29"
0.809798733210201,2009-01-01,"state30"
0.814834450174719,2009-01-01,"state31"
0.940604013229011,2009-01-01,"state32"
0.804873969047325,2009-01-01,"state33"
0.794657645458702,2009-01-01,"state34"
0.88297677943957,2009-01-01,"state35"
0.856486862276977,2009-01-01,"state36"
0.923422337706931,2009-01-01,"state37"
0.836741295926537,2009-01-01,"state38"
0.764333984026071,2009-01-01,"state39"
0.874307286012916,2009-01-01,"state40"
0.804677026293856,2009-01-01,"state41"
0.777349400815979,2009-01-01,"state42"
0.743273336529185,2009-01-01,"state44"
0.90819756633791,2009-01-01,"state45"
0.835480457113683,2009-01-01,"state46"
0.914246730247704,2009-01-01,"state47"
0.893170199223763,2009-01-01,"state48"
0.831636931687346,2009-01-01,"state49"
0.726854672708177,2009-01-01,"state50"
0.904123656462391,2009-01-01,"state51"
0.878859565143856,2009-01-01,"state53"
0.81930338047262,2009-01-01,"state54"
0.822153376534558,2009-01-01,"state55"
0.799019578419647,2009-01-01,"state56"
0.814998215090689,2010-01-01,"state01"
0.824023977433549,2010-01-01,"state02"
0.848687700610484,2010-01-01,"state04"
0.807156821420309,2010-01-01,"state05"
0.792762848300132,2010-01-01,"state06"
0.834704137442531,2010-01-01,"state08"
0.76306249637186,2010-01-01,"state09"
0.823853239886324,2010-01-01,"state10"
0.869475909965418,2010-01-01,"state12"
0.878268899205626,2010-01-01,"state13"
0.89402441485428,2010-01-01,"state15"
0.838183708285592,2010-01-01,"state16"
0.778356577155036,2010-01-01,"state17"
0.785956648556836,2010-01-01,"state18"
0.701487158784077,2010-01-01,"state19"
0.775034995153349,2010-01-01,"state20"
0.850208967733382,2010-01-01,"state21"
0.878630355788059,2010-01-01,"state22"
0.747406246415536,2010-01-01,"state23"
0.744811662046303,2010-01-01,"state24"
0.999622516016437,2010-01-01,"state25"
0.806142581147179,2010-01-01,"state26"
0.761028693119204,2010-01-01,"state27"
0.858986783272591,2010-01-01,"state28"
0.783583921090972,2010-01-01,"state29"
0.779275193958266,2010-01-01,"state30"
0.716469066728582,2010-01-01,"state31"
0.901025854994733,2010-01-01,"state32"
0.778999267992201,2010-01-01,"state33"
0.765591915628243,2010-01-01,"state34"
0.841174664290139,2010-01-01,"state35"
0.831803427658758,2010-01-01,"state36"
0.829229771967367,2010-01-01,"state37"
0.775750727794616,2010-01-01,"state38"
0.736036983180913,2010-01-01,"state39"
0.80815815389798,2010-01-01,"state40"
0.762058887069166,2010-01-01,"state41"
0.729685369255676,2010-01-01,"state42"
0.729027533989038,2010-01-01,"state44"
0.84150051526754,2010-01-01,"state45"
0.754712999451688,2010-01-01,"state46"
0.868643387617405,2010-01-01,"state47"
0.855152032671521,2010-01-01,"state48"
0.765331871758903,2010-01-01,"state49"
0.744293604433749,2010-01-01,"state50"
0.845232095655308,2010-01-01,"state51"
0.84690836347808,2010-01-01,"state53"
0.747911436856901,2010-01-01,"state54"
0.766806523417634,2010-01-01,"state55"
0.749416385046488,2010-01-01,"state56"
0.81720891156148,2011-01-01,"state01"
0.820798523450032,2011-01-01,"state02"
0.846830848493528,2011-01-01,"state04"
0.809207352282078,2011-01-01,"state05"
0.78687286377373,2011-01-01,"state06"
0.83518295534373,2011-01-01,"state08"
0.763435744637175,2011-01-01,"state09"
0.815601960319497,2011-01-01,"state10"
0.869321410588572,2011-01-01,"state12"
0.879191823866756,2011-01-01,"state13"
0.895240595405518,2011-01-01,"state15"
0.83413836876474,2011-01-01,"state16"
0.778003214683078,2011-01-01,"state17"
0.787893800721196,2011-01-01,"state18"
0.688970980095231,2011-01-01,"state19"
0.771690713710634,2011-01-01,"state20"
0.860987995894739,2011-01-01,"state21"
0.878998743634139,2011-01-01,"state22"
0.746718802492921,2011-01-01,"state23"
0.743160436630309,2011-01-01,"state24"
0.759770022478008,2011-01-01,"state25"
0.803402168065337,2011-01-01,"state26"
0.761039316948737,2011-01-01,"state27"
0.865055574389955,2011-01-01,"state28"
0.783794364121683,2011-01-01,"state29"
0.775664221096885,2011-01-01,"state30"
0.713470888364222,2011-01-01,"state31"
0.901879314773847,2011-01-01,"state32"
0.777682505422074,2011-01-01,"state33"
0.764174382868601,2011-01-01,"state34"
0.840898223871193,2011-01-01,"state35"
0.826889115979105,2011-01-01,"state36"
0.825520797297279,2011-01-01,"state37"
0.776649822363162,2011-01-01,"state38"
0.738366444598819,2011-01-01,"state39"
0.805121138351232,2011-01-01,"state40"
0.762333165100419,2011-01-01,"state41"
0.733660318398375,2011-01-01,"state42"
0.722162508076267,2011-01-01,"state44"
0.83535308735215,2011-01-01,"state45"
0.758225082500492,2011-01-01,"state46"
0.862233979613214,2011-01-01,"state47"
0.853576617956246,2011-01-01,"state48"
0.765704747531271,2011-01-01,"state49"
0.743372435659683,2011-01-01,"state50"
0.841415709919688,2011-01-01,"state51"
0.847411849394896,2011-01-01,"state53"
0.752850137543168,2011-01-01,"state54"
0.772713447168403,2011-01-01,"state55"
0.753006468222287,2011-01-01,"state56"
0.818416392287508,2012-01-01,"state01"
0.814042141412121,2012-01-01,"state02"
0.844188890258861,2012-01-01,"state04"
0.806140301009601,2012-01-01,"state05"
0.779325588069502,2012-01-01,"state06"
0.818299818058809,2012-01-01,"state08"
0.761840981638206,2012-01-01,"state09"
0.818854166320186,2012-01-01,"state10"
0.867039776893325,2012-01-01,"state12"
0.875101993085833,2012-01-01,"state13"
0.894969402662557,2012-01-01,"state15"
0.831270067761695,2012-01-01,"state16"
0.779334251188853,2012-01-01,"state17"
0.788569364717334,2012-01-01,"state18"
0.697818561563977,2012-01-01,"state19"
0.774187798525002,2012-01-01,"state20"
0.858478888322239,2012-01-01,"state21"
0.86996043084279,2012-01-01,"state22"
0.746997330460958,2012-01-01,"state23"
0.741638216613548,2012-01-01,"state24"
0.763109587570287,2012-01-01,"state25"
0.79080025858431,2012-01-01,"state26"
0.75940620433532,2012-01-01,"state27"
0.85969677804653,2012-01-01,"state28"
0.777812764760122,2012-01-01,"state29"
0.771826761273769,2012-01-01,"state30"
0.711557929499924,2012-01-01,"state31"
0.899996262557698,2012-01-01,"state32"
0.77683750796382,2012-01-01,"state33"
0.752153536632077,2012-01-01,"state34"
0.797978520116481,2012-01-01,"state35"
0.819351476424568,2012-01-01,"state36"
0.823012263332065,2012-01-01,"state37"
0.775765676892073,2012-01-01,"state38"
0.737804369604319,2012-01-01,"state39"
0.800591133506922,2012-01-01,"state40"
0.754756962729172,2012-01-01,"state41"
0.731691828197316,2012-01-01,"state42"
0.720300212662842,2012-01-01,"state44"
0.825015668493654,2012-01-01,"state45"
0.745296093638382,2012-01-01,"state46"
0.858380705303614,2012-01-01,"state47"
0.867472862981931,2012-01-01,"state48"
0.772497430302608,2012-01-01,"state49"
0.742351093491534,2012-01-01,"state50"
0.841957378386331,2012-01-01,"state51"
0.842149598722223,2012-01-01,"state53"
0.738331945620124,2012-01-01,"state54"
0.715155192267714,2012-01-01,"state55"
0.756404823983451,2012-01-01,"state56"
0.820277254578978,2013-01-01,"state01"
0.81081178323436,2013-01-01,"state02"
0.84306765980503,2013-01-01,"state04"
0.807360201714422,2013-01-01,"state05"
0.749666918759062,2013-01-01,"state06"
0.816256787714707,2013-01-01,"state08"
0.762336151121509,2013-01-01,"state09"
0.815203648177113,2013-01-01,"state10"
0.866381738730912,2013-01-01,"state12"
0.880925112552158,2013-01-01,"state13"
0.89394560736864,2013-01-01,"state15"
0.832178939812401,2013-01-01,"state16"
0.781874452345485,2013-01-01,"state17"
0.792718368574684,2013-01-01,"state18"
0.698209499763099,2013-01-01,"state19"
0.775013404658588,2013-01-01,"state20"
0.858102007619134,2013-01-01,"state21"
0.873593339861362,2013-01-01,"state22"
0.747053986512523,2013-01-01,"state23"
0.739477922328152,2013-01-01,"state24"
0.759650743793902,2013-01-01,"state25"
0.789805554737603,2013-01-01,"state26"
0.759485614822881,2013-01-01,"state27"
0.860151593322381,2013-01-01,"state28"
0.775163479194323,2013-01-01,"state29"
0.766291406717582,2013-01-01,"state30"
0.702870744011867,2013-01-01,"state31"
0.899175414261142,2013-01-01,"state32"
0.775262625238553,2013-01-01,"state33"
0.75089445611017,2013-01-01,"state34"
0.799009534529568,2013-01-01,"state35"
0.818497259218744,2013-01-01,"state36"
0.823379160572746,2013-01-01,"state37"
0.776988841544242,2013-01-01,"state38"
0.740687617025849,2013-01-01,"state39"
0.802613876835456,2013-01-01,"state40"
0.75987513176571,2013-01-01,"state41"
0.739799147380614,2013-01-01,"state42"
0.712273552731596,2013-01-01,"state44"
0.828016207475125,2013-01-01,"state45"
0.77005911876061,2013-01-01,"state46"
0.858029280405443,2013-01-01,"state47"
0.866688786965692,2013-01-01,"state48"
0.766287198020202,2013-01-01,"state49"
0.748583068211396,2013-01-01,"state50"
0.835971656696746,2013-01-01,"state51"
0.84453497532687,2013-01-01,"state53"
0.738618645098893,2013-01-01,"state54"
0.717805009335074,2013-01-01,"state55"
0.756734889806366,2013-01-01,"state56"
0.820138796386557,2014-01-01,"state01"
0.812583565902384,2014-01-01,"state02"
0.843852156998997,2014-01-01,"state04"
0.807121936127147,2014-01-01,"state05"
0.747773389178626,2014-01-01,"state06"
0.818152999782393,2014-01-01,"state08"
0.753565102878439,2014-01-01,"state09"
0.817904836905821,2014-01-01,"state10"
0.867986784679867,2014-01-01,"state12"
0.873614647405625,2014-01-01,"state13"
0.896288171428345,2014-01-01,"state15"
0.837075572711934,2014-01-01,"state16"
0.783554636095829,2014-01-01,"state17"
0.791712190886592,2014-01-01,"state18"
0.696238178390439,2014-01-01,"state19"
0.772063420979635,2014-01-01,"state20"
0.856121284735142,2014-01-01,"state21"
0.872545916260896,2014-01-01,"state22"
0.745859376854534,2014-01-01,"state23"
0.743140533494455,2014-01-01,"state24"
0.757986992382401,2014-01-01,"state25"
0.795801189389147,2014-01-01,"state26"
0.758581107208649,2014-01-01,"state27"
0.861274250914162,2014-01-01,"state28"
0.776706315316331,2014-01-01,"state29"
0.767360472678098,2014-01-01,"state30"
0.698604171299459,2014-01-01,"state31"
0.896836157485575,2014-01-01,"state32"
0.774417370471795,2014-01-01,"state33"
0.749018108308745,2014-01-01,"state34"
0.798243974188206,2014-01-01,"state35"
0.815995259066651,2014-01-01,"state36"
0.822863028712922,2014-01-01,"state37"
0.77618588923544,2014-01-01,"state38"
0.741509399283036,2014-01-01,"state39"
0.801715774046943,2014-01-01,"state40"
0.75918614032521,2014-01-01,"state41"
0.728402828736812,2014-01-01,"state42"
0.706610647348041,2014-01-01,"state44"
0.826120576354855,2014-01-01,"state45"
0.768074265992892,2014-01-01,"state46"
0.853797662509413,2014-01-01,"state47"
0.86891545688546,2014-01-01,"state48"
0.761693035779968,2014-01-01,"state49"
0.745881870195545,2014-01-01,"state50"
0.835215472619932,2014-01-01,"state51"
0.832421320258668,2014-01-01,"state53"
0.743703587682706,2014-01-01,"state54"
0.71471588902455,2014-01-01,"state55"
0.754006016164577,2014-01-01,"state56"
0.824377151258967,2015-01-01,"state01"
0.817086826094967,2015-01-01,"state02"
0.840152143095662,2015-01-01,"state04"
0.810208740168188,2015-01-01,"state05"
0.744994494464713,2015-01-01,"state06"
0.822284112958578,2015-01-01,"state08"
0.758327327901626,2015-01-01,"state09"
0.824967922110543,2015-01-01,"state10"
0.869559026162636,2015-01-01,"state12"
0.878274304636718,2015-01-01,"state13"
0.892786081897459,2015-01-01,"state15"
0.837596855954114,2015-01-01,"state16"
0.779884364565184,2015-01-01,"state17"
0.7959503956367,2015-01-01,"state18"
0.704690625098773,2015-01-01,"state19"
0.777289661090349,2015-01-01,"state20"
0.858592368043489,2015-01-01,"state21"
0.873227046044301,2015-01-01,"state22"
0.746923486304549,2015-01-01,"state23"
0.747432168106959,2015-01-01,"state24"
0.759700175682824,2015-01-01,"state25"
0.79144225931638,2015-01-01,"state26"
0.753272042974623,2015-01-01,"state27"
0.864716859494096,2015-01-01,"state28"
0.776817425748529,2015-01-01,"state29"
0.760089995060073,2015-01-01,"state30"
0.713329734493174,2015-01-01,"state31"
0.898400730099637,2015-01-01,"state32"
0.7763466580827,2015-01-01,"state33"
0.749665280708209,2015-01-01,"state34"
0.800275601180663,2015-01-01,"state35"
0.787533640594479,2015-01-01,"state36"
0.821672166173495,2015-01-01,"state37"
0.779408480314753,2015-01-01,"state38"
0.743672754387197,2015-01-01,"state39"
0.805341552534658,2015-01-01,"state40"
0.751060041502278,2015-01-01,"state41"
0.731641244141217,2015-01-01,"state42"
0.706769970576994,2015-01-01,"state44"
0.828353898040117,2015-01-01,"state45"
0.769402448676849,2015-01-01,"state46"
0.854128084357869,2015-01-01,"state47"
0.880935256576116,2015-01-01,"state48"
0.761242041322186,2015-01-01,"state49"
0.747179859197287,2015-01-01,"state50"
0.836641671485891,2015-01-01,"state51"
0.829720096173188,2015-01-01,"state53"
0.744987924202884,2015-01-01,"state54"
0.718190515087165,2015-01-01,"state55"
0.753873139676494,2015-01-01,"state56"
0.825174254489505,2016-01-01,"state01"
0.8187169395167,2016-01-01,"state02"
0.836480754739225,2016-01-01,"state04"
0.80910513215273,2016-01-01,"state05"
0.745301417844212,2016-01-01,"state06"
0.819818416735257,2016-01-01,"state08"
0.746170998174487,2016-01-01,"state09"
0.821353289311212,2016-01-01,"state10"
0.868605303612481,2016-01-01,"state12"
0.875405194486812,2016-01-01,"state13"
0.891996464550827,2016-01-01,"state15"
0.838472116450339,2016-01-01,"state16"
0.782660501158842,2016-01-01,"state17"
0.79551489208746,2016-01-01,"state18"
0.70382422070237,2016-01-01,"state19"
0.77564707735676,2016-01-01,"state20"
0.856301411743683,2016-01-01,"state21"
0.874387672395046,2016-01-01,"state22"
0.744415183628818,2016-01-01,"state23"
0.748293770949334,2016-01-01,"state24"
0.757778710327204,2016-01-01,"state25"
0.784039946202076,2016-01-01,"state26"
0.757005018563002,2016-01-01,"state27"
0.863804613283397,2016-01-01,"state28"
0.783686207046127,2016-01-01,"state29"
0.761861152400385,2016-01-01,"state30"
0.713620278841014,2016-01-01,"state31"
0.891506900175429,2016-01-01,"state32"
0.776419537451442,2016-01-01,"state33"
0.745987778654095,2016-01-01,"state34"
0.798876307587485,2016-01-01,"state35"
0.787311726716224,2016-01-01,"state36"
0.820880960917677,2016-01-01,"state37"
0.781790028766856,2016-01-01,"state38"
0.745292744741952,2016-01-01,"state39"
0.802308579624168,2016-01-01,"state40"
0.762013788382806,2016-01-01,"state41"
0.730806163423129,2016-01-01,"state42"
0.703879702884726,2016-01-01,"state44"
0.825601744910884,2016-01-01,"state45"
0.766388349474418,2016-01-01,"state46"
0.853456206415466,2016-01-01,"state47"
0.880582051795908,2016-01-01,"state48"
0.763693054795489,2016-01-01,"state49"
0.747138915832345,2016-01-01,"state50"
0.836252619574944,2016-01-01,"state51"
0.840355945768298,2016-01-01,"state53"
0.755262635480669,2016-01-01,"state54"
0.716430337211106,2016-01-01,"state55"
0.756091597333261,2016-01-01,"state56"
0.827880462519672,2017-01-01,"state01"
0.835844980745287,2017-01-01,"state04"
0.810453120599581,2017-01-01,"state05"
0.742607263801533,2017-01-01,"state06"
0.817302598811765,2017-01-01,"state08"
0.749350784179076,2017-01-01,"state09"
0.826981092568661,2017-01-01,"state10"
0.865982310457065,2017-01-01,"state12"
0.876010741207583,2017-01-01,"state13"
0.89095551137805,2017-01-01,"state15"
0.838849477826166,2017-01-01,"state16"
0.782133707068758,2017-01-01,"state17"
0.796089362514628,2017-01-01,"state18"
0.705040508972095,2017-01-01,"state19"
0.774599857859712,2017-01-01,"state20"
0.855200186715403,2017-01-01,"state21"
0.874621653073145,2017-01-01,"state22"
0.741295648299156,2017-01-01,"state23"
0.749529235755638,2017-01-01,"state24"
0.755244488029102,2017-01-01,"state25"
0.787753682384785,2017-01-01,"state26"
0.755600606386882,2017-01-01,"state27"
0.865360252635601,2017-01-01,"state28"
0.782210646067343,2017-01-01,"state29"
0.764558156067851,2017-01-01,"state30"
0.712001760014554,2017-01-01,"state31"
0.889044631670973,2017-01-01,"state32"
0.774158949095382,2017-01-01,"state33"
0.740739160190657,2017-01-01,"state34"
0.796364682611706,2017-01-01,"state35"
0.786758805323009,2017-01-01,"state36"
0.820787603584848,2017-01-01,"state37"
0.785355428794197,2017-01-01,"state38"
0.745361262382797,2017-01-01,"state39"
0.803205653747828,2017-01-01,"state40"
0.761833965170439,2017-01-01,"state41"
0.729216033979262,2017-01-01,"state42"
0.704026232316109,2017-01-01,"state44"
0.827128050368542,2017-01-01,"state45"
0.771967522387985,2017-01-01,"state46"
0.847350145676171,2017-01-01,"state47"
0.880980665717534,2017-01-01,"state48"
0.764790458639232,2017-01-01,"state49"
0.752937414537317,2017-01-01,"state50"
0.834862459404861,2017-01-01,"state51"
0.840661048533268,2017-01-01,"state53"
0.759755129359213,2017-01-01,"state54"
0.716447076452559,2017-01-01,"state55"
0.754064167625131,2017-01-01,"state56"
0.827600858237451,2018-01-01,"state01"
0.834494576551174,2018-01-01,"state04"
0.813645926944684,2018-01-01,"state05"
0.741143084592814,2018-01-01,"state06"
0.819005759014643,2018-01-01,"state08"
0.755956434980585,2018-01-01,"state09"
0.83015714387503,2018-01-01,"state10"
0.865672555760739,2018-01-01,"state12"
0.873755140617266,2018-01-01,"state13"
0.889566429926309,2018-01-01,"state15"
0.840698490289362,2018-01-01,"state16"
0.78373073707728,2018-01-01,"state17"
0.79508433450957,2018-01-01,"state18"
0.707938594838413,2018-01-01,"state19"
0.774800847480326,2018-01-01,"state20"
0.853724220652254,2018-01-01,"state21"
0.873078345285378,2018-01-01,"state22"
0.740895912167502,2018-01-01,"state23"
0.749774848577373,2018-01-01,"state24"
0.752617503382171,2018-01-01,"state25"
0.791581287931901,2018-01-01,"state26"
0.755192178528378,2018-01-01,"state27"
0.864711402286932,2018-01-01,"state28"
0.783499554450044,2018-01-01,"state29"
0.764866622598683,2018-01-01,"state30"
0.711570427094977,2018-01-01,"state31"
0.885747308859585,2018-01-01,"state32"
0.767124602152142,2018-01-01,"state33"
0.741143586276233,2018-01-01,"state34"
0.795303614710969,2018-01-01,"state35"
0.785793261830483,2018-01-01,"state36"
0.821576677204667,2018-01-01,"state37"
0.7834381810292,2018-01-01,"state38"
0.745689481907078,2018-01-01,"state39"
0.803713713747698,2018-01-01,"state40"
0.760758519457672,2018-01-01,"state41"
0.729264008927136,2018-01-01,"state42"
0.700285051681534,2018-01-01,"state44"
0.827316026045596,2018-01-01,"state45"
0.772340519710634,2018-01-01,"state46"
0.850977918377943,2018-01-01,"state47"
0.879955232694971,2018-01-01,"state48"
0.763025185595654,2018-01-01,"state49"
0.761371050764858,2018-01-01,"state50"
0.830879718388603,2018-01-01,"state51"
0.83941566232691,2018-01-01,"state53"
0.754179183521574,2018-01-01,"state54"
0.712666099205575,2018-01-01,"state55"
0.753743556909183,2018-01-01,"state56"
0.828349980467925,2019-01-01,"state01"
0.830136162566125,2019-01-01,"state04"
0.813509059562913,2019-01-01,"state05"
0.741588042680595,2019-01-01,"state06"
0.818837902915513,2019-01-01,"state08"
0.75797688190017,2019-01-01,"state09"
0.840025793940533,2019-01-01,"state10"
0.865024132471719,2019-01-01,"state12"
0.874957977928202,2019-01-01,"state13"
0.892184890786437,2019-01-01,"state15"
0.835076875488572,2019-01-01,"state16"
0.781158704745073,2019-01-01,"state17"
0.798203170182924,2019-01-01,"state18"
0.713291349340326,2019-01-01,"state19"
0.775264471217824,2019-01-01,"state20"
0.850264361650434,2019-01-01,"state21"
0.874885189398825,2019-01-01,"state22"
0.741399787650223,2019-01-01,"state23"
0.748769575827363,2019-01-01,"state24"
0.751895383997032,2019-01-01,"state25"
0.790716531222936,2019-01-01,"state26"
0.758276360107056,2019-01-01,"state27"
0.785530380193427,2019-01-01,"state29"
0.765339591301108,2019-01-01,"state30"
0.711930354868485,2019-01-01,"state31"
0.884964931142156,2019-01-01,"state32"
0.763020973422574,2019-01-01,"state33"
0.743679288361011,2019-01-01,"state34"
0.796783653823415,2019-01-01,"state35"
0.789080694231105,2019-01-01,"state36"
0.820833600203679,2019-01-01,"state37"
0.779961599717441,2019-01-01,"state38"
0.749953311117003,2019-01-01,"state39"
0.804273478646031,2019-01-01,"state40"
0.761571163163493,2019-01-01,"state41"
0.728489002335319,2019-01-01,"state42"
0.705377019618853,2019-01-01,"state44"
0.825974861874371,2019-01-01,"state45"
0.774840866774931,2019-01-01,"state46"
0.851718672833626,2019-01-01,"state47"
0.879747062430801,2019-01-01,"state48"
0.763197325431134,2019-01-01,"state49"
0.746926341681834,2019-01-01,"state50"
0.826646721316776,2019-01-01,"state51"
0.838656303223685,2019-01-01,"state53"
0.751071925978873,2019-01-01,"state54"
0.712823050792544,2019-01-01,"state55"
0.75463113526976,2019-01-01,"state56"
0.738387634600405,2020-01-01,"state01"
0.800936621638949,2020-01-01,"state04"
0.743864074047645,2020-01-01,"state05"
0.688114074267035,2020-01-01,"state06"
0.769223539978833,2020-01-01,"state08"
0.736998061380252,2020-01-01,"state09"
0.775496550998458,2020-01-01,"state10"
0.810836304608401,2020-01-01,"state12"
0.740292332776554,2020-01-01,"state13"
0.816815160703009,2020-01-01,"state15"
0.678508457200339,2020-01-01,"state16"
0.764585452211656,2020-01-01,"state17"
0.751078854217301,2020-01-01,"state18"
0.661428343921317,2020-01-01,"state19"
0.73791394403596,2020-01-01,"state20"
0.795835121528581,2020-01-01,"state21"
0.808908497428418,2020-01-01,"state22"
0.685747852102393,2020-01-01,"state23"
0.754987923031989,2020-01-01,"state24"
0.737720972353414,2020-01-01,"state25"
0.775885030131342,2020-01-01,"state26"
0.711506605768239,2020-01-01,"state27"
0.701768792798075,2020-01-01,"state29"
0.663925930436262,2020-01-01,"state30"
0.691346644006908,2020-01-01,"state31"
0.861040786070867,2020-01-01,"state32"
0.697617991080723,2020-01-01,"state33"
0.725770982236854,2020-01-01,"state34"
0.730099613786979,2020-01-01,"state35"
0.774734244521254,2020-01-01,"state36"
0.744335275240366,2020-01-01,"state37"
0.735482009935727,2020-01-01,"state38"
0.713212376285055,2020-01-01,"state39"
0.737281827695022,2020-01-01,"state40"
0.674739115753749,2020-01-01,"state41"
0.710743193789995,2020-01-01,"state42"
0.709394943583271,2020-01-01,"state44"
0.759242948648027,2020-01-01,"state45"
0.714092419113622,2020-01-01,"state46"
0.80866687059271,2020-01-01,"state47"
0.808707498924498,2020-01-01,"state48"
0.665588297466083,2020-01-01,"state49"
0.729735736846315,2020-01-01,"state50"
0.795205409847039,2020-01-01,"state51"
0.794650476483641,2020-01-01,"state53"
0.710808207409047,2020-01-01,"state54"
0.670175189410415,2020-01-01,"state55"
0.665147699740944,2020-01-01,"state56"
0.737934746128451,2021-01-01,"state01"
0.797123409202062,2021-01-01,"state04"
0.740939679642032,2021-01-01,"state05"
0.684152711279959,2021-01-01,"state06"
0.759721646744324,2021-01-01,"state08"
0.726390194845814,2021-01-01,"state09"
0.774930241105376,2021-01-01,"state10"
0.801636027395815,2021-01-01,"state12"
0.736450142651293,2021-01-01,"state13"
0.838656652580462,2021-01-01,"state15"
0.664848364212378,2021-01-01,"state16"
0.76650242420164,2021-01-01,"state17"
0.743334142463226,2021-01-01,"state18"
0.651338498134601,2021-01-01,"state19"
0.732035039213957,2021-01-01,"state20"
0.780557698407188,2021-01-01,"state21"
0.802016791816315,2021-01-01,"state22"
0.671786579910196,2021-01-01,"state23"
0.734065077654819,2021-01-01,"state24"
0.721392009173836,2021-01-01,"state25"
0.761153302064964,2021-01-01,"state26"
0.70077466978655,2021-01-01,"state27"
0.703232401207129,2021-01-01,"state29"
0.654562369305855,2021-01-01,"state30"
0.686809929029045,2021-01-01,"state31"
0.847025647598581,2021-01-01,"state32"
0.686055451103481,2021-01-01,"state33"
0.709621450102761,2021-01-01,"state34"
0.726483193844015,2021-01-01,"state35"
0.762044190006555,2021-01-01,"state36"
0.740667561207497,2021-01-01,"state37"
0.729918170582744,2021-01-01,"state38"
0.707327059551065,2021-01-01,"state39"
0.730934729854872,2021-01-01,"state40"
0.667441851679373,2021-01-01,"state41"
0.701433161765362,2021-01-01,"state42"
0.695433633468734,2021-01-01,"state44"
0.749261494106295,2021-01-01,"state45"
0.711752829293254,2021-01-01,"state46"
0.800850106823307,2021-01-01,"state47"
0.804442815889965,2021-01-01,"state48"
0.662543012323551,2021-01-01,"state49"
0.734679056847738,2021-01-01,"state50"
0.784038957027472,2021-01-01,"state51"
0.788889487065108,2021-01-01,"state53"
0.693072612876003,2021-01-01,"state54"
0.665629082865238,2021-01-01,"state55"
0.65909148415115,2021-01-01,"state56"
0.737832249861623,2022-01-01,"state01"
0.794967719513126,2022-01-01,"state04"
0.739975465631312,2022-01-01,"state05"
0.680700428884913,2022-01-01,"state06"
0.757459760643422,2022-01-01,"state08"
0.734605620633549,2022-01-01,"state10"
0.80221764112708,2022-01-01,"state12"
0.727857106651404,2022-01-01,"state13"
0.831467124150596,2022-01-01,"state15"
0.667857912432445,2022-01-01,"state16"
0.765056117101019,2022-01-01,"state17"
0.74369772378283,2022-01-01,"state18"
0.649431501963386,2022-01-01,"state19"
0.731763738828431,2022-01-01,"state20"
0.784982266898739,2022-01-01,"state21"
0.800327028179782,2022-01-01,"state22"
0.667280987918283,2022-01-01,"state23"
0.735570876122435,2022-01-01,"state24"
0.709372209867644,2022-01-01,"state25"
0.690018058092661,2022-01-01,"state27"
0.706526584726297,2022-01-01,"state29"
0.657179976394247,2022-01-01,"state30"
0.686202962609357,2022-01-01,"state31"
0.850747255401608,2022-01-01,"state32"
0.677571958342837,2022-01-01,"state33"
0.704518467466552,2022-01-01,"state34"
0.721278097078467,2022-01-01,"state35"
0.754253448688036,2022-01-01,"state36"
0.733242104190968,2022-01-01,"state37"
0.725892360237202,2022-01-01,"state38"
0.703527027318529,2022-01-01,"state39"
0.730450162655573,2022-01-01,"state40"
0.660858954020929,2022-01-01,"state41"
0.696928356626997,2022-01-01,"state42"
0.691838003748946,2022-01-01,"state44"
0.749142693824081,2022-01-01,"state45"
0.706697746016177,2022-01-01,"state46"
0.79972923943501,2022-01-01,"state47"
0.800554915250533,2022-01-01,"state48"
0.661963948854646,2022-01-01,"state49"
0.726587358378844,2022-01-01,"state50"
0.77961523134712,2022-01-01,"state51"
0.78211887105207,2022-01-01,"state53"
0.689411467692138,2022-01-01,"state54"
0.65838537915231,2022-01-01,"state55"
0.653437475775693,2022-01-01,"state56"
0.861932824035159,2009-01-01,"national"
0.816049291599364,2010-01-01,"national"
0.809823410016183,2011-01-01,"national"
0.806150381303749,2012-01-01,"national"
0.803236850906237,2013-01-01,"national"
0.802189695646233,2014-01-01,"national"
0.801861834727386,2015-01-01,"national"
0.801718547069485,2016-01-01,"national"
0.800997248360577,2017-01-01,"national"
0.800875052848807,2018-01-01,"national"
0.800689558131627,2019-01-01,"national"
0.752547440777002,2020-01-01,"national"
0.745235398419606,2021-01-01,"national"
0.741493250791551,2022-01-01,"national"
