"geo","gender","provider_status","population"
"state23","female","other",47540.12
"state33","female","other",80775.9
"state50","female","other",19205.8
"state25","female","other",397599.23
"state44","female","other",62024.02
"state09","female","other",244386.3
"state36","female","other",1123084.14
"state34","female","other",591931.03
"state42","female","other",650167.33
"state39","female","other",569003.4
"state18","female","other",290220.23
"state17","female","other",684685.17
"state26","female","other",527160.37
"state55","female","other",185189.98
"state27","female","other",242493.08
"state19","female","other",114080.56
"state29","female","other",312521.18
"state38","female","other",20646.93
"state46","female","other",22758.03
"state31","female","other",71410.44
"state20","female","other",122788.86
"state10","female","other",52175.84
"state24","female","other",269842.68
"state11","female","other",22853.11
"state51","female","other",428023.94
"state54","female","other",80340.16
"state37","female","other",472908
"state45","female","other",254750.11
"state13","female","other",640816.95
"state12","female","other",1383389.6
"state21","female","other",204444.06
"state47","female","other",334972.61
"state01","female","other",256119.97
"state28","female","other",133576.51
"state05","female","other",120567.08
"state22","female","other",222359.97
"state40","female","other",144911.54
"state48","female","other",1636779.43
"state30","female","other",34641.2
"state16","female","other",91067.55
"state56","female","other",14037.71
"state08","female","other",255835.09
"state35","female","other",94814.79
"state04","female","other",352159.08
"state49","female","other",133691.21
"state32","female","other",166708.57
"state53","female","other",310726.79
"state41","female","other",192603.63
"state06","female","other",2595220.6
"state02","female","other",26528.98
"state15","female","other",94948.11
"state23","female","with_children",125048.55
"state33","female","with_children",111097.51
"state50","female","with_children",64047.78
"state25","female","with_children",758769.25
"state44","female","with_children",110865.04
"state09","female","with_children",341916.55
"state36","female","with_children",2014719.69
"state34","female","with_children",900727.85
"state42","female","with_children",1256283.76
"state39","female","with_children",1094591.46
"state18","female","with_children",760244.95
"state17","female","with_children",1366433.77
"state26","female","with_children",978735.79
"state55","female","with_children",625284.97
"state27","female","with_children",559812.42
"state19","female","with_children",343793.68
"state29","female","with_children",649223.2
"state38","female","with_children",90411.41
"state46","female","with_children",94234.27
"state31","female","with_children",234390.99
"state20","female","with_children",328833.9
"state10","female","with_children",108912.52
"state24","female","with_children",695655.89
"state11","female","with_children",64225.07
"state51","female","with_children",977370.49
"state54","female","with_children",174497.81
"state37","female","with_children",1179727.46
"state45","female","with_children",619965.85
"state13","female","with_children",1239921.52
"state12","female","with_children",2090962.87
"state21","female","with_children",534713.04
"state47","female","with_children",751889.38
"state01","female","with_children",514126.15
"state28","female","with_children",332005.57
"state05","female","with_children",334669.54
"state22","female","with_children",520276.82
"state40","female","with_children",436509.38
"state48","female","with_children",3433409.62
"state30","female","with_children",120225.51
"state16","female","with_children",214650.29
"state56","female","with_children",65957.06
"state08","female","with_children",621302.37
"state35","female","with_children",212628.02
"state04","female","with_children",772521.89
"state49","female","with_children",434183.94
"state32","female","with_children",328230.45
"state53","female","with_children",882990.35
"state41","female","with_children",388752.57
"state06","female","with_children",3993797.56
"state02","female","with_children",81970.16
"state15","female","with_children",127726.92
"state23","female","without_children",412239.56
"state33","female","without_children",390974.88
"state50","female","without_children",184152.9
"state25","female","without_children",1797238.93
"state44","female","without_children",285783.38
"state09","female","without_children",931142.47
"state36","female","without_children",4990765.75
"state34","female","without_children",2310112.72
"state42","female","without_children",3384068.12
"state39","female","without_children",3022692.47
"state18","female","without_children",1646586.74
"state17","female","without_children",3030071.73
"state26","female","without_children",2548373.91
"state55","female","without_children",1570436.46
"state27","female","without_children",1472059.67
"state19","female","without_children",779297.06
"state29","female","without_children",1509427.7
"state38","female","without_children",176760.97
"state46","female","without_children",226946.51
"state31","female","without_children",448159.42
"state20","female","without_children",689266.57
"state10","female","without_children",271766.55
"state24","female","without_children",1555713.38
"state11","female","without_children",218900.57
"state51","female","without_children",2067274.22
"state54","female","without_children",450477.21
"state37","female","without_children",2850322.09
"state45","female","without_children",1387130.68
"state13","female","without_children",2572743.41
"state12","female","without_children",6214196.98
"state21","female","without_children",1047594.67
"state47","female","without_children",1809963.6
"state01","female","without_children",1331444.39
"state28","female","without_children",719534.75
"state05","female","without_children",746943.58
"state22","female","without_children",1081541.3
"state40","female","without_children",988368.1
"state48","female","without_children",6907174.7
"state30","female","without_children",293250.18
"state16","female","without_children",450846.56
"state56","female","without_children",145275.66
"state08","female","without_children",1455851.77
"state35","female","without_children",536641.1
"state04","female","without_children",1881637.11
"state49","female","without_children",711886.41
"state32","female","without_children",793029.24
"state53","female","without_children",1941980.49
"state41","female","without_children",1152091.25
"state06","female","without_children",9080422.92
"state02","female","without_children",154549.35
"state15","female","without_children",346568.02
"state23","male","other",36351.39
"state33","male","other",62949.97
"state50","male","other",13409.61
"state25","male","other",283463.95
"state44","male","other",42648.78
"state09","male","other",176901.49
"state36","male","other",777538.62
"state34","male","other",401939.02
"state42","male","other",436344.38
"state39","male","other",440133.82
"state18","male","other",225250.41
"state17","male","other",538011.15
"state26","male","other",342040.33
"state55","male","other",118375.92
"state27","male","other",192684.9
"state19","male","other",99175.37
"state29","male","other",211470.54
"state38","male","other",16173.43
"state46","male","other",16722.54
"state31","male","other",62883.64
"state20","male","other",78846.39
"state10","male","other",34936.31
"state24","male","other",175422.44
"state11","male","other",9322.69
"state51","male","other",259738.03
"state54","male","other",56529.86
"state37","male","other",318658.9
"state45","male","other",155624.8
"state13","male","other",412593.71
"state12","male","other",945843.53
"state21","male","other",143146.4
"state47","male","other",170789.2
"state01","male","other",158751.92
"state28","male","other",93879.14
"state05","male","other",89751.03
"state22","male","other",139685.73
"state40","male","other",83600.1
"state48","male","other",1175675.86
"state30","male","other",28359.99
"state16","male","other",55475.05
"state56","male","other",12062.13
"state08","male","other",173653.51
"state35","male","other",76804.54
"state04","male","other",275836.77
"state49","male","other",111632.69
"state32","male","other",133983.65
"state53","male","other",285941.75
"state41","male","other",143848.29
"state06","male","other",1959406.92
"state02","male","other",17865.29
"state15","male","other",66523.23
"state23","male","with_children",115218.72
"state33","male","with_children",104255.86
"state50","male","with_children",57605.22
"state25","male","with_children",639630.29
"state44","male","with_children",84377.71
"state09","male","with_children",286186.83
"state36","male","with_children",1565595.98
"state34","male","with_children",731997.4
"state42","male","with_children",1031289.87
"state39","male","with_children",945452.25
"state18","male","with_children",635877.77
"state17","male","with_children",1172592.55
"state26","male","with_children",775794.3
"state55","male","with_children",541626.5
"state27","male","with_children",488560.62
"state19","male","with_children",292792.17
"state29","male","with_children",546470.78
"state38","male","with_children",79430.57
"state46","male","with_children",79595.23
"state31","male","with_children",194280.06
"state20","male","with_children",301803.38
"state10","male","with_children",82681.32
"state24","male","with_children",578760.44
"state11","male","with_children",46251.61
"state51","male","with_children",791366.6
"state54","male","with_children",146459.37
"state37","male","with_children",933414.69
"state45","male","with_children",445554.52
"state13","male","with_children",921061.5
"state12","male","with_children",1675135.81
"state21","male","with_children",454884.48
"state47","male","with_children",615330.93
"state01","male","with_children",378715.47
"state28","male","with_children",225252.16
"state05","male","with_children",253247.98
"state22","male","with_children",353004.3
"state40","male","with_children",362968.57
"state48","male","with_children",2719000.35
"state30","male","with_children",102664.06
"state16","male","with_children",197893.5
"state56","male","with_children",59152.46
"state08","male","with_children",544396.06
"state35","male","with_children",163096.79
"state04","male","with_children",641577.41
"state49","male","with_children",375866.86
"state32","male","with_children",267696.52
"state53","male","with_children",748440.93
"state41","male","with_children",355829.61
"state06","male","with_children",3332732.07
"state02","male","with_children",72738.92
"state15","male","with_children",103448.63
"state23","male","without_children",415453.1
"state33","male","without_children",391477.33
"state50","male","without_children",187069.54
"state25","male","without_children",1826590.68
"state44","male","without_children",323545.32
"state09","male","without_children",976236.2
"state36","male","without_children",5071894.01
"state34","male","without_children",2392765.33
"state42","male","without_children",3490645.44
"state39","male","without_children",2963794.38
"state18","male","without_children",1701454.85
"state17","male","without_children",3213032.78
"state26","male","without_children",2754648.69
"state55","male","without_children",1598359.8
"state27","male","without_children",1605836.17
"state19","male","without_children",883580.66
"state29","male","without_children",1669138.9
"state38","male","without_children",200944
"state46","male","without_children",254306.58
"state31","male","without_children",504247.71
"state20","male","without_children",771054.47
"state10","male","without_children",274389.03
"state24","male","without_children",1576379.88
"state11","male","without_children",210623.73
"state51","male","without_children",2247820.01
"state54","male","without_children",469516.63
"state37","male","without_children",2765661.45
"state45","male","without_children",1459419.66
"state13","male","without_children",2779310.92
"state12","male","without_children",6649366.15
"state21","male","without_children",1142469.65
"state47","male","without_children",1837030.11
"state01","male","without_children",1295790.67
"state28","male","without_children",762691.06
"state05","male","without_children",768373.72
"state22","male","without_children",1192607.38
"state40","male","without_children",998351.16
"state48","male","without_children",7603663.33
"state30","male","without_children",335743.69
"state16","male","without_children",483213.08
"state56","male","without_children",152033.86
"state08","male","without_children",1629128.23
"state35","male","without_children",591251.74
"state04","male","without_children",2012893.53
"state49","male","without_children",813351.44
"state32","male","without_children",909390.51
"state53","male","without_children",2140874.28
"state41","male","without_children",1196632.87
"state06","male","without_children",10261760.46
"state02","male","without_children",189462.32
"state15","male","without_children",372334.81
"national","female","other",17401486.97
"national","female","with_children",35063242.86
"national","female","without_children",82971678.16
"national","male","other",12338659.11
"national","male","with_children",28619057.98
"national","male","without_children",88317611.3
