"age","care_focus","need_interval","provision_interval"
0,"daily_living",720,0
0,"developmental",420,0
0,"health",300,0
1,"daily_living",720,0
1,"developmental",420,0
1,"health",300,0
2,"daily_living",720,0
2,"developmental",420,0
2,"health",300,0
3,"daily_living",720,0
3,"developmental",420,0
3,"health",300,0
4,"daily_living",720,0
4,"developmental",420,0
4,"health",300,0
5,"daily_living",720,0
5,"developmental",420,0
5,"health",300,0
6,"daily_living",810,0
6,"developmental",480,0
6,"health",150,0
7,"daily_living",810,0
7,"developmental",480,0
7,"health",150,0
8,"daily_living",810,0
8,"developmental",480,0
8,"health",150,0
9,"daily_living",810,0
9,"developmental",480,0
9,"health",150,0
10,"daily_living",810,0
10,"developmental",480,0
10,"health",150,0
11,"daily_living",810,0
11,"developmental",480,0
11,"health",150,0
12,"daily_living",810,0
12,"developmental",480,0
12,"health",150,0
13,"daily_living",798.160695064871,0
13,"developmental",421.214644305321,0
13,"health",115.87885661426,0
14,"daily_living",783.031507081128,2.27887523803769
14,"developmental",398.862965078375,0
14,"health",106.045318132431,0
15,"daily_living",761.076766636468,12.5223710811109
15,"developmental",372.180359850943,0
15,"health",95.4156072751746,3.32889112685144
16,"daily_living",713.008776720619,23.61924294861
16,"developmental",336.119644947828,0
16,"health",85.3739404193007,9.51431887403245
17,"daily_living",616.746826948826,37.581209632759
17,"developmental",282.50170185353,12.5959189193573
17,"health",76.2312852335176,19.4816351284363
18,"daily_living",492.27128573267,55.7418489899597
18,"developmental",218.753970498692,38.7579922830562
18,"health",67.7307033522454,32.9492705243681
19,"daily_living",383.386074256377,75.4402140469033
19,"developmental",163.239104877336,70.54687819655
19,"health",60.4045521008595,47.9921295429644
20,"daily_living",270.679549042125,94.0153578302811
20,"developmental",105.324439496721,106.631065335937
20,"health",51.7444900527829,62.6851166653614
21,"daily_living",167.860437097455,108.806333366784
21,"developmental",53.0520208534687,145.679042377314
21,"health",44.4341284788068,75.1031363726956
22,"daily_living",121.154308648904,121.324132822107
22,"developmental",30.2345405087033,198.584639278429
22,"health",41.679926687486,87.1305182903743
23,"daily_living",104.317927792244,133.546346598262
23,"developmental",22.3283972165356,262.964148878462
23,"health",41.1243361564666,99.9621694481663
24,"daily_living",104.317927792244,143.51192507642
24,"developmental",18.1738737445134,317.569754175659
24,"health",42.7416315108132,110.63886043375
25,"daily_living",104.317927792244,148.298162682588
25,"developmental",18.3381118665328,366.936222998365
25,"health",46.7029761947126,117.851464736497
26,"daily_living",104.317927792244,149.417523630671
26,"developmental",24.918089017755,420.260457945095
26,"health",53.1419194920881,123.291159569444
27,"daily_living",109.975687373915,151.561712983692
27,"developmental",29.0488414576254,463.287844169348
27,"health",61.9763147876095,128.499171105773
28,"daily_living",108.359263131202,155.230784686113
28,"developmental",29.2407805357194,492.148935313454
28,"health",77.6983858377127,133.543675392268
29,"daily_living",106.86005497271,158.078163990133
29,"developmental",29.8052210053487,513.504359656725
29,"health",97.9127341592445,137.522474768438
30,"daily_living",106.239491823067,160.525612920374
30,"developmental",30.5785542315632,528.894614308132
30,"health",112.205779777491,140.521234846555
31,"daily_living",106.433706969541,162.994893501459
31,"developmental",32.3542089243114,539.860196376644
31,"health",121.921372423971,142.625621238891
32,"daily_living",107.364308279211,165.907767758011
32,"developmental",34.0465343364946,547.941602971232
32,"health",127.781634183658,143.921299557719
33,"daily_living",110.149858071852,169.26681156247
33,"developmental",35.0676243312653,552.109060260942
33,"health",119.655929857123,144.132428795797
34,"daily_living",114.181373934696,172.668669476084
34,"developmental",36.0706667401331,551.267094055646
34,"health",103.278658368042,143.233406096448
35,"daily_living",117.607179563268,175.926206556696
35,"developmental",35.9350746951116,546.857650925551
35,"health",91.1011994565292,141.685254297786
36,"daily_living",120.759449953072,178.852287862145
36,"developmental",34.6656449725303,540.322677440868
36,"health",79.2995590617588,139.948996237931
37,"daily_living",123.651040005329,181.25977845027
37,"developmental",32.364885429969,533.104120171803
37,"health",70.4537055981462,138.485654754997
38,"daily_living",124.934070802964,183.109378778881
38,"developmental",27.4013082056066,523.347357685117
38,"health",77.8231013193968,136.997768297204
39,"daily_living",125.387152176212,184.554644768498
39,"developmental",20.6763867223544,509.382168096826
39,"health",93.3735220731282,134.99258642429
40,"daily_living",125.869360800138,185.697724671032
40,"developmental",15.0155426612002,492.927097301026
40,"health",107.221761703186,132.638198641652
41,"daily_living",126.18966278867,186.64076673839
41,"developmental",6.4099295222959,475.700691191812
41,"health",125.173302877729,130.102694454686
42,"daily_living",126.481533044247,187.485919222483
42,"developmental",0,459.421495663282
42,"health",140.641107515177,127.554163368788
43,"daily_living",127.466201652267,188.050209748186
43,"developmental",2.53630588471009,441.466089194646
43,"health",141.048419250128,125.793451211725
44,"daily_living",128.731181134541,188.287855686075
44,"developmental",8.96939849521977,421.296140439076
44,"health",135.515988680912,124.585461578016
45,"daily_living",129.921735003514,188.506789906606
45,"developmental",17.837121578627,403.757830551607
45,"health",128.118088972355,122.54437062319
46,"daily_living",131.04977865134,188.472062131161
46,"developmental",33.6591247632912,389.360427955359
46,"health",116.000506566575,118.48839634949
47,"daily_living",132.137106064918,188.13146497383
47,"developmental",54.704863180454,375.519090671904
47,"health",99.0405273060913,113.31714915545
48,"daily_living",132.843798648816,188.067045644132
48,"developmental",70.1639780504754,362.438834253954
48,"health",85.4096734563385,108.766893791044
49,"daily_living",132.587803362094,188.28551586593
49,"developmental",78.164286400937,350.18493727153
49,"health",77.79088797894,104.603692594945
50,"daily_living",131.801970523036,188.458101860929
50,"developmental",82.9180425675752,338.774435589737
50,"health",72.3698087682333,99.8633329936751
51,"daily_living",131.668736575058,188.663622585414
51,"developmental",82.7415437329815,328.339980703914
51,"health",67.5720004887224,95.1866673689786
52,"daily_living",131.602906144501,188.980896995674
52,"developmental",70.0732888860525,319.014224109398
52,"health",62.8375170697481,91.2145481026001
53,"daily_living",132.178159099197,189.488744047995
53,"developmental",55.5939692305213,310.929817301528
53,"health",59.1831433366367,88.5878275762841
54,"daily_living",134.767169611233,189.810487022789
54,"developmental",47.5998570558653,303.956893283858
54,"health",55.9941197101281,88.3806153283262
55,"daily_living",138.430841977663,190.012544273542
55,"developmental",39.3421498282299,297.902395731517
55,"health",53.1135408235132,89.6649541258614
56,"daily_living",142.622270691574,190.838377366153
56,"developmental",33.9328208174623,292.804192147201
56,"health",52.0188490041006,90.078596193893
57,"daily_living",147.892273742462,191.857663339136
57,"developmental",34.6197149304459,288.921165489501
57,"health",54.3541701925879,89.8424062745875
58,"daily_living",154.090678399709,192.862929553229
58,"developmental",38.8671257583534,286.040154958465
58,"health",59.0513107139972,90.0363778296731
59,"daily_living",159.619093076244,194.931913057672
59,"developmental",41.1116995974657,283.490962418971
59,"health",63.5192334721241,89.5869561634956
60,"daily_living",163.783802249787,198.554955934916
60,"developmental",40.0816828251259,282.354114432399
60,"health",67.6712641543785,88.2250034172599
61,"daily_living",167.493415801688,203.220704610404
61,"developmental",38.0546558905873,283.329035595576
61,"health",72.230397619335,86.4847302252554
62,"daily_living",171.553030250315,208.504352647863
62,"developmental",34.7912661979968,285.173874826551
62,"health",75.8201005275359,84.497604631455
63,"daily_living",176.360398833262,213.981093611019
63,"developmental",28.3246972535879,286.646781043375
63,"health",79.1087000869943,82.3950946798312
64,"daily_living",181.194528498437,219.226121063601
64,"developmental",21.3216829396684,286.505903164098
64,"health",81.6254443923487,80.3086684143567
65,"daily_living",186.417067270432,225.666506916592
65,"developmental",15.3566858034774,285.316023537158
65,"health",82.2097717556968,77.7000537324592
66,"daily_living",191.983687709317,233.271356081482
66,"developmental",9.15380984015458,283.852678749225
66,"health",81.7105973856943,74.5881876584405
67,"daily_living",196.412403702155,239.428911622751
67,"developmental",5.14849018980837,281.190149075698
67,"health",80.0569846176591,71.9403519265849
68,"daily_living",189.77536609389,244.667177242814
68,"developmental",4.60705135504153,276.768373237202
68,"health",72.58893257275,70.1455798853961
69,"daily_living",177.146197952259,250.084339067606
69,"developmental",5.96538792039944,271.299093043596
69,"health",61.5128564543364,68.6827640696503
70,"daily_living",179.545121498517,253.92391379689
70,"developmental",7.41329014890446,265.764293404133
70,"health",57.0574437210532,67.1539749930407
71,"daily_living",203.119435909369,255
71,"developmental",10.0842500479688,261.791086815649
71,"health",61.7253134644614,65.9487531147014
72,"daily_living",238.223935062687,255
72,"developmental",14.0908277497445,258.951220781774
72,"health",71.0869588527418,65.2744871538642
73,"daily_living",282.190083231476,255
73,"developmental",16.091415704364,255.143632721938
73,"health",84.9728784594588,64.4600200143687
74,"daily_living",354.223535391467,255
74,"developmental",14.5189565154747,248.267260055576
74,"health",111.202267594651,62.8341946000544
75,"daily_living",428.452055477201,255
75,"developmental",12.0755409216387,236.221040202118
75,"health",138.981608789842,59.7258538147609
76,"daily_living",482.342387228421,242.133245414912
76,"developmental",8.66132525456328,219.583458654288
76,"health",159.996237484216,55.3338393827893
77,"daily_living",534.020836300835,224.035841802221
77,"developmental",3.91851894074515,200.358623888531
77,"health",181.205688198488,50.3097013883557
78,"daily_living",574.191373279614,202.258939946338
78,"developmental",0.522316274871567,178.583907799863
78,"health",197.432688960751,44.6613452751722
79,"daily_living",592.78720781549,176.775697245249
79,"developmental",0,154.296682283302
79,"health",205.021836016615,38.3966764869514
80,"daily_living",608.064659055405,147.559271096942
80,"developmental",0,127.534319233866
80,"health",210.863141553428,31.5236004674053
81,"daily_living",630.072823081175,114.530782487529
81,"developmental",0,98.2221348247899
81,"health",218.162767906902,24.0212892742937
82,"daily_living",649.084562286876,77.623824804437
82,"developmental",0,66.2529470995465
82,"health",223.805154064396,15.8628666162413
83,"daily_living",668.624160970386,36.8302640476259
83,"developmental",0,31.6153807585047
83,"health",228.948566944083,7.04716541325779
84,"daily_living",691.39137320593,0
84,"developmental",0.286485753461675,0
84,"health",234.498418680235,0
85,"daily_living",715.643411591197,0
85,"developmental",2.13069920624739,0
85,"health",239.889156243259,0
