"age","population"
0,3551026.57
1,3697305.55
2,3780407.33
3,3753895.63
4,3719363.41
5,3877662.53
6,3967377.68
7,3935642.3
8,4116420.96
9,4141455.43
10,4341083.96
11,3991691.34
12,4095657.56
13,4225092.6
14,4188973.07
15,4322067.07
16,4574926.82
17,4697855.38
18,4598793.09
19,4012790.34
20,4381411.09
21,4320759.89
22,4451107.95
23,4238026.94
24,4667193.5
25,4339726.7
26,4543504.51
27,4257360.07
28,4609961.92
29,4463787.33
30,4551474.82
31,4348836.76
32,4794234.84
33,5051406.78
34,4844267.8
35,4822103.34
36,4552160.79
37,4723717.8
38,4486520.31
39,4635463.78
40,4616456.75
41,4517239.55
42,4675905.06
43,4180773.33
44,4313777.34
45,4053674.75
46,4032912.48
47,4277414.96
48,4033258.28
49,3975948.15
50,4072556.72
51,3840970.82
52,3875928.54
53,3948234.44
54,4350250.26
55,4059715.53
56,4048557.7
57,3757076.97
58,4068756.4
59,3996940.72
60,3988395.57
61,4175321.96
62,4353357.08
63,4141700.92
64,4173779.91
65,3892687.38
66,3867785.24
67,3869175.04
68,3745050.01
69,3748745.11
70,3488917.93
71,3393098.13
72,3215525.16
73,3278277.29
74,2824944.41
75,2851211.53
76,2654625.32
77,2720585.49
78,2422289.3
79,1830137.09
80,7812485.65
85,5872681.76
