"date","geo_level","care_privileged_population","care_privileged_population_proportion"
2007-01-01,"national",77483202.3229524,0.417373870280464
2007-01-01,"state01",1224493.65932784,0.405676147549052
2007-01-01,"state02",184224.185471967,0.446188597319428
2007-01-01,"state04",1166738.07378295,0.368158564960126
2007-01-01,"state05",810410.438084856,0.436380143300233
2007-01-01,"state06",8854228.47262236,0.426672347062538
2007-01-01,"state08",1344232.97030441,0.452871966229825
2007-01-01,"state09",747635.979689152,0.357924998271207
2007-01-01,"state10",255547.679725673,0.473861058733535
2007-01-01,"state11",159805.574986102,0.505410227240497
2007-01-01,"state12",4498361.63421261,0.461048937756933
2007-01-01,"state13",2129993.98527353,0.40977038371864
2007-01-01,"state15",168481.318982886,0.318112792740801
2007-01-01,"state16",415051.661801066,0.405483466580532
2007-01-01,"state17",3161524.59670739,0.397622419790926
2007-01-01,"state18",1682743.89047057,0.389433937796454
2007-01-01,"state19",885613.652728216,0.41125374771748
2007-01-01,"state20",890926.752601745,0.443939712212458
2007-01-01,"state21",1228416.1149545,0.425958510187811
2007-01-01,"state22",985878.862726552,0.413840017583026
2007-01-01,"state23",401801.067093461,0.450329755577243
2007-01-01,"state24",1722233.50315431,0.478532682950891
2007-01-01,"state25",1730533.88017218,0.420376261027489
2007-01-01,"state26",2701294.81040609,0.394585264620508
2007-01-01,"state27",1791133.82493048,0.447268263481657
2007-01-01,"state28",817690.7466783,0.43273770788253
2007-01-01,"state29",1613936.62304005,0.408741440483482
2007-01-01,"state30",287914.985933705,0.484618336998941
2007-01-01,"state31",436812.655945889,0.342123995488732
2007-01-01,"state32",600274.753139692,0.424701885237062
2007-01-01,"state33",331612.526467005,0.354214960173843
2007-01-01,"state34",2308758.3110338,0.431022831955479
2007-01-01,"state35",445514.120569203,0.372081331900611
2007-01-01,"state36",4345201.19285208,0.411775583145455
2007-01-01,"state37",2267170.04233496,0.415306327396772
2007-01-01,"state38",238495.418188021,0.50426472704482
2007-01-01,"state39",3107671.47011237,0.388536686558749
2007-01-01,"state40",1018457.59499425,0.446996190860686
2007-01-01,"state41",1060669.97113012,0.419851035812403
2007-01-01,"state42",3776629.42302371,0.41872892688695
2007-01-01,"state44",251089.610682611,0.388721467028954
2007-01-01,"state45",1101409.03388948,0.446601649948772
2007-01-01,"state46",273841.152331581,0.462001076564479
2007-01-01,"state47",1549430.11565176,0.404236022871913
2007-01-01,"state48",5424484.39099251,0.41947566971461
2007-01-01,"state49",755336.740974066,0.393954613984692
2007-01-01,"state50",171175.468163305,0.426067870056188
2007-01-01,"state51",2149748.26408868,0.419171719387153
2007-01-01,"state53",1676493.48121153,0.401776152785489
2007-01-01,"state54",443373.08045805,0.346459888119638
2007-01-01,"state55",1705941.02603485,0.411293267610265
2007-01-01,"state56",182763.532819968,0.433762913222585
2008-01-01,"national",79081474.975889,0.423294915706499
2008-01-01,"state01",1291053.42171544,0.419819412154262
2008-01-01,"state02",162511.087175841,0.429139656461252
2008-01-01,"state04",1338896.1844981,0.405034425260678
2008-01-01,"state05",817063.263971309,0.439500485108346
2008-01-01,"state06",8622096.56128,0.423051594575396
2008-01-01,"state08",1379226.36146111,0.457352304309755
2008-01-01,"state09",861207.875701328,0.401442895944517
2008-01-01,"state10",261734.851287341,0.470668399961353
2008-01-01,"state11",143573.971728152,0.455589816236303
2008-01-01,"state12",4519684.95512958,0.462552146708848
2008-01-01,"state13",2402824.91858087,0.431920674437047
2008-01-01,"state15",196365.113044375,0.359460843743846
2008-01-01,"state16",531417.68225282,0.469119971867053
2008-01-01,"state17",3245420.9421277,0.407406912137085
2008-01-01,"state18",1663234.77492797,0.380565709678443
2008-01-01,"state19",821970.831729564,0.397415081027183
2008-01-01,"state20",921376.538306787,0.450483447526666
2008-01-01,"state21",1195826.46740424,0.418707324057869
2008-01-01,"state22",1061137.25849593,0.438126915401791
2008-01-01,"state23",415198.052467388,0.465128962767149
2008-01-01,"state24",1687996.9256206,0.469224006593245
2008-01-01,"state25",1745228.56890195,0.436605923409198
2008-01-01,"state26",2762728.87949666,0.397688869273312
2008-01-01,"state27",1680371.05704751,0.444411063447537
2008-01-01,"state28",828083.783831426,0.432071289512969
2008-01-01,"state29",1690466.52118521,0.420849168044357
2008-01-01,"state30",285428.463075344,0.501797073699825
2008-01-01,"state31",419374.60607596,0.337264595914612
2008-01-01,"state32",586525.740850859,0.412649007345961
2008-01-01,"state33",369877.565160892,0.393429858620435
2008-01-01,"state34",2373002.86521193,0.44551434776744
2008-01-01,"state35",505433.676918031,0.407677476202415
2008-01-01,"state36",4331553.10425073,0.41296636310622
2008-01-01,"state37",2255449.69334501,0.403161582164563
2008-01-01,"state38",259749.61482723,0.537779150202276
2008-01-01,"state39",3117514.78194724,0.389670041716945
2008-01-01,"state40",1079076.92133534,0.465147764775647
2008-01-01,"state41",1037468.93858779,0.419354098628254
2008-01-01,"state42",3942004.5632842,0.43335033599037
2008-01-01,"state44",272010.281338654,0.430568131215434
2008-01-01,"state45",1085274.04602027,0.436713389916061
2008-01-01,"state46",285173.419553138,0.511758068194269
2008-01-01,"state47",1600520.11514842,0.410380325273259
2008-01-01,"state48",5663384.70688197,0.4238075348515
2008-01-01,"state49",786733.257808281,0.386439170700997
2008-01-01,"state50",189133.06499882,0.488859700901048
2008-01-01,"state51",2260325.71628359,0.434154864212665
2008-01-01,"state53",1756366.06103066,0.409535613894698
2008-01-01,"state54",451912.049512757,0.36308172592297
2008-01-01,"state55",1760112.62002826,0.419498812109688
2008-01-01,"state56",161372.253044401,0.394188863628975
2009-01-01,"national",80382558.8006699,0.426824515983447
2009-01-01,"state01",1276482.41086907,0.428841525330516
2009-01-01,"state02",168843.947339289,0.437267067186262
2009-01-01,"state04",1390434.80836531,0.416651284221727
2009-01-01,"state05",844032.512176859,0.427570514832712
2009-01-01,"state06",8525289.56812123,0.419897846395887
2009-01-01,"state08",1375418.01133307,0.458891017346872
2009-01-01,"state09",891179.418293265,0.411487744556151
2009-01-01,"state10",226332.286159441,0.401687972110636
2009-01-01,"state11",156897.158128425,0.491047097705749
2009-01-01,"state12",4551731.27698685,0.467238447580051
2009-01-01,"state13",2435522.34109046,0.440079048408097
2009-01-01,"state15",204368.539981556,0.3933117130885
2009-01-01,"state16",559220.427612281,0.478857771067319
2009-01-01,"state17",3369619.46129467,0.417441294401742
2009-01-01,"state18",1697363.98140293,0.389628986911307
2009-01-01,"state19",871541.058436287,0.429091764268062
2009-01-01,"state20",855664.675457352,0.439057035119079
2009-01-01,"state21",1297937.03514972,0.436844434677681
2009-01-01,"state22",1117765.5606734,0.455227601969171
2009-01-01,"state23",398646.826462265,0.435445013070773
2009-01-01,"state24",1629324.55604961,0.455980086785713
2009-01-01,"state25",1825015.41521314,0.440421019099558
2009-01-01,"state26",2879866.95701841,0.412367444541312
2009-01-01,"state27",1663740.99928368,0.445048305766152
2009-01-01,"state28",837768.760427153,0.439854834765564
2009-01-01,"state29",1736043.45614408,0.416394848707648
2009-01-01,"state30",284865.530501655,0.50386518063685
2009-01-01,"state31",426620.616629086,0.381303406592042
2009-01-01,"state32",612779.982933871,0.42305377653905
2009-01-01,"state33",377521.002441524,0.383179586585219
2009-01-01,"state34",2268556.37481417,0.43242344570747
2009-01-01,"state35",534679.269147661,0.445771176031186
2009-01-01,"state36",4332034.4445983,0.407059389298883
2009-01-01,"state37",2397178.95196519,0.42062925316106
2009-01-01,"state38",253772.8052978,0.507650341623537
2009-01-01,"state39",3057259.16145476,0.382653973535196
2009-01-01,"state40",1150227.49879847,0.472682700976142
2009-01-01,"state41",1051691.25642844,0.42053653301836
2009-01-01,"state42",4078673.5612723,0.441180784851438
2009-01-01,"state44",278253.90944088,0.485833972113519
2009-01-01,"state45",1166019.82517811,0.452939817543363
2009-01-01,"state46",317461.253413946,0.544561676200075
2009-01-01,"state47",1597017.28491587,0.410803025904074
2009-01-01,"state48",5906147.98457324,0.424669452467398
2009-01-01,"state49",805176.711415304,0.388328860952102
2009-01-01,"state50",185731.4286663,0.526415671769843
2009-01-01,"state51",2337040.907814,0.447272079981246
2009-01-01,"state53",1781996.11156756,0.40276455376319
2009-01-01,"state54",498194.101881166,0.402172740609012
2009-01-01,"state55",1713007.93225028,0.40402306833862
2009-01-01,"state56",184599.443800188,0.435619411842368
2010-01-01,"national",81869451.6371352,0.43086154764668
2010-01-01,"state01",1226034.19531257,0.417944442651828
2010-01-01,"state02",123136.988002885,0.36306343800824
2010-01-01,"state04",1461164.61088601,0.432125124719014
2010-01-01,"state05",868835.446795597,0.45694714234873
2010-01-01,"state06",8503848.04348193,0.414244064650296
2010-01-01,"state08",1374015.31879084,0.47123996109311
2010-01-01,"state09",975753.435696186,0.434511533986262
2010-01-01,"state10",221469.479324127,0.398380025360146
2010-01-01,"state11",132622.115431764,0.456094963504019
2010-01-01,"state12",4758007.31618727,0.476005425940485
2010-01-01,"state13",2519675.84865173,0.445749078775873
2010-01-01,"state15",191260.832867856,0.331374609122868
2010-01-01,"state16",543758.66534682,0.499647581197771
2010-01-01,"state17",3337323.18982762,0.414036448480332
2010-01-01,"state18",1807963.71720824,0.399695609746878
2010-01-01,"state19",891010.307874665,0.438918049574889
2010-01-01,"state20",784785.58030869,0.423026933114201
2010-01-01,"state21",1363115.57555481,0.454931517366261
2010-01-01,"state22",1198062.87333139,0.463564341210677
2010-01-01,"state23",387643.98420231,0.421050062720393
2010-01-01,"state24",1575315.50849188,0.441658055966687
2010-01-01,"state25",1793156.70233014,0.431315415090775
2010-01-01,"state26",2842636.70186561,0.407444354131632
2010-01-01,"state27",1685399.5055437,0.438402912106536
2010-01-01,"state28",879602.092674183,0.480139814686872
2010-01-01,"state29",1766400.95036976,0.432774993366012
2010-01-01,"state30",263514.384916525,0.466515015980202
2010-01-01,"state31",423495.141469934,0.373273404976386
2010-01-01,"state32",616158.813171232,0.428389393203216
2010-01-01,"state33",399728.098050009,0.418516396033151
2010-01-01,"state34",2449509.2718738,0.451082502455068
2010-01-01,"state35",495577.065656054,0.436332243934537
2010-01-01,"state36",4585532.29522617,0.421269631794184
2010-01-01,"state37",2436709.82247554,0.424418928775106
2010-01-01,"state38",270724.435479946,0.543711802330058
2010-01-01,"state39",2985323.39616613,0.386763697451136
2010-01-01,"state40",1121546.15001916,0.451482337787084
2010-01-01,"state41",1057285.77260457,0.405452687159433
2010-01-01,"state42",3976203.55111522,0.435577800475393
2010-01-01,"state44",230806.625226558,0.474587450222203
2010-01-01,"state45",1185285.00094863,0.440604650612468
2010-01-01,"state46",298200.407045429,0.52010431525726
2010-01-01,"state47",1684163.87220059,0.426035674016314
2010-01-01,"state48",6230361.28854633,0.43739908291202
2010-01-01,"state49",813797.024550193,0.381280298963151
2010-01-01,"state50",181748.288219413,0.522283059714481
2010-01-01,"state51",2441422.83434594,0.462944932382706
2010-01-01,"state53",1921714.08592637,0.414720849941235
2010-01-01,"state54",593210.001684042,0.451943624474015
2010-01-01,"state55",1782461.64586648,0.405617990530677
2010-01-01,"state56",212973.377992339,0.516868583810409
2011-01-01,"national",83680953.0333531,0.436608101163268
2011-01-01,"state01",1189561.89961253,0.408666269099164
2011-01-01,"state02",99000.8112061863,0.319437592028282
2011-01-01,"state04",1555017.66083931,0.442985162306354
2011-01-01,"state05",923824.53355504,0.495865438255712
2011-01-01,"state06",8765393.59498221,0.42265764429721
2011-01-01,"state08",1546077.63232294,0.48297512339258
2011-01-01,"state09",1000094.50252936,0.454649139029728
2011-01-01,"state10",224645.676601874,0.386952384120306
2011-01-01,"state11",160333.208745974,0.463976679536034
2011-01-01,"state12",4794529.34945915,0.467503035137586
2011-01-01,"state13",2495175.36137217,0.435871361121208
2011-01-01,"state15",189538.567158405,0.329208784418033
2011-01-01,"state16",514334.728058623,0.465140314789189
2011-01-01,"state17",3254181.47654819,0.419047227912881
2011-01-01,"state18",1859080.99849035,0.405768971044058
2011-01-01,"state19",1039217.6430547,0.476948983157463
2011-01-01,"state20",836136.464111316,0.446145737947289
2011-01-01,"state21",1330357.05429848,0.447407337368461
2011-01-01,"state22",1205110.69032527,0.476666842065905
2011-01-01,"state23",407608.587495521,0.439813527227444
2011-01-01,"state24",1507330.40449874,0.422511342976898
2011-01-01,"state25",1837895.97741635,0.429915693398657
2011-01-01,"state26",2770174.2889027,0.406064991006546
2011-01-01,"state27",1802558.22177155,0.459447355420592
2011-01-01,"state28",856180.95740033,0.485554403582462
2011-01-01,"state29",1892373.47709637,0.459687636372046
2011-01-01,"state30",263170.738241927,0.423713244893221
2011-01-01,"state31",499848.471136601,0.428946669080449
2011-01-01,"state32",654921.879203647,0.408759985828688
2011-01-01,"state33",436406.047600062,0.449835078558426
2011-01-01,"state34",2590903.50214799,0.477445640858796
2011-01-01,"state35",521792.906921026,0.438566701110939
2011-01-01,"state36",4623205.3495485,0.428297505044158
2011-01-01,"state37",2495318.5549166,0.425726613421028
2011-01-01,"state38",231995.62279144,0.510365342922223
2011-01-01,"state39",2950744.21058236,0.382344889726535
2011-01-01,"state40",1127417.47227152,0.459421467364931
2011-01-01,"state41",1127755.38626708,0.425624148865871
2011-01-01,"state42",4164616.15945882,0.453525287110863
2011-01-01,"state44",234324.7330778,0.461401116098007
2011-01-01,"state45",1155238.38106989,0.43613952498966
2011-01-01,"state46",268653.967596455,0.472082181313519
2011-01-01,"state47",1670175.53715396,0.422579371129727
2011-01-01,"state48",6473847.48660023,0.443224210234492
2011-01-01,"state49",920823.786228198,0.405183589298757
2011-01-01,"state50",147752.667311383,0.492781618007703
2011-01-01,"state51",2470927.85048769,0.461724314858981
2011-01-01,"state53",1860767.95943925,0.401515864624276
2011-01-01,"state54",612190.370591392,0.47311209047174
2011-01-01,"state55",1912601.00351885,0.433714491604101
2011-01-01,"state56",209819.221336825,0.514745893077243
2012-01-01,"national",86563287.5414795,0.446645708058034
2012-01-01,"state01",1231877.89457984,0.436576365629371
2012-01-01,"state02",77054.116346932,0.287477383859589
2012-01-01,"state04",1743501.95811769,0.479187381805992
2012-01-01,"state05",862815.82922418,0.483805520166781
2012-01-01,"state06",9107569.23441778,0.432749596053871
2012-01-01,"state08",1641826.60724536,0.476703314378996
2012-01-01,"state09",1035220.60802096,0.467076133079349
2012-01-01,"state10",226574.682501515,0.381963884222339
2012-01-01,"state11",114407.139332079,0.366624815080284
2012-01-01,"state12",4769577.152637,0.449702769460287
2012-01-01,"state13",2511286.18755565,0.428460903663714
2012-01-01,"state15",236832.392467095,0.418365390700576
2012-01-01,"state16",526223.915036734,0.463648303579487
2012-01-01,"state17",3432985.59659102,0.440552615045338
2012-01-01,"state18",1858963.76659652,0.408622555522447
2012-01-01,"state19",1031044.18735687,0.474117319707979
2012-01-01,"state20",795670.44594467,0.436020972260113
2012-01-01,"state21",1427286.2713249,0.462481368002978
2012-01-01,"state22",1248754.63035198,0.491298060136861
2012-01-01,"state23",450870.971894956,0.474880111375561
2012-01-01,"state24",1577463.36468008,0.423623489581003
2012-01-01,"state25",1868708.1496634,0.429824633735826
2012-01-01,"state26",2965526.32046454,0.42585767376977
2012-01-01,"state27",1935708.78645983,0.489279533262505
2012-01-01,"state28",866878.337883218,0.49154414348754
2012-01-01,"state29",1845362.05389228,0.444498359007484
2012-01-01,"state30",237452.854825872,0.398033469700915
2012-01-01,"state31",547312.392051406,0.470067480424571
2012-01-01,"state32",764978.969244432,0.431095303615817
2012-01-01,"state33",483654.822344966,0.489346020814453
2012-01-01,"state34",2618495.9546255,0.488738192771216
2012-01-01,"state35",473881.423157052,0.427884959673428
2012-01-01,"state36",4835629.95269889,0.447312718515865
2012-01-01,"state37",2544157.83928976,0.434411482596129
2012-01-01,"state38",238103.366725802,0.501744573283858
2012-01-01,"state39",3039456.49495844,0.406678505810797
2012-01-01,"state40",1050414.30752651,0.44231477968227
2012-01-01,"state41",1123461.38310887,0.414833547933908
2012-01-01,"state42",4379506.11832096,0.468717251229862
2012-01-01,"state44",252874.622692485,0.453517903751591
2012-01-01,"state45",1246341.69352317,0.450680925325342
2012-01-01,"state46",282552.97928213,0.480127631756998
2012-01-01,"state47",1709325.22191037,0.442064468827921
2012-01-01,"state48",6865339.91629762,0.452754210436582
2012-01-01,"state49",941809.426210677,0.421883148174387
2012-01-01,"state50",153642.608314781,0.466888699808462
2012-01-01,"state51",2532492.11861063,0.473783497584501
2012-01-01,"state53",2019223.01895492,0.4308428853118
2012-01-01,"state54",657990.412752041,0.493197920849592
2012-01-01,"state55",1980474.34619091,0.448374402011075
2012-01-01,"state56",194724.697274228,0.52088064928717
2013-01-01,"national",87529252.3366779,0.44564365293562
2013-01-01,"state01",1292782.15453936,0.453301245557138
2013-01-01,"state02",140835.395190457,0.450430952133651
2013-01-01,"state04",1631340.06201476,0.441741988660814
2013-01-01,"state05",890332.774336973,0.488085996103333
2013-01-01,"state06",9404785.18484208,0.435865168030322
2013-01-01,"state08",1679768.05755392,0.483588420108609
2013-01-01,"state09",1006063.74250468,0.471569095024997
2013-01-01,"state10",272316.748257612,0.425044456118442
2013-01-01,"state11",152236.255688147,0.467171360341083
2013-01-01,"state12",4859694.47022761,0.451473568760187
2013-01-01,"state13",2399971.27958499,0.413117244951723
2013-01-01,"state15",199105.272406009,0.389221410000861
2013-01-01,"state16",442273.202306636,0.411376186381776
2013-01-01,"state17",3383316.09486652,0.428715415827682
2013-01-01,"state18",1914497.48517543,0.41507167108177
2013-01-01,"state19",1063741.44236548,0.474534158801065
2013-01-01,"state20",807189.901406151,0.445733598772368
2013-01-01,"state21",1552294.77132761,0.473843556444617
2013-01-01,"state22",1203369.37528806,0.489673651281574
2013-01-01,"state23",403069.341890269,0.444598769836501
2013-01-01,"state24",1658911.63452895,0.43446457491983
2013-01-01,"state25",1948084.54304061,0.430838453620344
2013-01-01,"state26",2900203.62673526,0.413407959775234
2013-01-01,"state27",2042447.27211573,0.494495242645424
2013-01-01,"state28",826057.584595251,0.492554283519127
2013-01-01,"state29",1727343.19993139,0.422937074284251
2013-01-01,"state30",248257.025500818,0.407811972735735
2013-01-01,"state31",558390.266618243,0.454360379918856
2013-01-01,"state32",781955.741720292,0.440612700110096
2013-01-01,"state33",464668.897718398,0.499676738472048
2013-01-01,"state34",2679034.46297386,0.466911942635532
2013-01-01,"state35",450706.833835526,0.414245310030253
2013-01-01,"state36",4762879.19079084,0.439419574005638
2013-01-01,"state37",2741781.10440803,0.459802239170059
2013-01-01,"state38",194778.163112241,0.444492746487784
2013-01-01,"state39",3113740.74741437,0.419839347614794
2013-01-01,"state40",983132.980635007,0.434036680157486
2013-01-01,"state41",1271512.33592179,0.436973030652152
2013-01-01,"state42",4239174.71364718,0.452713022248634
2013-01-01,"state44",278681.222193849,0.44840464992584
2013-01-01,"state45",1276752.93324511,0.45191804137214
2013-01-01,"state46",266014.189546321,0.452149935953781
2013-01-01,"state47",1727653.08439632,0.446440202040938
2013-01-01,"state48",7273169.10764834,0.460214012241928
2013-01-01,"state49",898157.69746773,0.415336340102047
2013-01-01,"state50",135411.251838213,0.398146854658889
2013-01-01,"state51",2604365.09652639,0.472645838830867
2013-01-01,"state53",2020042.38811654,0.436479757202379
2013-01-01,"state54",648112.78335759,0.495851463808153
2013-01-01,"state55",1919991.05612998,0.437646004906137
2013-01-01,"state56",188858.189194919,0.514436666417385
2014-01-01,"national",89460288.2842217,0.450450029880516
2014-01-01,"state01",1414883.56682405,0.463201138932609
2014-01-01,"state02",147466.457108821,0.478467819487687
2014-01-01,"state04",1623261.37393445,0.432141929515157
2014-01-01,"state05",893433.039652306,0.489247706501872
2014-01-01,"state06",9733921.60092099,0.440241057760581
2014-01-01,"state08",1649168.05729642,0.462092265740304
2014-01-01,"state09",1072032.47507943,0.495513359970309
2014-01-01,"state10",265431.57395001,0.440944153819401
2014-01-01,"state11",168747.912465892,0.457254002789647
2014-01-01,"state12",4972655.25882042,0.446485239218774
2014-01-01,"state13",2297814.17351023,0.403277506985234
2014-01-01,"state15",230338.395833749,0.41845477412284
2014-01-01,"state16",474647.644399902,0.441791583966531
2014-01-01,"state17",3421261.25353401,0.435252913942511
2014-01-01,"state18",2058845.33719671,0.443094959596127
2014-01-01,"state19",1115327.93536394,0.47136247900502
2014-01-01,"state20",864605.260266327,0.452443499963668
2014-01-01,"state21",1460821.19646939,0.452336055056805
2014-01-01,"state22",1165735.09747313,0.47014371651173
2014-01-01,"state23",424787.390680758,0.489166246677744
2014-01-01,"state24",1851361.05088999,0.462240132101939
2014-01-01,"state25",1991549.936014,0.443096500316285
2014-01-01,"state26",2901150.36715666,0.413691911406761
2014-01-01,"state27",2127793.35237887,0.501545105972183
2014-01-01,"state28",811717.39702959,0.49160577061337
2014-01-01,"state29",1655397.7455449,0.419302685250522
2014-01-01,"state30",311632.417845248,0.458214997090526
2014-01-01,"state31",595173.063192556,0.466708939432787
2014-01-01,"state32",834810.302776809,0.461130878864044
2014-01-01,"state33",477776.104080225,0.521161271080318
2014-01-01,"state34",2753206.95520217,0.46078313599811
2014-01-01,"state35",438870.815939862,0.415136043069291
2014-01-01,"state36",5070201.06724191,0.460142762072871
2014-01-01,"state37",2722921.02768462,0.454092269863318
2014-01-01,"state38",156714.730426883,0.3901284552532
2014-01-01,"state39",3237142.99805538,0.438843695536855
2014-01-01,"state40",976342.614754976,0.444117527116483
2014-01-01,"state41",1310699.18349109,0.439515441646663
2014-01-01,"state42",4141357.85842738,0.44722113458708
2014-01-01,"state44",283877.070153492,0.438391390194745
2014-01-01,"state45",1198384.56255203,0.433434939972868
2014-01-01,"state46",233118.359031888,0.409853763997788
2014-01-01,"state47",1760421.29916911,0.464487300488212
2014-01-01,"state48",7719273.48078552,0.476128327889252
2014-01-01,"state49",908400.466159971,0.421405893629838
2014-01-01,"state50",165068.926635798,0.410413365796206
2014-01-01,"state51",2559264.04541961,0.473406846274694
2014-01-01,"state53",1983984.60643895,0.431057554526474
2014-01-01,"state54",669195.629473221,0.49944636670216
2014-01-01,"state55",2020961.78620987,0.447453762381595
2014-01-01,"state56",137334.063278177,0.440681919596129
2015-01-01,"national",90502035.1447587,0.451019932553991
2015-01-01,"state01",1451929.95661633,0.478681600482112
2015-01-01,"state02",141084.012803512,0.461510462929347
2015-01-01,"state04",1665131.29864912,0.436154032765351
2015-01-01,"state05",877877.319851062,0.471205627748145
2015-01-01,"state06",9493766.73979332,0.432196789572012
2015-01-01,"state08",1603234.48189255,0.446233589859418
2015-01-01,"state09",1050836.73767128,0.50831117077977
2015-01-01,"state10",246652.170260494,0.389777641919151
2015-01-01,"state11",175740.0706841,0.479179360299091
2015-01-01,"state12",5119240.14290916,0.449812801891907
2015-01-01,"state13",2304357.27099431,0.399430596853395
2015-01-01,"state15",215284.952705167,0.436797833145119
2015-01-01,"state16",531844.040170304,0.453636772950415
2015-01-01,"state17",3517627.21139915,0.435638776515542
2015-01-01,"state18",2164619.15581568,0.456051493221639
2015-01-01,"state19",1138073.80783615,0.479811643813112
2015-01-01,"state20",898168.7872923,0.468132736093574
2015-01-01,"state21",1532060.43236737,0.471443948025319
2015-01-01,"state22",1131432.07659703,0.461192004206718
2015-01-01,"state23",416782.284413317,0.489880086093646
2015-01-01,"state24",1854915.47869032,0.457873321428076
2015-01-01,"state25",2045025.46650046,0.458952347445021
2015-01-01,"state26",2945026.32928399,0.419054984503897
2015-01-01,"state27",2165031.99165701,0.507210871863394
2015-01-01,"state28",841523.944552751,0.500977367738147
2015-01-01,"state29",1666150.25348276,0.411784278562368
2015-01-01,"state30",334832.052088803,0.454364322081112
2015-01-01,"state31",614278.229034466,0.483270777405688
2015-01-01,"state32",849622.952872685,0.449511440543123
2015-01-01,"state33",447412.491306168,0.485892856715803
2015-01-01,"state34",2632156.49014327,0.452453513507123
2015-01-01,"state35",452265.526826798,0.405375945628247
2015-01-01,"state36",5235460.49218613,0.462808190738183
2015-01-01,"state37",2877352.68628881,0.458570728973827
2015-01-01,"state38",139544.65671651,0.320078925876231
2015-01-01,"state39",3289096.62429763,0.451705872452386
2015-01-01,"state40",952317.750900074,0.435085762180128
2015-01-01,"state41",1363315.38484169,0.455418844549148
2015-01-01,"state42",4189948.84936944,0.443174061344966
2015-01-01,"state44",284330.504173187,0.411293502424257
2015-01-01,"state45",1197768.88473988,0.428611066587466
2015-01-01,"state46",224596.617686513,0.417500880466801
2015-01-01,"state47",1802551.07208987,0.456594892935273
2015-01-01,"state48",7940161.20661355,0.477531598378166
2015-01-01,"state49",1013309.47131339,0.465886338353244
2015-01-01,"state50",139921.208819699,0.375189824568384
2015-01-01,"state51",2740230.95232673,0.4799570178205
2015-01-01,"state53",1902315.6169969,0.418843489110536
2015-01-01,"state54",602200.07839953,0.462861992838127
2015-01-01,"state55",1978628.30535493,0.458256640875182
2015-01-01,"state56",105000.624483097,0.355909306613114
2016-01-01,"national",91285659.2111152,0.450339437193995
2016-01-01,"state01",1481429.4742936,0.471578520483211
2016-01-01,"state02",193994.321600913,0.503317211628371
2016-01-01,"state04",1674736.35469484,0.431191510290853
2016-01-01,"state05",828919.075758246,0.449576699403063
2016-01-01,"state06",9436638.83358275,0.431645198358526
2016-01-01,"state08",1612140.29976006,0.459329339834126
2016-01-01,"state09",1057187.85383161,0.485851063712489
2016-01-01,"state10",203756.555791873,0.349669724865936
2016-01-01,"state11",186351.439623888,0.441669216375565
2016-01-01,"state12",5197400.5084459,0.451119882169512
2016-01-01,"state13",2443914.94290917,0.408127877674412
2016-01-01,"state15",234504.184095667,0.436613929932819
2016-01-01,"state16",482706.29298275,0.441921236769883
2016-01-01,"state17",3717945.04911769,0.429476318256798
2016-01-01,"state18",2293846.01348095,0.472105711327576
2016-01-01,"state19",1032062.84930955,0.455280822105326
2016-01-01,"state20",931668.006574302,0.463102310322042
2016-01-01,"state21",1510025.47594683,0.461774971709182
2016-01-01,"state22",1098826.64404981,0.434104396439883
2016-01-01,"state23",398551.434285615,0.47108153540366
2016-01-01,"state24",1930595.19314436,0.477095008018252
2016-01-01,"state25",2107029.4616659,0.482787963654577
2016-01-01,"state26",3272985.80266678,0.451372038316568
2016-01-01,"state27",2098340.73060139,0.487080986503271
2016-01-01,"state28",921011.636508121,0.495307237196235
2016-01-01,"state29",1578771.7184339,0.401718921853064
2016-01-01,"state30",334208.933382124,0.45835242486628
2016-01-01,"state31",567599.483064824,0.449706199835546
2016-01-01,"state32",792218.374065795,0.448598384903432
2016-01-01,"state33",398889.097041267,0.446949462895086
2016-01-01,"state34",2651454.19951675,0.436199342207319
2016-01-01,"state35",436075.745887819,0.376230058195355
2016-01-01,"state36",5270025.89905732,0.468436727086158
2016-01-01,"state37",2875216.90526213,0.46264087137508
2016-01-01,"state38",174484.221502145,0.334415604551902
2016-01-01,"state39",3365981.08606307,0.465052144804444
2016-01-01,"state40",979046.309789315,0.441990076119923
2016-01-01,"state41",1274517.81325685,0.434677466160645
2016-01-01,"state42",4089089.21094444,0.439690020012639
2016-01-01,"state44",307025.458400546,0.421354653049091
2016-01-01,"state45",1217669.57799456,0.429559381559016
2016-01-01,"state46",223765.644644781,0.424863766224176
2016-01-01,"state47",1854692.66532444,0.453897695102906
2016-01-01,"state48",8072781.55561088,0.469327897782113
2016-01-01,"state49",918907.972611818,0.437298656486746
2016-01-01,"state50",144299.324912655,0.352698115461074
2016-01-01,"state51",2870279.06407774,0.487332234963962
2016-01-01,"state53",1954562.73148796,0.432401809655445
2016-01-01,"state54",648842.860600388,0.492657273627137
2016-01-01,"state55",1821351.72106243,0.4461592409293
2016-01-01,"state56",117333.202396761,0.389255031226087
2017-01-01,"national",91815208.2127459,0.448458060650859
2017-01-01,"state01",1607418.58906143,0.487074665922219
2017-01-01,"state02",215550.552061304,0.506463489529738
2017-01-01,"state04",1664238.3532664,0.418808692469675
2017-01-01,"state05",871718.225064578,0.451916813650243
2017-01-01,"state06",9362236.74079851,0.427199907497141
2017-01-01,"state08",1675665.33017832,0.485936322941597
2017-01-01,"state09",1035802.74630447,0.480328964613825
2017-01-01,"state10",202863.251107258,0.381048023602507
2017-01-01,"state11",222173.088192627,0.510430143264736
2017-01-01,"state12",5166154.95258526,0.44967059316682
2017-01-01,"state13",2539128.01291877,0.421207718955148
2017-01-01,"state15",264251.758523975,0.443452342506155
2017-01-01,"state16",495943.055906128,0.457532855336933
2017-01-01,"state17",3702146.29255988,0.419557597551212
2017-01-01,"state18",2299445.42495184,0.457608814038095
2017-01-01,"state19",1043043.33101884,0.451734713969897
2017-01-01,"state20",1025552.36995229,0.467344992828176
2017-01-01,"state21",1406863.755741,0.455337893085482
2017-01-01,"state22",1110898.17223163,0.435321630218713
2017-01-01,"state23",361922.425116702,0.420953215622288
2017-01-01,"state24",2004489.90501553,0.496994436522627
2017-01-01,"state25",2064124.85220721,0.487803261365888
2017-01-01,"state26",3081503.92586372,0.43484575247179
2017-01-01,"state27",1903832.20318965,0.451692941232214
2017-01-01,"state28",941676.893939733,0.48826371814303
2017-01-01,"state29",1624504.16423449,0.409475831468666
2017-01-01,"state30",338856.689883117,0.455450642813677
2017-01-01,"state31",585099.17046904,0.460833426857376
2017-01-01,"state32",696364.860755433,0.411001149779082
2017-01-01,"state33",364550.942562299,0.412192303366887
2017-01-01,"state34",2651985.72963004,0.423426121966477
2017-01-01,"state35",503115.928151258,0.399771435247179
2017-01-01,"state36",5271552.96904288,0.466989844373653
2017-01-01,"state37",2962994.83555589,0.467627014551096
2017-01-01,"state38",175978.322118529,0.350313056869143
2017-01-01,"state39",3473928.71363635,0.459266093668722
2017-01-01,"state40",1066832.97065725,0.461539333360571
2017-01-01,"state41",1318527.14759335,0.438172988209425
2017-01-01,"state42",3992189.66591906,0.434697436971534
2017-01-01,"state44",338066.988340353,0.476731902548499
2017-01-01,"state45",1138388.99803943,0.410885572536082
2017-01-01,"state46",238475.717009143,0.436143263013018
2017-01-01,"state47",1999622.41183418,0.452307061040784
2017-01-01,"state48",8187603.75292317,0.471820965067925
2017-01-01,"state49",899832.764112677,0.413564591869162
2017-01-01,"state50",147712.284946552,0.355016890449592
2017-01-01,"state51",2996191.67010731,0.493728231016613
2017-01-01,"state53",1968549.53765388,0.435838208981167
2017-01-01,"state54",638897.652778844,0.479366798028106
2017-01-01,"state55",1877264.80065738,0.444739352380651
2017-01-01,"state56",89475.3163769518,0.33674763599071
2018-01-01,"national",93631978.659713,0.45363398298251
2018-01-01,"state01",1553224.77659922,0.469913348715199
2018-01-01,"state02",151106.628746576,0.413285646548598
2018-01-01,"state04",1825267.52721589,0.451086203423402
2018-01-01,"state05",845972.111353322,0.432457088800676
2018-01-01,"state06",9195826.69356704,0.42119613806756
2018-01-01,"state08",1727399.35040627,0.496924968009941
2018-01-01,"state09",1030324.13464423,0.467453168986394
2018-01-01,"state10",173861.322661943,0.34965415288114
2018-01-01,"state11",197237.356246206,0.442208431575294
2018-01-01,"state12",5192795.25864191,0.447494048628978
2018-01-01,"state13",2742534.47136183,0.436587575777166
2018-01-01,"state15",304582.987566568,0.452425536431929
2018-01-01,"state16",453675.076889246,0.424921100865039
2018-01-01,"state17",4113037.38867314,0.460270863235336
2018-01-01,"state18",2277969.99977345,0.455994524063271
2018-01-01,"state19",1048925.58828674,0.463833846336103
2018-01-01,"state20",971890.049346164,0.444766189954481
2018-01-01,"state21",1270717.75523212,0.437727560160465
2018-01-01,"state22",1082507.5332895,0.427729957211801
2018-01-01,"state23",427118.90622881,0.447883600525816
2018-01-01,"state24",2069803.0664666,0.48393912531699
2018-01-01,"state25",2068475.46022887,0.488999079285556
2018-01-01,"state26",3213161.62517144,0.46372789024883
2018-01-01,"state27",1991766.89738072,0.463716012356435
2018-01-01,"state28",983870.99596878,0.504218000718231
2018-01-01,"state29",1667402.61242221,0.431781575115043
2018-01-01,"state30",340429.012138356,0.453607743015382
2018-01-01,"state31",640549.438822022,0.499388292844021
2018-01-01,"state32",674069.798403824,0.404892286226463
2018-01-01,"state33",331839.188098282,0.409027748736196
2018-01-01,"state34",2646557.65374326,0.439949575712012
2018-01-01,"state35",516362.873059305,0.412067408379009
2018-01-01,"state36",5657182.74092379,0.490771369797267
2018-01-01,"state37",2907154.07295653,0.453594203213018
2018-01-01,"state38",189397.453826076,0.365899294981226
2018-01-01,"state39",3698284.3979965,0.470998879456113
2018-01-01,"state40",1163078.71966295,0.461963078737228
2018-01-01,"state41",1274148.00029476,0.419462355979528
2018-01-01,"state42",3969388.1896774,0.435688210891586
2018-01-01,"state44",331455.093872963,0.494147599192281
2018-01-01,"state45",1227384.45699106,0.427576354540476
2018-01-01,"state46",267456.682457846,0.431461765208292
2018-01-01,"state47",2001486.68382117,0.446984564693805
2018-01-01,"state48",8194684.49214079,0.471965717867039
2018-01-01,"state49",1028962.04724853,0.441947656098585
2018-01-01,"state50",169971.755760435,0.415647440568563
2018-01-01,"state51",3145348.13502661,0.504244089939718
2018-01-01,"state53",2023946.33316203,0.425592165348284
2018-01-01,"state54",664373.510587548,0.478035127645581
2018-01-01,"state55",1881052.37874983,0.450201835077736
2018-01-01,"state56",106959.97592226,0.371944671221609
2019-01-01,"national",94308550.4239115,0.453663240059982
2019-01-01,"state01",1553069.3250152,0.480340432905697
2019-01-01,"state02",132142.475184811,0.386061001648823
2019-01-01,"state04",1908290.62172963,0.453684924414223
2019-01-01,"state05",897998.838477937,0.447975871937073
2019-01-01,"state06",9109225.63197227,0.421889387223429
2019-01-01,"state08",1715721.53893584,0.495843596353834
2019-01-01,"state09",1051312.70873702,0.474217872007854
2019-01-01,"state10",173649.361933966,0.33052501595602
2019-01-01,"state11",165399.020322321,0.395531927190142
2019-01-01,"state12",5243752.74901942,0.452225043051591
2019-01-01,"state13",2962257.943886,0.434914193391238
2019-01-01,"state15",248383.945872249,0.399729956907102
2019-01-01,"state16",425719.26811367,0.38920453125527
2019-01-01,"state17",4229512.38450607,0.461131743485223
2019-01-01,"state18",2279520.56014328,0.454432080813084
2019-01-01,"state19",1165602.92755971,0.488536320658269
2019-01-01,"state20",934647.205356402,0.446979154769993
2019-01-01,"state21",1358348.37521606,0.451034806193033
2019-01-01,"state22",1100017.20783685,0.438016420917277
2019-01-01,"state23",427636.753003547,0.458796591219876
2019-01-01,"state24",2081435.01229142,0.480581490822826
2019-01-01,"state25",1943444.06980009,0.462884565337148
2019-01-01,"state26",3156985.9677766,0.459642202341402
2019-01-01,"state27",1962766.07155686,0.457235161413241
2019-01-01,"state28",1004102.1613153,0.514212835279276
2019-01-01,"state29",1786846.15006318,0.460399577867889
2019-01-01,"state30",273327.047505474,0.407108434355074
2019-01-01,"state31",663255.056088519,0.496867249786078
2019-01-01,"state32",626281.72971673,0.387202287536335
2019-01-01,"state33",398516.718263887,0.455396281202493
2019-01-01,"state34",2727980.68269863,0.461020557639019
2019-01-01,"state35",515431.554448657,0.407914893816052
2019-01-01,"state36",5555203.14855556,0.48459295167384
2019-01-01,"state37",2884432.83211728,0.447597889456197
2019-01-01,"state38",208266.661262442,0.402216142115584
2019-01-01,"state39",3932407.79592593,0.486079653897206
2019-01-01,"state40",1277622.45532648,0.475323254892551
2019-01-01,"state41",1199888.68278306,0.416784336276238
2019-01-01,"state42",3913657.83473471,0.44055190972361
2019-01-01,"state44",299417.213794145,0.463987450881528
2019-01-01,"state45",1292974.90450352,0.438703944261743
2019-01-01,"state46",269800.702007614,0.452642771836813
2019-01-01,"state47",1966372.22963939,0.420233586267744
2019-01-01,"state48",8111145.45913869,0.460617886869742
2019-01-01,"state49",1067667.39283049,0.444107105957973
2019-01-01,"state50",168861.478863409,0.420150789593294
2019-01-01,"state51",3175180.29618243,0.503253241309625
2019-01-01,"state53",2157176.54835644,0.426042909469415
2019-01-01,"state54",704933.407992101,0.477583743418317
2019-01-01,"state55",1762596.62281107,0.445465099426394
2019-01-01,"state56",138363.692739138,0.361217348118483
2021-01-01,"national",96054625.0608828,0.459614949129304
2021-01-01,"state01",1508733.64114927,0.467112498499521
2021-01-01,"state02",142170.186336829,0.412124519762895
2021-01-01,"state04",1899346.81201658,0.430787623614052
2021-01-01,"state05",864912.820703042,0.4386398452209
2021-01-01,"state06",9348914.09510055,0.432792780249197
2021-01-01,"state08",1749378.07447166,0.491578034256231
2021-01-01,"state09",1093464.35795383,0.48195578267642
2021-01-01,"state10",212702.343679624,0.384309362378092
2021-01-01,"state11",175360.931179724,0.379502042748211
2021-01-01,"state12",5197807.28275438,0.460447862146552
2021-01-01,"state13",3154033.53095501,0.444033835220717
2021-01-01,"state15",289277.402108173,0.437730297600345
2021-01-01,"state16",400596.066169878,0.379563010868456
2021-01-01,"state17",4344005.23269439,0.479910444063868
2021-01-01,"state18",2141646.80514472,0.448785628410795
2021-01-01,"state19",1195074.25247419,0.51167310356642
2021-01-01,"state20",966380.666429261,0.444921503775552
2021-01-01,"state21",1327300.28683196,0.448214189383748
2021-01-01,"state22",1093700.09156626,0.428451670619254
2021-01-01,"state23",451529.272447534,0.46932379438104
2021-01-01,"state24",2136949.74339278,0.497386766453173
2021-01-01,"state25",2123828.98154073,0.485065930908644
2021-01-01,"state26",3112707.02082524,0.461855694656695
2021-01-01,"state27",1882723.18796743,0.449153145090983
2021-01-01,"state28",941219.755611304,0.501918782049986
2021-01-01,"state29",1847756.6322603,0.470865183248117
2021-01-01,"state30",315589.041367517,0.464182221309491
2021-01-01,"state31",655065.968831925,0.485774630164412
2021-01-01,"state32",614448.686648101,0.385205768401677
2021-01-01,"state33",452925.894941341,0.496485693593869
2021-01-01,"state34",2858261.57784583,0.471748537371533
2021-01-01,"state35",689024.709247108,0.502948941344052
2021-01-01,"state36",5610862.28996888,0.492664088495536
2021-01-01,"state37",2932567.76880224,0.470694358297107
2021-01-01,"state38",194732.614162174,0.416431121138509
2021-01-01,"state39",4094809.66661019,0.48580278304367
2021-01-01,"state40",1313094.10032168,0.49325082249772
2021-01-01,"state41",1273955.16638029,0.430258927163234
2021-01-01,"state42",3867281.07500284,0.441819661658997
2021-01-01,"state44",311455.624424119,0.506654083186234
2021-01-01,"state45",1388985.43719456,0.455877679202007
2021-01-01,"state46",287543.9118609,0.467986525258577
2021-01-01,"state47",1981034.7745504,0.428589647811194
2021-01-01,"state48",8136648.90538646,0.451664911688411
2021-01-01,"state49",1018671.34703693,0.424967515994416
2021-01-01,"state50",193264.984918095,0.426505554401453
2021-01-01,"state51",3234298.94894282,0.504449225015174
2021-01-01,"state53",2371541.22347885,0.438958896567307
2021-01-01,"state54",727535.214660179,0.489608213925535
2021-01-01,"state55",1764330.56525774,0.446647499068396
2021-01-01,"state56",165176.089277035,0.41468524846056
2022-01-01,"national",98045336.228337,0.465896756436606
2022-01-01,"state01",1467681.90004093,0.48225013929665
2022-01-01,"state02",113961.241325953,0.379183534951428
2022-01-01,"state04",1854657.29025708,0.426299697269258
2022-01-01,"state05",811424.857712048,0.423025497116354
2022-01-01,"state06",9837193.15637096,0.447220305539722
2022-01-01,"state08",1802049.24019156,0.489141904659129
2022-01-01,"state09",1129582.93426748,0.499103664556819
2022-01-01,"state10",247837.871891501,0.412273543888953
2022-01-01,"state11",167798.699530519,0.414036804049244
2022-01-01,"state12",5379095.55707952,0.474071808352164
2022-01-01,"state13",3156732.0702064,0.445607696206532
2022-01-01,"state15",300651.806773728,0.472174683226629
2022-01-01,"state16",440297.49501899,0.389494986732169
2022-01-01,"state17",4392695.74338264,0.50868665554239
2022-01-01,"state18",2027643.42502461,0.427671528448947
2022-01-01,"state19",1230135.36492647,0.512621874261967
2022-01-01,"state20",936260.841758559,0.443991113723121
2022-01-01,"state21",1401534.8139593,0.465301544055461
2022-01-01,"state22",1107894.38235932,0.431197080160118
2022-01-01,"state23",462337.942324192,0.48090913013808
2022-01-01,"state24",2354469.65849257,0.507069682726154
2022-01-01,"state25",2043337.959192,0.462304210879494
2022-01-01,"state26",2846951.62086829,0.441220409418652
2022-01-01,"state27",2016621.74853053,0.476251014772697
2022-01-01,"state28",924105.528027477,0.520136887615391
2022-01-01,"state29",1899431.77560317,0.489672431111993
2022-01-01,"state30",345391.540611539,0.471080474598742
2022-01-01,"state31",614819.686428324,0.470751186015479
2022-01-01,"state32",653232.451200924,0.380215034218257
2022-01-01,"state33",473793.29803038,0.514757511312304
2022-01-01,"state34",2871385.23182824,0.476722962137992
2022-01-01,"state35",673385.075391522,0.476895098856077
2022-01-01,"state36",5539512.22778706,0.480028345454534
2022-01-01,"state37",3075695.03634404,0.483014107785633
2022-01-01,"state38",185779.94223234,0.435145386391917
2022-01-01,"state39",4105992.00941961,0.480282534943318
2022-01-01,"state40",1322906.29920747,0.502008564376509
2022-01-01,"state41",1302540.20965122,0.423910138329175
2022-01-01,"state42",3968331.39328199,0.454275780853765
2022-01-01,"state44",282238.915715868,0.516288544992266
2022-01-01,"state45",1469385.81078827,0.458214998453366
2022-01-01,"state46",329122.252313338,0.515204782071244
2022-01-01,"state47",2067248.0536597,0.440519316818475
2022-01-01,"state48",8732772.90110357,0.471660217595839
2022-01-01,"state49",1076727.36607099,0.444655917489517
2022-01-01,"state50",195812.974901557,0.424708010259586
2022-01-01,"state51",3171291.92481205,0.501447179461401
2022-01-01,"state53",2469960.467846,0.441167994069472
2022-01-01,"state54",672213.943739004,0.440201061597528
2022-01-01,"state55",1905612.67036344,0.471199145431229
2022-01-01,"state56",187799.620492778,0.433134941454549
2023-01-01,"national",98792373.9377117,0.467628679499205
2023-01-01,"state01",1332630.42866964,0.464211701565024
2023-01-01,"state02",123447.36955839,0.43942150286624
2023-01-01,"state04",1801743.32045472,0.433796506341878
2023-01-01,"state05",761773.374983062,0.391234965762975
2023-01-01,"state06",9895852.39487532,0.447007357452175
2023-01-01,"state08",1732391.25881429,0.446495016869297
2023-01-01,"state09",1151589.6072013,0.520752213276371
2023-01-01,"state10",265600.03131527,0.406498334792538
2023-01-01,"state11",185142.127377466,0.371908822513877
2023-01-01,"state12",5607254.1725415,0.486485070128883
2023-01-01,"state13",3284291.26377316,0.452467087394718
2023-01-01,"state15",244306.749884837,0.432003194538686
2023-01-01,"state16",448608.371336144,0.380833817081924
2023-01-01,"state17",4551582.09263177,0.512526135277059
2023-01-01,"state18",2109702.58429903,0.454669918323523
2023-01-01,"state19",1225220.05144672,0.51411435136797
2023-01-01,"state20",986096.393622838,0.46995291996612
2023-01-01,"state21",1516058.42416535,0.461836841905178
2023-01-01,"state22",1072870.84597861,0.422795451876187
2023-01-01,"state23",482180.324542735,0.492264654036485
2023-01-01,"state24",2351866.41452803,0.488590517905649
2023-01-01,"state25",2107375.0419404,0.467275756401306
2023-01-01,"state26",3006916.31925457,0.473680137966949
2023-01-01,"state27",2051623.54222842,0.488446788261371
2023-01-01,"state28",814633.959979305,0.491058208055324
2023-01-01,"state29",1837386.61047813,0.478102330562274
2023-01-01,"state30",346090.646100671,0.479960503886951
2023-01-01,"state31",601983.301057089,0.472349181987496
2023-01-01,"state32",668224.564023277,0.393737353857635
2023-01-01,"state33",472291.356319223,0.53236542863542
2023-01-01,"state34",3124032.37465325,0.50884295881714
2023-01-01,"state35",673245.117403663,0.475854398203314
2023-01-01,"state36",5421363.94154501,0.478880056125247
2023-01-01,"state37",3037938.12772237,0.479524335843553
2023-01-01,"state38",195026.840941272,0.412353152407961
2023-01-01,"state39",3932484.06233353,0.475055855888892
2023-01-01,"state40",1359204.80327104,0.510795107262963
2023-01-01,"state41",1364481.90752286,0.433888053469685
2023-01-01,"state42",3865315.72324719,0.450968735048125
2023-01-01,"state44",264368.695535757,0.456375692518411
2023-01-01,"state45",1613554.7966786,0.479888496631093
2023-01-01,"state46",293319.060679093,0.503639983866374
2023-01-01,"state47",2071684.32056877,0.446709537397208
2023-01-01,"state48",8969831.26502175,0.467968344580344
2023-01-01,"state49",1075681.38765693,0.42722633944183
2023-01-01,"state50",189894.55162479,0.408922237704366
2023-01-01,"state51",3104125.95765948,0.499871948957434
2023-01-01,"state53",2533162.05656293,0.442557142432735
2023-01-01,"state54",632634.269526911,0.452914419242427
2023-01-01,"state55",1862425.60101698,0.473125687500997
2023-01-01,"state56",171866.133158279,0.400524895309096
2024-01-01,"national",98418346.0037184,0.462492417559601
2024-01-01,"state01",1358909.93215804,0.479422646368429
2024-01-01,"state02",137586.347160751,0.436567762358904
2024-01-01,"state04",1874404.71584608,0.426779328885028
2024-01-01,"state05",775741.226083694,0.399420918278326
2024-01-01,"state06",9761716.08679697,0.43963434918994
2024-01-01,"state08",1666520.05436952,0.424624928503029
2024-01-01,"state09",1092897.66383817,0.486955851446387
2024-01-01,"state10",266366.102829692,0.404875394969828
2024-01-01,"state11",189985.51247723,0.388934781187962
2024-01-01,"state12",5843469.84202879,0.485624047824918
2024-01-01,"state13",3187670.81949433,0.429146022639216
2024-01-01,"state15",215715.351308819,0.387914892125433
2024-01-01,"state16",446332.545800101,0.374598237236823
2024-01-01,"state17",4281903.16455336,0.489120574251239
2024-01-01,"state18",2112640.1178714,0.458257399605919
2024-01-01,"state19",1247028.09656292,0.509129985526837
2024-01-01,"state20",1010678.03897776,0.483808211123305
2024-01-01,"state21",1469089.99970749,0.467043087638274
2024-01-01,"state22",1132482.58197688,0.431527004145699
2024-01-01,"state23",401429.303347406,0.450771250592349
2024-01-01,"state24",2319456.05719511,0.495721314363301
2024-01-01,"state25",2257860.0371931,0.480102015014369
2024-01-01,"state26",2845530.53708755,0.446479731660131
2024-01-01,"state27",2089691.36357655,0.481124029510818
2024-01-01,"state28",701319.337553381,0.420206018146543
2024-01-01,"state29",1944594.5486139,0.477443335594105
2024-01-01,"state30",308278.75346113,0.442891083838428
2024-01-01,"state31",621408.304142837,0.465141934299068
2024-01-01,"state32",676418.812463659,0.405718313335722
2024-01-01,"state33",439699.556580285,0.502218106950479
2024-01-01,"state34",3124111.5356609,0.501435474101912
2024-01-01,"state35",618994.554394583,0.462706378485124
2024-01-01,"state36",5373929.32571227,0.472804406307223
2024-01-01,"state37",3155931.23148826,0.506341010540556
2024-01-01,"state38",210810.149933937,0.447927117482023
2024-01-01,"state39",3627206.02362686,0.459592459958947
2024-01-01,"state40",1274118.26872125,0.499958003500966
2024-01-01,"state41",1464715.61351586,0.462503574242229
2024-01-01,"state42",3801451.71836991,0.458197018561567
2024-01-01,"state44",236152.094983153,0.413162077595479
2024-01-01,"state45",1672762.64093254,0.490968656614943
2024-01-01,"state46",276160.330245415,0.542138979242542
2024-01-01,"state47",2133451.7889324,0.453878562249239
2024-01-01,"state48",9133491.24047402,0.463849141813295
2024-01-01,"state49",1032310.3621744,0.420047746046208
2024-01-01,"state50",165607.697297285,0.391983492671642
2024-01-01,"state51",3072871.78029711,0.474344602913217
2024-01-01,"state53",2544087.85381279,0.439977492516931
2024-01-01,"state54",595964.762517538,0.444647022099771
2024-01-01,"state55",2013086.79325619,0.476553203285268
2024-01-01,"state56",214305.426314844,0.442993632886849
2025-01-01,"national",98426115.3932239,0.459383724471872
2025-01-01,"state01",1230862.14072335,0.453994517775298
2025-01-01,"state02",175826.786713134,0.470401048200691
2025-01-01,"state04",1933289.50616238,0.441164426294051
2025-01-01,"state05",758214.568405808,0.394819228358155
2025-01-01,"state06",9887975.40200389,0.436382419382084
2025-01-01,"state08",1776213.61992063,0.439910620559108
2025-01-01,"state09",1067271.45004655,0.471240864807628
2025-01-01,"state10",270504.784125539,0.424002270450085
2025-01-01,"state11",219485.534586152,0.439604610540079
2025-01-01,"state12",6225786.52553711,0.479635331997464
2025-01-01,"state13",3088974.41884352,0.428688761000988
2025-01-01,"state15",225185.973287188,0.363204836149469
2025-01-01,"state16",445974.854313809,0.374114902068351
2025-01-01,"state17",4114178.95022686,0.484781831919943
2025-01-01,"state18",2165817.94907181,0.457070691565865
2025-01-01,"state19",1100202.68725624,0.488162278399091
2025-01-01,"state20",1005721.95058502,0.471790902640574
2025-01-01,"state21",1503539.44435349,0.483671975490697
2025-01-01,"state22",1046487.76070065,0.408560340066158
2025-01-01,"state23",381673.192178697,0.370231862172637
2025-01-01,"state24",2220623.24508207,0.480173644398256
2025-01-01,"state25",2456530.2485585,0.510235533240072
2025-01-01,"state26",2664819.97478431,0.443915207615157
2025-01-01,"state27",1977624.94968102,0.468479015145429
2025-01-01,"state28",673837.677145469,0.374257232183895
2025-01-01,"state29",1951204.09930683,0.456624807843412
2025-01-01,"state30",348326.807360485,0.483871365837762
2025-01-01,"state31",597054.136005528,0.447707686905658
2025-01-01,"state32",680884.355837876,0.39380611915536
2025-01-01,"state33",372779.264175384,0.481790683343767
2025-01-01,"state34",2956670.04210096,0.48333259591288
2025-01-01,"state35",682290.520386892,0.442689943130423
2025-01-01,"state36",5220696.00171921,0.474243770266278
2025-01-01,"state37",3063677.36229578,0.511512916071887
2025-01-01,"state38",193388.177563626,0.409907261352664
2025-01-01,"state39",3313417.83616926,0.426980527545746
2025-01-01,"state40",1160906.4525752,0.448402064933829
2025-01-01,"state41",1527883.22278534,0.48519074965568
2025-01-01,"state42",3825927.31907641,0.453796962837521
2025-01-01,"state44",260258.789812736,0.433288198482681
2025-01-01,"state45",1793600.19996639,0.495499020713479
2025-01-01,"state46",373239.199692269,0.588081392801575
2025-01-01,"state47",2167852.65045756,0.480671659646706
2025-01-01,"state48",9407076.93356108,0.467801904246781
2025-01-01,"state49",1238504.75384322,0.470629884331466
2025-01-01,"state50",151536.851798239,0.416224643570269
2025-01-01,"state51",3106016.38455833,0.456874853967102
2025-01-01,"state53",2552513.06623527,0.437325634061263
2025-01-01,"state54",558397.285719182,0.427809452777489
2025-01-01,"state55",2135813.95086882,0.501125107934701
2025-01-01,"state56",169576.135058878,0.386875095276698
