"share_of_income","date","geo_level"
0.276704227910789,1990-01-01,"national"
0.289949512897109,1990-01-01,"state01"
0.289862460890111,1990-01-01,"state02"
0.245305009695072,1990-01-01,"state04"
0.342748049438507,1990-01-01,"state05"
0.266511832221656,1990-01-01,"state06"
0.294500762300592,1990-01-01,"state08"
0.265367890650694,1990-01-01,"state09"
0.292278136516551,1990-01-01,"state10"
0.33127218335478,1990-01-01,"state11"
0.293844476021579,1990-01-01,"state12"
0.29269261842178,1990-01-01,"state13"
0.293806161728222,1990-01-01,"state15"
0.267794617190178,1990-01-01,"state16"
0.240253459042366,1990-01-01,"state17"
0.259885680832138,1990-01-01,"state18"
0.371090557526877,1990-01-01,"state19"
0.263618420295563,1990-01-01,"state20"
0.329466813971466,1990-01-01,"state21"
0.250011914862653,1990-01-01,"state22"
0.336723069846133,1990-01-01,"state23"
0.295477818425966,1990-01-01,"state24"
0.26410774400472,1990-01-01,"state25"
0.256993015636294,1990-01-01,"state26"
0.388483580470058,1990-01-01,"state27"
0.316834966051734,1990-01-01,"state28"
0.306605242081865,1990-01-01,"state29"
0.331774650608752,1990-01-01,"state30"
0.32349494570051,1990-01-01,"state31"
0.272814108070603,1990-01-01,"state32"
0.260344109087734,1990-01-01,"state33"
0.244427363800382,1990-01-01,"state34"
0.251884726158851,1990-01-01,"state35"
0.250835633666667,1990-01-01,"state36"
0.32374168638031,1990-01-01,"state37"
0.335593862105526,1990-01-01,"state38"
0.276344502894121,1990-01-01,"state39"
0.274695468216023,1990-01-01,"state40"
0.277081551691489,1990-01-01,"state41"
0.23840841491572,1990-01-01,"state42"
0.235145900728925,1990-01-01,"state44"
0.296028581565881,1990-01-01,"state45"
0.340076382132441,1990-01-01,"state46"
0.305389936758166,1990-01-01,"state47"
0.281981523048308,1990-01-01,"state48"
0.237253553677724,1990-01-01,"state49"
0.341164110545157,1990-01-01,"state50"
0.229691195751376,1990-01-01,"state51"
0.277598749535776,1990-01-01,"state53"
0.267951341262606,1990-01-01,"state54"
0.278620792987232,1990-01-01,"state55"
0.281654498982569,1990-01-01,"state56"
0.282215931225221,1991-01-01,"national"
0.258197016963289,1991-01-01,"state01"
0.289749424732635,1991-01-01,"state02"
0.294240851722639,1991-01-01,"state04"
0.323845240572041,1991-01-01,"state05"
0.280520016364007,1991-01-01,"state06"
0.268414095737652,1991-01-01,"state08"
0.267040410535231,1991-01-01,"state09"
0.248817816285122,1991-01-01,"state10"
0.324679630813169,1991-01-01,"state11"
0.292210023217307,1991-01-01,"state12"
0.283828851419229,1991-01-01,"state13"
0.329278148529797,1991-01-01,"state15"
0.282101402501199,1991-01-01,"state16"
0.249085849119285,1991-01-01,"state17"
0.26482903168613,1991-01-01,"state18"
0.312566805310579,1991-01-01,"state19"
0.279014016482175,1991-01-01,"state20"
0.249512649133699,1991-01-01,"state21"
0.246915257770307,1991-01-01,"state22"
0.329874387401438,1991-01-01,"state23"
0.261424961490732,1991-01-01,"state24"
0.310254833698707,1991-01-01,"state25"
0.228954458944839,1991-01-01,"state26"
0.353916221601775,1991-01-01,"state27"
0.332031127775127,1991-01-01,"state28"
0.35051738064006,1991-01-01,"state29"
0.345857930891819,1991-01-01,"state30"
0.350830955234828,1991-01-01,"state31"
0.26033403891519,1991-01-01,"state32"
0.283825719323284,1991-01-01,"state33"
0.260120060450998,1991-01-01,"state34"
0.256766393549785,1991-01-01,"state35"
0.279164582593886,1991-01-01,"state36"
0.320559158911289,1991-01-01,"state37"
0.365156661647096,1991-01-01,"state38"
0.283580213198884,1991-01-01,"state39"
0.300658371279294,1991-01-01,"state40"
0.244698554581918,1991-01-01,"state41"
0.268873361599828,1991-01-01,"state42"
0.305429519812631,1991-01-01,"state44"
0.318233477858577,1991-01-01,"state45"
0.345062008821934,1991-01-01,"state46"
0.292111292138088,1991-01-01,"state47"
0.276534997519262,1991-01-01,"state48"
0.223816975734767,1991-01-01,"state49"
0.343031638839004,1991-01-01,"state50"
0.26972917363768,1991-01-01,"state51"
0.268943401754314,1991-01-01,"state53"
0.28079533217001,1991-01-01,"state54"
0.319628158241181,1991-01-01,"state55"
0.290369248771564,1991-01-01,"state56"
0.29115884278096,1992-01-01,"national"
0.299540589121618,1992-01-01,"state01"
0.310475706803623,1992-01-01,"state02"
0.251183876875774,1992-01-01,"state04"
0.369656470803716,1992-01-01,"state05"
0.27207439484189,1992-01-01,"state06"
0.232794817250877,1992-01-01,"state08"
0.285134344334681,1992-01-01,"state09"
0.328692496146619,1992-01-01,"state10"
0.425258606721514,1992-01-01,"state11"
0.322653251241318,1992-01-01,"state12"
0.302986252665477,1992-01-01,"state13"
0.28958270520026,1992-01-01,"state15"
0.320340579402103,1992-01-01,"state16"
0.257134392411378,1992-01-01,"state17"
0.304036617481593,1992-01-01,"state18"
0.352630178093403,1992-01-01,"state19"
0.292320618072588,1992-01-01,"state20"
0.245360831402257,1992-01-01,"state21"
0.245044845151744,1992-01-01,"state22"
0.345224901571966,1992-01-01,"state23"
0.31080500946158,1992-01-01,"state24"
0.311440064912208,1992-01-01,"state25"
0.273999778466845,1992-01-01,"state26"
0.307121786033244,1992-01-01,"state27"
0.306050890665798,1992-01-01,"state28"
0.31750318047194,1992-01-01,"state29"
0.354640536369486,1992-01-01,"state30"
0.321107186720717,1992-01-01,"state31"
0.271391243812701,1992-01-01,"state32"
0.356358484485391,1992-01-01,"state33"
0.265821444541351,1992-01-01,"state34"
0.278397758375175,1992-01-01,"state35"
0.28355527933349,1992-01-01,"state36"
0.320187886737417,1992-01-01,"state37"
0.364360780982428,1992-01-01,"state38"
0.293835854910621,1992-01-01,"state39"
0.287166071073231,1992-01-01,"state40"
0.304883783261653,1992-01-01,"state41"
0.276689778838428,1992-01-01,"state42"
0.307551006402495,1992-01-01,"state44"
0.320343687865499,1992-01-01,"state45"
0.427903533629065,1992-01-01,"state46"
0.329436848254543,1992-01-01,"state47"
0.293323985520713,1992-01-01,"state48"
0.240877218478876,1992-01-01,"state49"
0.300722462730795,1992-01-01,"state50"
0.290804183064914,1992-01-01,"state51"
0.292372185229705,1992-01-01,"state53"
0.244113860166441,1992-01-01,"state54"
0.314814010095255,1992-01-01,"state55"
0.290650884020987,1992-01-01,"state56"
0.298898493036156,1993-01-01,"national"
0.3381257495708,1993-01-01,"state01"
0.289633540265613,1993-01-01,"state02"
0.258216140271973,1993-01-01,"state04"
0.303633564930287,1993-01-01,"state05"
0.283258851236433,1993-01-01,"state06"
0.257382305829545,1993-01-01,"state08"
0.306083805949073,1993-01-01,"state09"
0.31155945019164,1993-01-01,"state10"
0.470410846063409,1993-01-01,"state11"
0.332577828995014,1993-01-01,"state12"
0.287621475026611,1993-01-01,"state13"
0.298630593067923,1993-01-01,"state15"
0.283041757977649,1993-01-01,"state16"
0.301457350375322,1993-01-01,"state17"
0.286529919024501,1993-01-01,"state18"
0.338375336860262,1993-01-01,"state19"
0.324280443021356,1993-01-01,"state20"
0.352110599782268,1993-01-01,"state21"
0.254333755466783,1993-01-01,"state22"
0.376968733116799,1993-01-01,"state23"
0.320580757863347,1993-01-01,"state24"
0.329527354307558,1993-01-01,"state25"
0.269659388428815,1993-01-01,"state26"
0.287693159646253,1993-01-01,"state27"
0.306300884519204,1993-01-01,"state28"
0.324999319516302,1993-01-01,"state29"
0.353446001829627,1993-01-01,"state30"
0.307166650207267,1993-01-01,"state31"
0.274175420887757,1993-01-01,"state32"
0.327838572600903,1993-01-01,"state33"
0.275219280470057,1993-01-01,"state34"
0.270267345458073,1993-01-01,"state35"
0.303648892920661,1993-01-01,"state36"
0.316101946536377,1993-01-01,"state37"
0.379017056011806,1993-01-01,"state38"
0.28653195447439,1993-01-01,"state39"
0.239107789180566,1993-01-01,"state40"
0.294915769661502,1993-01-01,"state41"
0.283769343125692,1993-01-01,"state42"
0.324518625090923,1993-01-01,"state44"
0.304767593630512,1993-01-01,"state45"
0.399825180077291,1993-01-01,"state46"
0.333005452221815,1993-01-01,"state47"
0.299582078016852,1993-01-01,"state48"
0.238420493550785,1993-01-01,"state49"
0.33008473396968,1993-01-01,"state50"
0.293986600409215,1993-01-01,"state51"
0.303556421874859,1993-01-01,"state53"
0.251518354962153,1993-01-01,"state54"
0.337773046299706,1993-01-01,"state55"
0.265666363339311,1993-01-01,"state56"
0.297383174285033,1994-01-01,"national"
0.298005173904035,1994-01-01,"state01"
0.306584102990271,1994-01-01,"state02"
0.25150753989891,1994-01-01,"state04"
0.335584787683581,1994-01-01,"state05"
0.288594053007231,1994-01-01,"state06"
0.222734364799189,1994-01-01,"state08"
0.328298043192475,1994-01-01,"state09"
0.277387011245775,1994-01-01,"state10"
0.372065141044794,1994-01-01,"state11"
0.316491770723795,1994-01-01,"state12"
0.277089208260288,1994-01-01,"state13"
0.313141609280106,1994-01-01,"state15"
0.271981239242242,1994-01-01,"state16"
0.288190333913863,1994-01-01,"state17"
0.267484648332789,1994-01-01,"state18"
0.353000135864389,1994-01-01,"state19"
0.341990941367694,1994-01-01,"state20"
0.298995937961567,1994-01-01,"state21"
0.241729121748405,1994-01-01,"state22"
0.30219202644316,1994-01-01,"state23"
0.310022252880841,1994-01-01,"state24"
0.302485426603601,1994-01-01,"state25"
0.268706374193324,1994-01-01,"state26"
0.305958848729396,1994-01-01,"state27"
0.346833107844567,1994-01-01,"state28"
0.291375850398408,1994-01-01,"state29"
0.349160442047351,1994-01-01,"state30"
0.339324122400527,1994-01-01,"state31"
0.290158655419022,1994-01-01,"state32"
0.298682447969285,1994-01-01,"state33"
0.27703028166434,1994-01-01,"state34"
0.279916254906672,1994-01-01,"state35"
0.287525442732455,1994-01-01,"state36"
0.338229057361557,1994-01-01,"state37"
0.347951659353365,1994-01-01,"state38"
0.311275794871159,1994-01-01,"state39"
0.308282556240216,1994-01-01,"state40"
0.285406879239915,1994-01-01,"state41"
0.293711036828809,1994-01-01,"state42"
0.377798278406364,1994-01-01,"state44"
0.318360631642848,1994-01-01,"state45"
0.35237303677435,1994-01-01,"state46"
0.312667336669988,1994-01-01,"state47"
0.291364498626049,1994-01-01,"state48"
0.256710684336392,1994-01-01,"state49"
0.376136476312959,1994-01-01,"state50"
0.293336540245141,1994-01-01,"state51"
0.334065356430126,1994-01-01,"state53"
0.278897907358235,1994-01-01,"state54"
0.349080299754485,1994-01-01,"state55"
0.241120928558621,1994-01-01,"state56"
0.295793956016945,1995-01-01,"national"
0.287102989362004,1995-01-01,"state01"
0.300751852333267,1995-01-01,"state02"
0.244188778413872,1995-01-01,"state04"
0.379308667497582,1995-01-01,"state05"
0.280897806997462,1995-01-01,"state06"
0.25329562609706,1995-01-01,"state08"
0.358096963673178,1995-01-01,"state09"
0.316655922710132,1995-01-01,"state10"
0.441676729781499,1995-01-01,"state11"
0.298456281297948,1995-01-01,"state12"
0.302578357582624,1995-01-01,"state13"
0.31477730373395,1995-01-01,"state15"
0.294363722229379,1995-01-01,"state16"
0.292228376112736,1995-01-01,"state17"
0.249480695598208,1995-01-01,"state18"
0.37846568497154,1995-01-01,"state19"
0.306584833033959,1995-01-01,"state20"
0.309790899349437,1995-01-01,"state21"
0.303035984225011,1995-01-01,"state22"
0.314369424379548,1995-01-01,"state23"
0.305293147181163,1995-01-01,"state24"
0.313598482386015,1995-01-01,"state25"
0.276351643939909,1995-01-01,"state26"
0.368259116778461,1995-01-01,"state27"
0.322848439934971,1995-01-01,"state28"
0.326532355489345,1995-01-01,"state29"
0.339928956852615,1995-01-01,"state30"
0.374134308568653,1995-01-01,"state31"
0.243560203901456,1995-01-01,"state32"
0.346365489941677,1995-01-01,"state33"
0.27178795274285,1995-01-01,"state34"
0.316036454198285,1995-01-01,"state35"
0.283849137328337,1995-01-01,"state36"
0.337096658294276,1995-01-01,"state37"
0.375971875333572,1995-01-01,"state38"
0.266925346107178,1995-01-01,"state39"
0.314614325851178,1995-01-01,"state40"
0.310220607826709,1995-01-01,"state41"
0.284489421937863,1995-01-01,"state42"
0.345142075970436,1995-01-01,"state44"
0.30804007453552,1995-01-01,"state45"
0.373706430224211,1995-01-01,"state46"
0.274982409864608,1995-01-01,"state47"
0.301811021271612,1995-01-01,"state48"
0.271601287535997,1995-01-01,"state49"
0.322323462500397,1995-01-01,"state50"
0.289200204667063,1995-01-01,"state51"
0.252574067664321,1995-01-01,"state53"
0.259369199201951,1995-01-01,"state54"
0.335236478804641,1995-01-01,"state55"
0.289239798763942,1995-01-01,"state56"
0.291746674582764,1996-01-01,"national"
0.337248086841616,1996-01-01,"state01"
0.313695092522398,1996-01-01,"state02"
0.259751952739638,1996-01-01,"state04"
0.285217636098201,1996-01-01,"state05"
0.272583826558447,1996-01-01,"state06"
0.271459325192562,1996-01-01,"state08"
0.366984361561427,1996-01-01,"state09"
0.332672089378656,1996-01-01,"state10"
0.351175716239762,1996-01-01,"state11"
0.322115332537778,1996-01-01,"state12"
0.321724760670642,1996-01-01,"state13"
0.326234135108037,1996-01-01,"state15"
0.317953622467464,1996-01-01,"state16"
0.277957200447433,1996-01-01,"state17"
0.306636032888504,1996-01-01,"state18"
0.306375405766259,1996-01-01,"state19"
0.307728044961378,1996-01-01,"state20"
0.287144211810834,1996-01-01,"state21"
0.328282038486346,1996-01-01,"state22"
0.296779868969438,1996-01-01,"state23"
0.305151551345902,1996-01-01,"state24"
0.302512958009163,1996-01-01,"state25"
0.274994628050357,1996-01-01,"state26"
0.335372461117197,1996-01-01,"state27"
0.319575829548952,1996-01-01,"state28"
0.338220250504252,1996-01-01,"state29"
0.370926241046579,1996-01-01,"state30"
0.35558368922894,1996-01-01,"state31"
0.274086383989677,1996-01-01,"state32"
0.30482371701733,1996-01-01,"state33"
0.279093598945715,1996-01-01,"state34"
0.26874489249952,1996-01-01,"state35"
0.269749520536957,1996-01-01,"state36"
0.357357429811719,1996-01-01,"state37"
0.351471189680903,1996-01-01,"state38"
0.256522435420389,1996-01-01,"state39"
0.250560044938427,1996-01-01,"state40"
0.304246227876259,1996-01-01,"state41"
0.272754460863469,1996-01-01,"state42"
0.35986493414614,1996-01-01,"state44"
0.28520382101993,1996-01-01,"state45"
0.404202841471133,1996-01-01,"state46"
0.305226628359363,1996-01-01,"state47"
0.264179783927958,1996-01-01,"state48"
0.260510888283416,1996-01-01,"state49"
0.32190818196004,1996-01-01,"state50"
0.296763511567146,1996-01-01,"state51"
0.281893537413975,1996-01-01,"state53"
0.259354828189581,1996-01-01,"state54"
0.312207729722598,1996-01-01,"state55"
0.270711285257901,1996-01-01,"state56"
0.297741450641161,1997-01-01,"national"
0.375281372717117,1997-01-01,"state01"
0.342524528646554,1997-01-01,"state02"
0.248773431731247,1997-01-01,"state04"
0.344625725917052,1997-01-01,"state05"
0.284418221535177,1997-01-01,"state06"
0.276774308007767,1997-01-01,"state08"
0.336239013898272,1997-01-01,"state09"
0.280261442608992,1997-01-01,"state10"
0.387855392829208,1997-01-01,"state11"
0.318934331846047,1997-01-01,"state12"
0.315488915878208,1997-01-01,"state13"
0.32533571037623,1997-01-01,"state15"
0.308124056198406,1997-01-01,"state16"
0.285375008440306,1997-01-01,"state17"
0.31138214742738,1997-01-01,"state18"
0.358209890639064,1997-01-01,"state19"
0.305674879143318,1997-01-01,"state20"
0.294027952117243,1997-01-01,"state21"
0.270732968241668,1997-01-01,"state22"
0.368815650947961,1997-01-01,"state23"
0.302082705004942,1997-01-01,"state24"
0.310192114166992,1997-01-01,"state25"
0.263027704417699,1997-01-01,"state26"
0.316746965210529,1997-01-01,"state27"
0.325740933298727,1997-01-01,"state28"
0.327461837426378,1997-01-01,"state29"
0.318121974196535,1997-01-01,"state30"
0.32641820459852,1997-01-01,"state31"
0.285965105272006,1997-01-01,"state32"
0.328292429131306,1997-01-01,"state33"
0.279976421147228,1997-01-01,"state34"
0.276114579846224,1997-01-01,"state35"
0.260611593400586,1997-01-01,"state36"
0.331535441910411,1997-01-01,"state37"
0.364229066471996,1997-01-01,"state38"
0.276705902733578,1997-01-01,"state39"
0.321132515628929,1997-01-01,"state40"
0.270215381210321,1997-01-01,"state41"
0.311093674704243,1997-01-01,"state42"
0.35404884135075,1997-01-01,"state44"
0.290049917318879,1997-01-01,"state45"
0.403124703342874,1997-01-01,"state46"
0.340463596067531,1997-01-01,"state47"
0.286614538107217,1997-01-01,"state48"
0.264478331563809,1997-01-01,"state49"
0.351115683746375,1997-01-01,"state50"
0.285697137825779,1997-01-01,"state51"
0.290341015910778,1997-01-01,"state53"
0.287224483516305,1997-01-01,"state54"
0.318232069580512,1997-01-01,"state55"
0.292804548048639,1997-01-01,"state56"
0.300956278904145,1998-01-01,"national"
0.346285446734665,1998-01-01,"state01"
0.329953115435613,1998-01-01,"state02"
0.263596506216181,1998-01-01,"state04"
0.353114783155409,1998-01-01,"state05"
0.284635296336975,1998-01-01,"state06"
0.297416722508024,1998-01-01,"state08"
0.330861057146559,1998-01-01,"state09"
0.336384772521495,1998-01-01,"state10"
0.375898376742742,1998-01-01,"state11"
0.314046228126385,1998-01-01,"state12"
0.304739659644846,1998-01-01,"state13"
0.333866146067407,1998-01-01,"state15"
0.288608561278921,1998-01-01,"state16"
0.28619284387886,1998-01-01,"state17"
0.323254349529405,1998-01-01,"state18"
0.365335085545628,1998-01-01,"state19"
0.309774299197907,1998-01-01,"state20"
0.324614425266365,1998-01-01,"state21"
0.328425572834943,1998-01-01,"state22"
0.351519530143219,1998-01-01,"state23"
0.290735842701825,1998-01-01,"state24"
0.330972595665772,1998-01-01,"state25"
0.263328270542791,1998-01-01,"state26"
0.32191694649563,1998-01-01,"state27"
0.332328167117767,1998-01-01,"state28"
0.37896871253125,1998-01-01,"state29"
0.351490966876885,1998-01-01,"state30"
0.345610477401869,1998-01-01,"state31"
0.314951039839519,1998-01-01,"state32"
0.285849364041409,1998-01-01,"state33"
0.265998951278978,1998-01-01,"state34"
0.286191713954824,1998-01-01,"state35"
0.307466417060152,1998-01-01,"state36"
0.324964810781145,1998-01-01,"state37"
0.356195550393954,1998-01-01,"state38"
0.285531981821187,1998-01-01,"state39"
0.28708506269459,1998-01-01,"state40"
0.263452853907341,1998-01-01,"state41"
0.299148915269936,1998-01-01,"state42"
0.307773391061683,1998-01-01,"state44"
0.352140839129792,1998-01-01,"state45"
0.426960868265955,1998-01-01,"state46"
0.327566657048805,1998-01-01,"state47"
0.261957580371912,1998-01-01,"state48"
0.247544243760959,1998-01-01,"state49"
0.360295449392798,1998-01-01,"state50"
0.28989715683446,1998-01-01,"state51"
0.254520728165745,1998-01-01,"state53"
0.351111319310939,1998-01-01,"state54"
0.349074106320489,1998-01-01,"state55"
0.277524073918046,1998-01-01,"state56"
0.300344690923749,1999-01-01,"national"
0.334197538367167,1999-01-01,"state01"
0.288916645108887,1999-01-01,"state02"
0.286426659753671,1999-01-01,"state04"
0.371432083385697,1999-01-01,"state05"
0.287176979394251,1999-01-01,"state06"
0.327684608881155,1999-01-01,"state08"
0.318775807592674,1999-01-01,"state09"
0.333407198731384,1999-01-01,"state10"
0.386667392563024,1999-01-01,"state11"
0.301077721163383,1999-01-01,"state12"
0.292180211588441,1999-01-01,"state13"
0.378717744819675,1999-01-01,"state15"
0.302794132589958,1999-01-01,"state16"
0.297143730287311,1999-01-01,"state17"
0.284539129925709,1999-01-01,"state18"
0.337212427469995,1999-01-01,"state19"
0.307861879397016,1999-01-01,"state20"
0.298579574020118,1999-01-01,"state21"
0.334484488241305,1999-01-01,"state22"
0.355563527096055,1999-01-01,"state23"
0.336491985769132,1999-01-01,"state24"
0.345745056825118,1999-01-01,"state25"
0.267444778416129,1999-01-01,"state26"
0.292102182968898,1999-01-01,"state27"
0.312071314360271,1999-01-01,"state28"
0.306968983030278,1999-01-01,"state29"
0.355817584413085,1999-01-01,"state30"
0.339309682199169,1999-01-01,"state31"
0.328795281519401,1999-01-01,"state32"
0.278378845710592,1999-01-01,"state33"
0.304402437109116,1999-01-01,"state34"
0.251558358211083,1999-01-01,"state35"
0.302347659973496,1999-01-01,"state36"
0.318858043513899,1999-01-01,"state37"
0.40953955737488,1999-01-01,"state38"
0.27390522764831,1999-01-01,"state39"
0.265346824618062,1999-01-01,"state40"
0.287015603154626,1999-01-01,"state41"
0.296066384587201,1999-01-01,"state42"
0.283954593471568,1999-01-01,"state44"
0.340762512861984,1999-01-01,"state45"
0.38482238318793,1999-01-01,"state46"
0.30400410614042,1999-01-01,"state47"
0.287879684839251,1999-01-01,"state48"
0.238082082874583,1999-01-01,"state49"
0.372072710786395,1999-01-01,"state50"
0.30511170535696,1999-01-01,"state51"
0.257368098385005,1999-01-01,"state53"
0.275526438562875,1999-01-01,"state54"
0.339351445378688,1999-01-01,"state55"
0.276853218807236,1999-01-01,"state56"
0.30089560842267,2000-01-01,"national"
0.323295519344361,2000-01-01,"state01"
0.312829035091638,2000-01-01,"state02"
0.274006581847866,2000-01-01,"state04"
0.358490496156122,2000-01-01,"state05"
0.271857043513061,2000-01-01,"state06"
0.290708823578613,2000-01-01,"state08"
0.309951387583626,2000-01-01,"state09"
0.353868701598157,2000-01-01,"state10"
0.362883577179443,2000-01-01,"state11"
0.288908367740102,2000-01-01,"state12"
0.273046579951258,2000-01-01,"state13"
0.368890316681485,2000-01-01,"state15"
0.277125327217046,2000-01-01,"state16"
0.294915959965103,2000-01-01,"state17"
0.25287172987087,2000-01-01,"state18"
0.361392004468367,2000-01-01,"state19"
0.311384941907492,2000-01-01,"state20"
0.32090791300074,2000-01-01,"state21"
0.288112438226829,2000-01-01,"state22"
0.347006254186014,2000-01-01,"state23"
0.360078774286458,2000-01-01,"state24"
0.308826742278712,2000-01-01,"state25"
0.292288651232739,2000-01-01,"state26"
0.356760957808168,2000-01-01,"state27"
0.337073964336057,2000-01-01,"state28"
0.315687712327632,2000-01-01,"state29"
0.334213931477962,2000-01-01,"state30"
0.34692998906764,2000-01-01,"state31"
0.29485709577589,2000-01-01,"state32"
0.336027935468907,2000-01-01,"state33"
0.289713914488835,2000-01-01,"state34"
0.334661051948129,2000-01-01,"state35"
0.302348698929983,2000-01-01,"state36"
0.295507896264733,2000-01-01,"state37"
0.449335982643721,2000-01-01,"state38"
0.282371741608964,2000-01-01,"state39"
0.249578259647858,2000-01-01,"state40"
0.327565972459089,2000-01-01,"state41"
0.322998040583391,2000-01-01,"state42"
0.293313713740573,2000-01-01,"state44"
0.359470939539614,2000-01-01,"state45"
0.396870274933569,2000-01-01,"state46"
0.337204525028814,2000-01-01,"state47"
0.290393839287611,2000-01-01,"state48"
0.236585994764401,2000-01-01,"state49"
0.336154281900747,2000-01-01,"state50"
0.33537409515453,2000-01-01,"state51"
0.270902105117334,2000-01-01,"state53"
0.287209902584071,2000-01-01,"state54"
0.334973067617661,2000-01-01,"state55"
0.291444251328085,2000-01-01,"state56"
0.303216334900546,2001-01-01,"national"
0.314539712634162,2001-01-01,"state01"
0.310442588050584,2001-01-01,"state02"
0.282414696639641,2001-01-01,"state04"
0.363647599192063,2001-01-01,"state05"
0.29417841331929,2001-01-01,"state06"
0.26898702848897,2001-01-01,"state08"
0.329745361482619,2001-01-01,"state09"
0.335515122843736,2001-01-01,"state10"
0.362528469305069,2001-01-01,"state11"
0.312356659644246,2001-01-01,"state12"
0.316741820633088,2001-01-01,"state13"
0.340788957924558,2001-01-01,"state15"
0.285590106783222,2001-01-01,"state16"
0.285904997638061,2001-01-01,"state17"
0.306789770615072,2001-01-01,"state18"
0.345668865547823,2001-01-01,"state19"
0.30794520358412,2001-01-01,"state20"
0.312841228869012,2001-01-01,"state21"
0.301994292208388,2001-01-01,"state22"
0.357073376186616,2001-01-01,"state23"
0.309746859860144,2001-01-01,"state24"
0.300978901118019,2001-01-01,"state25"
0.286520434118348,2001-01-01,"state26"
0.341392223537761,2001-01-01,"state27"
0.337614481899042,2001-01-01,"state28"
0.309105554220252,2001-01-01,"state29"
0.325266079801519,2001-01-01,"state30"
0.350702186885106,2001-01-01,"state31"
0.287839917143285,2001-01-01,"state32"
0.300143973161201,2001-01-01,"state33"
0.268606297853387,2001-01-01,"state34"
0.288305061396025,2001-01-01,"state35"
0.306588727242488,2001-01-01,"state36"
0.342917517370051,2001-01-01,"state37"
0.405781727726895,2001-01-01,"state38"
0.284420906900522,2001-01-01,"state39"
0.287081307098316,2001-01-01,"state40"
0.275760121633536,2001-01-01,"state41"
0.309806006940125,2001-01-01,"state42"
0.339308598095842,2001-01-01,"state44"
0.334833998558493,2001-01-01,"state45"
0.372147707864573,2001-01-01,"state46"
0.337265831043813,2001-01-01,"state47"
0.284702036455431,2001-01-01,"state48"
0.227410987477268,2001-01-01,"state49"
0.342633582219369,2001-01-01,"state50"
0.30520708061451,2001-01-01,"state51"
0.274136129361972,2001-01-01,"state53"
0.288725660070178,2001-01-01,"state54"
0.343884495396732,2001-01-01,"state55"
0.270272156076094,2001-01-01,"state56"
0.300747897704605,2002-01-01,"national"
0.315653004882328,2002-01-01,"state01"
0.328872173081136,2002-01-01,"state02"
0.242590677963496,2002-01-01,"state04"
0.307529606020897,2002-01-01,"state05"
0.287125446576103,2002-01-01,"state06"
0.270108464060842,2002-01-01,"state08"
0.30305041110842,2002-01-01,"state09"
0.338297707512724,2002-01-01,"state10"
0.398768537338398,2002-01-01,"state11"
0.304008515667161,2002-01-01,"state12"
0.323016296011662,2002-01-01,"state13"
0.35419924850413,2002-01-01,"state15"
0.275654433820126,2002-01-01,"state16"
0.281751768563299,2002-01-01,"state17"
0.304927382451497,2002-01-01,"state18"
0.356996533320755,2002-01-01,"state19"
0.297788739947179,2002-01-01,"state20"
0.333326873134153,2002-01-01,"state21"
0.26333148987827,2002-01-01,"state22"
0.346259823392392,2002-01-01,"state23"
0.335569627733309,2002-01-01,"state24"
0.313988691280658,2002-01-01,"state25"
0.268274812512006,2002-01-01,"state26"
0.346097848909743,2002-01-01,"state27"
0.342510798938404,2002-01-01,"state28"
0.329768498997701,2002-01-01,"state29"
0.328735874028661,2002-01-01,"state30"
0.348803929533776,2002-01-01,"state31"
0.310336926600941,2002-01-01,"state32"
0.287064537042961,2002-01-01,"state33"
0.274821848726639,2002-01-01,"state34"
0.273457762696253,2002-01-01,"state35"
0.308164019429179,2002-01-01,"state36"
0.32623332848435,2002-01-01,"state37"
0.401337509987172,2002-01-01,"state38"
0.288936584931146,2002-01-01,"state39"
0.310038607294515,2002-01-01,"state40"
0.285639587876776,2002-01-01,"state41"
0.298163539597229,2002-01-01,"state42"
0.321852663332447,2002-01-01,"state44"
0.310142806613134,2002-01-01,"state45"
0.385259392032377,2002-01-01,"state46"
0.304353115497457,2002-01-01,"state47"
0.29926544379735,2002-01-01,"state48"
0.258698601712029,2002-01-01,"state49"
0.325714742468812,2002-01-01,"state50"
0.294726037206269,2002-01-01,"state51"
0.274634866878612,2002-01-01,"state53"
0.295839640117793,2002-01-01,"state54"
0.33082874369047,2002-01-01,"state55"
0.308961771551469,2002-01-01,"state56"
0.303160123342195,2003-01-01,"national"
0.322647230937102,2003-01-01,"state01"
0.338793111685745,2003-01-01,"state02"
0.26149398964942,2003-01-01,"state04"
0.315548172890593,2003-01-01,"state05"
0.295030082692206,2003-01-01,"state06"
0.265185363254522,2003-01-01,"state08"
0.319217136704644,2003-01-01,"state09"
0.330300225786101,2003-01-01,"state10"
0.335343293115061,2003-01-01,"state11"
0.287154067429672,2003-01-01,"state12"
0.326586810592591,2003-01-01,"state13"
0.359191058073418,2003-01-01,"state15"
0.279680616759901,2003-01-01,"state16"
0.293935638815573,2003-01-01,"state17"
0.292594832369694,2003-01-01,"state18"
0.344159735561564,2003-01-01,"state19"
0.291033124897538,2003-01-01,"state20"
0.293059359485234,2003-01-01,"state21"
0.282599110413071,2003-01-01,"state22"
0.344045316471368,2003-01-01,"state23"
0.316153841331508,2003-01-01,"state24"
0.341831643814902,2003-01-01,"state25"
0.303770786394915,2003-01-01,"state26"
0.348828075198217,2003-01-01,"state27"
0.373709660429221,2003-01-01,"state28"
0.317529158640954,2003-01-01,"state29"
0.356959087146438,2003-01-01,"state30"
0.330367157063634,2003-01-01,"state31"
0.288695111994101,2003-01-01,"state32"
0.268913655735498,2003-01-01,"state33"
0.289041372193804,2003-01-01,"state34"
0.298769032501925,2003-01-01,"state35"
0.298127101579349,2003-01-01,"state36"
0.344227934174595,2003-01-01,"state37"
0.380406880721384,2003-01-01,"state38"
0.301238867146256,2003-01-01,"state39"
0.306463233495652,2003-01-01,"state40"
0.284248310616565,2003-01-01,"state41"
0.273038378940853,2003-01-01,"state42"
0.333408278971177,2003-01-01,"state44"
0.337316006404005,2003-01-01,"state45"
0.374179283001088,2003-01-01,"state46"
0.318037744247509,2003-01-01,"state47"
0.296410955082014,2003-01-01,"state48"
0.239103894256462,2003-01-01,"state49"
0.349300539137185,2003-01-01,"state50"
0.28929547741437,2003-01-01,"state51"
0.279873063068285,2003-01-01,"state53"
0.321585875083797,2003-01-01,"state54"
0.353342217268129,2003-01-01,"state55"
0.2821456902585,2003-01-01,"state56"
0.303095192065215,2004-01-01,"national"
0.332835641108407,2004-01-01,"state01"
0.270165088001226,2004-01-01,"state02"
0.263991354048757,2004-01-01,"state04"
0.329011919326461,2004-01-01,"state05"
0.293209961863555,2004-01-01,"state06"
0.270425531655966,2004-01-01,"state08"
0.307826451872094,2004-01-01,"state09"
0.315016421585585,2004-01-01,"state10"
0.403642719417032,2004-01-01,"state11"
0.313737479529337,2004-01-01,"state12"
0.315906283719064,2004-01-01,"state13"
0.348391589990522,2004-01-01,"state15"
0.298639712144775,2004-01-01,"state16"
0.294304593193784,2004-01-01,"state17"
0.309236120190775,2004-01-01,"state18"
0.332572033561657,2004-01-01,"state19"
0.325524764312677,2004-01-01,"state20"
0.338595699514995,2004-01-01,"state21"
0.254209417979865,2004-01-01,"state22"
0.360230555259906,2004-01-01,"state23"
0.287577774314286,2004-01-01,"state24"
0.320138548407414,2004-01-01,"state25"
0.306438515219808,2004-01-01,"state26"
0.330763331930105,2004-01-01,"state27"
0.343436040588967,2004-01-01,"state28"
0.312147275154999,2004-01-01,"state29"
0.364550761396303,2004-01-01,"state30"
0.335009597944223,2004-01-01,"state31"
0.274091869796108,2004-01-01,"state32"
0.296850778477656,2004-01-01,"state33"
0.280583778882053,2004-01-01,"state34"
0.284991416011196,2004-01-01,"state35"
0.302333867209197,2004-01-01,"state36"
0.290800018372043,2004-01-01,"state37"
0.345367165422001,2004-01-01,"state38"
0.306749029890658,2004-01-01,"state39"
0.296736529660526,2004-01-01,"state40"
0.310669030709945,2004-01-01,"state41"
0.297616295247558,2004-01-01,"state42"
0.316836275046633,2004-01-01,"state44"
0.32186370190235,2004-01-01,"state45"
0.424879619604202,2004-01-01,"state46"
0.329949469318271,2004-01-01,"state47"
0.287966197584465,2004-01-01,"state48"
0.247188789299793,2004-01-01,"state49"
0.375004405810821,2004-01-01,"state50"
0.29279248942102,2004-01-01,"state51"
0.306504793220112,2004-01-01,"state53"
0.318547285532117,2004-01-01,"state54"
0.337577253870181,2004-01-01,"state55"
0.288643185170502,2004-01-01,"state56"
0.300760427186995,2005-01-01,"national"
0.304436989546412,2005-01-01,"state01"
0.320859835873121,2005-01-01,"state02"
0.250603621994613,2005-01-01,"state04"
0.351095837925784,2005-01-01,"state05"
0.277468310141256,2005-01-01,"state06"
0.290857388743174,2005-01-01,"state08"
0.314696374951417,2005-01-01,"state09"
0.34635521093227,2005-01-01,"state10"
0.366073956164446,2005-01-01,"state11"
0.305505447725077,2005-01-01,"state12"
0.310346796671337,2005-01-01,"state13"
0.356075363742359,2005-01-01,"state15"
0.270329110824948,2005-01-01,"state16"
0.295535651131178,2005-01-01,"state17"
0.312368848582605,2005-01-01,"state18"
0.371780269433065,2005-01-01,"state19"
0.327520661988999,2005-01-01,"state20"
0.354511737534016,2005-01-01,"state21"
0.282398694715735,2005-01-01,"state22"
0.361266733102725,2005-01-01,"state23"
0.324663254828921,2005-01-01,"state24"
0.28630773404698,2005-01-01,"state25"
0.289898922696537,2005-01-01,"state26"
0.315850135994747,2005-01-01,"state27"
0.295572715624947,2005-01-01,"state28"
0.314955822555162,2005-01-01,"state29"
0.387358844106837,2005-01-01,"state30"
0.346962104301411,2005-01-01,"state31"
0.32121965558818,2005-01-01,"state32"
0.312637251877178,2005-01-01,"state33"
0.280836168351149,2005-01-01,"state34"
0.325618825874844,2005-01-01,"state35"
0.313271602532246,2005-01-01,"state36"
0.298576176867475,2005-01-01,"state37"
0.374229142517666,2005-01-01,"state38"
0.304801680087203,2005-01-01,"state39"
0.279632420800191,2005-01-01,"state40"
0.318949245394014,2005-01-01,"state41"
0.313184948965423,2005-01-01,"state42"
0.325370598417509,2005-01-01,"state44"
0.316603942382796,2005-01-01,"state45"
0.393495891627898,2005-01-01,"state46"
0.283595464226416,2005-01-01,"state47"
0.283840719443638,2005-01-01,"state48"
0.223692083595819,2005-01-01,"state49"
0.359865877993295,2005-01-01,"state50"
0.2942514821296,2005-01-01,"state51"
0.300006011246959,2005-01-01,"state53"
0.356900398998963,2005-01-01,"state54"
0.332431597832119,2005-01-01,"state55"
0.276597205698935,2005-01-01,"state56"
0.301611786449949,2006-01-01,"national"
0.325166045906144,2006-01-01,"state01"
0.29450923304028,2006-01-01,"state02"
0.270928693060387,2006-01-01,"state04"
0.337451791353347,2006-01-01,"state05"
0.281648188096691,2006-01-01,"state06"
0.264724391026857,2006-01-01,"state08"
0.30305331111677,2006-01-01,"state09"
0.288094229328347,2006-01-01,"state10"
0.355064067704357,2006-01-01,"state11"
0.314465669685754,2006-01-01,"state12"
0.303093738830873,2006-01-01,"state13"
0.347173054001766,2006-01-01,"state15"
0.261525070044932,2006-01-01,"state16"
0.301253092388286,2006-01-01,"state17"
0.314184158334875,2006-01-01,"state18"
0.344940015311194,2006-01-01,"state19"
0.310345222110692,2006-01-01,"state20"
0.32268973200472,2006-01-01,"state21"
0.303594305333038,2006-01-01,"state22"
0.346969079835165,2006-01-01,"state23"
0.331641729548973,2006-01-01,"state24"
0.291253111789567,2006-01-01,"state25"
0.293152207675393,2006-01-01,"state26"
0.323749515523209,2006-01-01,"state27"
0.364364504080047,2006-01-01,"state28"
0.320308423353336,2006-01-01,"state29"
0.31040121822304,2006-01-01,"state30"
0.332978069629375,2006-01-01,"state31"
0.281588534922613,2006-01-01,"state32"
0.307769703330079,2006-01-01,"state33"
0.287924770554826,2006-01-01,"state34"
0.297189055946475,2006-01-01,"state35"
0.311670609304304,2006-01-01,"state36"
0.308562081487274,2006-01-01,"state37"
0.403596775925681,2006-01-01,"state38"
0.319632761872198,2006-01-01,"state39"
0.311818599429022,2006-01-01,"state40"
0.272684569564582,2006-01-01,"state41"
0.297010268949077,2006-01-01,"state42"
0.329744616404666,2006-01-01,"state44"
0.306773870668286,2006-01-01,"state45"
0.374289688896445,2006-01-01,"state46"
0.305257960216947,2006-01-01,"state47"
0.285447940207074,2006-01-01,"state48"
0.23078243719465,2006-01-01,"state49"
0.363854563616914,2006-01-01,"state50"
0.324252191672342,2006-01-01,"state51"
0.283996430833021,2006-01-01,"state53"
0.313340968311191,2006-01-01,"state54"
0.312238182569784,2006-01-01,"state55"
0.292052147138409,2006-01-01,"state56"
0.305968200157607,2007-01-01,"national"
0.336537259429483,2007-01-01,"state01"
0.31963717647314,2007-01-01,"state02"
0.254066845662254,2007-01-01,"state04"
0.363856128773887,2007-01-01,"state05"
0.286797654322444,2007-01-01,"state06"
0.276743308498694,2007-01-01,"state08"
0.334216718472558,2007-01-01,"state09"
0.296149189688453,2007-01-01,"state10"
0.300401100556686,2007-01-01,"state11"
0.311754653261826,2007-01-01,"state12"
0.315497661626626,2007-01-01,"state13"
0.321691489547442,2007-01-01,"state15"
0.284232905977829,2007-01-01,"state16"
0.270082060307539,2007-01-01,"state17"
0.289781501368212,2007-01-01,"state18"
0.348142794366508,2007-01-01,"state19"
0.336190164977365,2007-01-01,"state20"
0.324021089230917,2007-01-01,"state21"
0.287986129077958,2007-01-01,"state22"
0.374649558838869,2007-01-01,"state23"
0.341931670244017,2007-01-01,"state24"
0.317608995125019,2007-01-01,"state25"
0.309224420591215,2007-01-01,"state26"
0.336227929284424,2007-01-01,"state27"
0.340601971031008,2007-01-01,"state28"
0.340193816707652,2007-01-01,"state29"
0.33937638576589,2007-01-01,"state30"
0.363496103365432,2007-01-01,"state31"
0.298318245316347,2007-01-01,"state32"
0.337719723850824,2007-01-01,"state33"
0.298809369531524,2007-01-01,"state34"
0.309571802570549,2007-01-01,"state35"
0.317506893608901,2007-01-01,"state36"
0.321892852347581,2007-01-01,"state37"
0.414657711823527,2007-01-01,"state38"
0.334454804814688,2007-01-01,"state39"
0.358977150974026,2007-01-01,"state40"
0.272252778492436,2007-01-01,"state41"
0.315989839064958,2007-01-01,"state42"
0.316583789692384,2007-01-01,"state44"
0.308088103895873,2007-01-01,"state45"
0.39517534057104,2007-01-01,"state46"
0.329069692718878,2007-01-01,"state47"
0.26825676914637,2007-01-01,"state48"
0.254617334020424,2007-01-01,"state49"
0.373174976020545,2007-01-01,"state50"
0.305988644787679,2007-01-01,"state51"
0.297231578771814,2007-01-01,"state53"
0.291202313511414,2007-01-01,"state54"
0.331791901278624,2007-01-01,"state55"
0.275705750470896,2007-01-01,"state56"
0.306186727822707,2008-01-01,"national"
0.301919589695214,2008-01-01,"state01"
0.308042397320582,2008-01-01,"state02"
0.252572814665211,2008-01-01,"state04"
0.349170762039424,2008-01-01,"state05"
0.291529155754922,2008-01-01,"state06"
0.289218935846826,2008-01-01,"state08"
0.324746779199468,2008-01-01,"state09"
0.326085113197343,2008-01-01,"state10"
0.336774156367919,2008-01-01,"state11"
0.310719684045114,2008-01-01,"state12"
0.274307328239056,2008-01-01,"state13"
0.329294971130397,2008-01-01,"state15"
0.260690572397766,2008-01-01,"state16"
0.273596402375356,2008-01-01,"state17"
0.300669499468968,2008-01-01,"state18"
0.355155874278482,2008-01-01,"state19"
0.310493441900329,2008-01-01,"state20"
0.344914967530969,2008-01-01,"state21"
0.312317646237899,2008-01-01,"state22"
0.349164359226894,2008-01-01,"state23"
0.33334323513813,2008-01-01,"state24"
0.356986374721825,2008-01-01,"state25"
0.324429744731754,2008-01-01,"state26"
0.344720546505533,2008-01-01,"state27"
0.321982706890359,2008-01-01,"state28"
0.308161716263703,2008-01-01,"state29"
0.354687577535902,2008-01-01,"state30"
0.348410173217763,2008-01-01,"state31"
0.318059386780038,2008-01-01,"state32"
0.342776098103736,2008-01-01,"state33"
0.316370603137169,2008-01-01,"state34"
0.333206592990689,2008-01-01,"state35"
0.306603615881354,2008-01-01,"state36"
0.325852233721792,2008-01-01,"state37"
0.41964413155028,2008-01-01,"state38"
0.324011359182542,2008-01-01,"state39"
0.285197880606977,2008-01-01,"state40"
0.309112394322144,2008-01-01,"state41"
0.327335301064542,2008-01-01,"state42"
0.351165457546957,2008-01-01,"state44"
0.320003158881411,2008-01-01,"state45"
0.387292343492646,2008-01-01,"state46"
0.308873772641234,2008-01-01,"state47"
0.285178862623248,2008-01-01,"state48"
0.223552532836159,2008-01-01,"state49"
0.374094845979798,2008-01-01,"state50"
0.29202923483278,2008-01-01,"state51"
0.261073329586866,2008-01-01,"state53"
0.324064405099496,2008-01-01,"state54"
0.37642762439062,2008-01-01,"state55"
0.261412041249301,2008-01-01,"state56"
0.314869431637273,2009-01-01,"national"
0.307349189120699,2009-01-01,"state01"
0.304396110598611,2009-01-01,"state02"
0.287254135562379,2009-01-01,"state04"
0.332966818061059,2009-01-01,"state05"
0.312000169522066,2009-01-01,"state06"
0.305917657727089,2009-01-01,"state08"
0.307898175518915,2009-01-01,"state09"
0.375680307015559,2009-01-01,"state10"
0.380822731395344,2009-01-01,"state11"
0.339762523344221,2009-01-01,"state12"
0.300678744647629,2009-01-01,"state13"
0.312836948584066,2009-01-01,"state15"
0.280125321952462,2009-01-01,"state16"
0.292352009117116,2009-01-01,"state17"
0.337294272316876,2009-01-01,"state18"
0.349152127506811,2009-01-01,"state19"
0.290266282645389,2009-01-01,"state20"
0.327400872858598,2009-01-01,"state21"
0.289955126477881,2009-01-01,"state22"
0.367716874893454,2009-01-01,"state23"
0.338752186852102,2009-01-01,"state24"
0.363775048925672,2009-01-01,"state25"
0.330443482042122,2009-01-01,"state26"
0.313056490399872,2009-01-01,"state27"
0.386340736386048,2009-01-01,"state28"
0.358574763968625,2009-01-01,"state29"
0.386970194653274,2009-01-01,"state30"
0.356027749908756,2009-01-01,"state31"
0.282169329097492,2009-01-01,"state32"
0.336798073157554,2009-01-01,"state33"
0.310695010323234,2009-01-01,"state34"
0.314308170140996,2009-01-01,"state35"
0.327585030224873,2009-01-01,"state36"
0.333275709571645,2009-01-01,"state37"
0.405219368238053,2009-01-01,"state38"
0.333265097256898,2009-01-01,"state39"
0.321122388509588,2009-01-01,"state40"
0.332481496096547,2009-01-01,"state41"
0.303648542323676,2009-01-01,"state42"
0.3189229549295,2009-01-01,"state44"
0.344642501988377,2009-01-01,"state45"
0.373835198318191,2009-01-01,"state46"
0.321263459395684,2009-01-01,"state47"
0.275763802699954,2009-01-01,"state48"
0.211753953715621,2009-01-01,"state49"
0.371657866279176,2009-01-01,"state50"
0.300119668634969,2009-01-01,"state51"
0.256740283819832,2009-01-01,"state53"
0.300324754765603,2009-01-01,"state54"
0.363112920420223,2009-01-01,"state55"
0.250267534507708,2009-01-01,"state56"
0.325519800479839,2010-01-01,"national"
0.340605574312469,2010-01-01,"state01"
0.313587139758537,2010-01-01,"state02"
0.327751878529927,2010-01-01,"state04"
0.351121326782367,2010-01-01,"state05"
0.317168520387426,2010-01-01,"state06"
0.288171568463041,2010-01-01,"state08"
0.322358010887008,2010-01-01,"state09"
0.362716262471797,2010-01-01,"state10"
0.339542938541242,2010-01-01,"state11"
0.323754419129685,2010-01-01,"state12"
0.300182183481885,2010-01-01,"state13"
0.384549281070586,2010-01-01,"state15"
0.286705915957495,2010-01-01,"state16"
0.310114439006091,2010-01-01,"state17"
0.345033855493588,2010-01-01,"state18"
0.365707059092816,2010-01-01,"state19"
0.327405577868127,2010-01-01,"state20"
0.327823585816607,2010-01-01,"state21"
0.298922082676626,2010-01-01,"state22"
0.346627641287275,2010-01-01,"state23"
0.32964549069666,2010-01-01,"state24"
0.37700947375916,2010-01-01,"state25"
0.339937899653427,2010-01-01,"state26"
0.340286641353488,2010-01-01,"state27"
0.360787537484274,2010-01-01,"state28"
0.356326250212097,2010-01-01,"state29"
0.407033053555656,2010-01-01,"state30"
0.365465502673595,2010-01-01,"state31"
0.309622967568352,2010-01-01,"state32"
0.320181738400109,2010-01-01,"state33"
0.307892828147877,2010-01-01,"state34"
0.309076601355316,2010-01-01,"state35"
0.329499187951197,2010-01-01,"state36"
0.348316071645735,2010-01-01,"state37"
0.356198835131832,2010-01-01,"state38"
0.352658198859971,2010-01-01,"state39"
0.360908957485249,2010-01-01,"state40"
0.325454936461454,2010-01-01,"state41"
0.332359829523933,2010-01-01,"state42"
0.359707251397032,2010-01-01,"state44"
0.348754170150608,2010-01-01,"state45"
0.362246060050221,2010-01-01,"state46"
0.329609340928189,2010-01-01,"state47"
0.287938563198947,2010-01-01,"state48"
0.250100028910155,2010-01-01,"state49"
0.377900108628758,2010-01-01,"state50"
0.326316827341351,2010-01-01,"state51"
0.300935360681069,2010-01-01,"state53"
0.295563121037062,2010-01-01,"state54"
0.399570256847801,2010-01-01,"state55"
0.293676086222952,2010-01-01,"state56"
0.324119121234373,2011-01-01,"national"
0.315035362811853,2011-01-01,"state01"
0.280941809371868,2011-01-01,"state02"
0.304198777045472,2011-01-01,"state04"
0.353050905247941,2011-01-01,"state05"
0.312448460030366,2011-01-01,"state06"
0.276842028643652,2011-01-01,"state08"
0.344044531712751,2011-01-01,"state09"
0.335538186991342,2011-01-01,"state10"
0.347828602861224,2011-01-01,"state11"
0.345833703855842,2011-01-01,"state12"
0.315262294786458,2011-01-01,"state13"
0.378466819959399,2011-01-01,"state15"
0.285071440785224,2011-01-01,"state16"
0.317779036151455,2011-01-01,"state17"
0.3318514492555,2011-01-01,"state18"
0.370461961697181,2011-01-01,"state19"
0.302877813671947,2011-01-01,"state20"
0.35902037419363,2011-01-01,"state21"
0.327538987861559,2011-01-01,"state22"
0.369932063898123,2011-01-01,"state23"
0.34857748358248,2011-01-01,"state24"
0.349995597594929,2011-01-01,"state25"
0.320816932672522,2011-01-01,"state26"
0.343647860315944,2011-01-01,"state27"
0.343590125894823,2011-01-01,"state28"
0.362535480657287,2011-01-01,"state29"
0.406500863307292,2011-01-01,"state30"
0.37274633198229,2011-01-01,"state31"
0.318523657408693,2011-01-01,"state32"
0.318247942809405,2011-01-01,"state33"
0.324570192025813,2011-01-01,"state34"
0.311600269246776,2011-01-01,"state35"
0.312832787937426,2011-01-01,"state36"
0.312947781699542,2011-01-01,"state37"
0.382380981080244,2011-01-01,"state38"
0.34654488933616,2011-01-01,"state39"
0.276695164054347,2011-01-01,"state40"
0.352339193956064,2011-01-01,"state41"
0.33715982406522,2011-01-01,"state42"
0.378296421847239,2011-01-01,"state44"
0.351627014507701,2011-01-01,"state45"
0.358989040362088,2011-01-01,"state46"
0.319522018851012,2011-01-01,"state47"
0.2940591784525,2011-01-01,"state48"
0.20929446217936,2011-01-01,"state49"
0.395174202545431,2011-01-01,"state50"
0.343741691324068,2011-01-01,"state51"
0.303195122550254,2011-01-01,"state53"
0.334532109094495,2011-01-01,"state54"
0.379863140636892,2011-01-01,"state55"
0.272100991410142,2011-01-01,"state56"
0.315008528474813,2012-01-01,"national"
0.328206046922753,2012-01-01,"state01"
0.346281340724167,2012-01-01,"state02"
0.32582682043035,2012-01-01,"state04"
0.329609144047529,2012-01-01,"state05"
0.316639368135507,2012-01-01,"state06"
0.29589008817268,2012-01-01,"state08"
0.321420452362873,2012-01-01,"state09"
0.336262320182123,2012-01-01,"state10"
0.335216166251365,2012-01-01,"state11"
0.336930870512434,2012-01-01,"state12"
0.325698829634236,2012-01-01,"state13"
0.352504368036823,2012-01-01,"state15"
0.269614491865896,2012-01-01,"state16"
0.302834558261199,2012-01-01,"state17"
0.329820710481204,2012-01-01,"state18"
0.348730383814464,2012-01-01,"state19"
0.324779397894475,2012-01-01,"state20"
0.349835286380049,2012-01-01,"state21"
0.298477880078039,2012-01-01,"state22"
0.352307668849217,2012-01-01,"state23"
0.325145793452394,2012-01-01,"state24"
0.326779165995414,2012-01-01,"state25"
0.314135141464865,2012-01-01,"state26"
0.370708571620614,2012-01-01,"state27"
0.312542556577033,2012-01-01,"state28"
0.335180139011978,2012-01-01,"state29"
0.356433683274958,2012-01-01,"state30"
0.36541534019127,2012-01-01,"state31"
0.318740982621525,2012-01-01,"state32"
0.352861783812656,2012-01-01,"state33"
0.306355498376614,2012-01-01,"state34"
0.321773409378335,2012-01-01,"state35"
0.31122110433202,2012-01-01,"state36"
0.306268005443642,2012-01-01,"state37"
0.376118990318841,2012-01-01,"state38"
0.329445471103052,2012-01-01,"state39"
0.276243365394926,2012-01-01,"state40"
0.28062907894538,2012-01-01,"state41"
0.293641546795751,2012-01-01,"state42"
0.340546010335033,2012-01-01,"state44"
0.326374895951858,2012-01-01,"state45"
0.357075935876474,2012-01-01,"state46"
0.316313120346088,2012-01-01,"state47"
0.272786491199896,2012-01-01,"state48"
0.260720642326475,2012-01-01,"state49"
0.372010746374798,2012-01-01,"state50"
0.334797149615958,2012-01-01,"state51"
0.295712516329964,2012-01-01,"state53"
0.323870744724192,2012-01-01,"state54"
0.347214697875242,2012-01-01,"state55"
0.259720951601319,2012-01-01,"state56"
0.312807648935693,2013-01-01,"national"
0.318532344369302,2013-01-01,"state01"
0.315777665039323,2013-01-01,"state02"
0.307078643230054,2013-01-01,"state04"
0.346755357384122,2013-01-01,"state05"
0.296895978606581,2013-01-01,"state06"
0.313939251015307,2013-01-01,"state08"
0.355487691457679,2013-01-01,"state09"
0.319881550000605,2013-01-01,"state10"
0.334345694207738,2013-01-01,"state11"
0.314286839196437,2013-01-01,"state12"
0.307595744047426,2013-01-01,"state13"
0.358764483710994,2013-01-01,"state15"
0.275320603776508,2013-01-01,"state16"
0.311964765418607,2013-01-01,"state17"
0.318841214552404,2013-01-01,"state18"
0.355830464068525,2013-01-01,"state19"
0.318784684712326,2013-01-01,"state20"
0.328450215143144,2013-01-01,"state21"
0.309046322648156,2013-01-01,"state22"
0.34400536992669,2013-01-01,"state23"
0.340308874202894,2013-01-01,"state24"
0.346508435790712,2013-01-01,"state25"
0.333984002665284,2013-01-01,"state26"
0.357859104265373,2013-01-01,"state27"
0.345129347985862,2013-01-01,"state28"
0.330526931315728,2013-01-01,"state29"
0.354896619131124,2013-01-01,"state30"
0.37453451174067,2013-01-01,"state31"
0.320072482408139,2013-01-01,"state32"
0.325414165745028,2013-01-01,"state33"
0.311533608004378,2013-01-01,"state34"
0.270103914739295,2013-01-01,"state35"
0.305196556834029,2013-01-01,"state36"
0.312874421368383,2013-01-01,"state37"
0.364023017775264,2013-01-01,"state38"
0.331072209294362,2013-01-01,"state39"
0.284497018115925,2013-01-01,"state40"
0.318710658709761,2013-01-01,"state41"
0.307853670103618,2013-01-01,"state42"
0.328267377920093,2013-01-01,"state44"
0.309067285166294,2013-01-01,"state45"
0.388058431605787,2013-01-01,"state46"
0.335228145311244,2013-01-01,"state47"
0.277037088476969,2013-01-01,"state48"
0.248344520824333,2013-01-01,"state49"
0.361679757415429,2013-01-01,"state50"
0.327349005262886,2013-01-01,"state51"
0.284580973443397,2013-01-01,"state53"
0.302866540084012,2013-01-01,"state54"
0.339409454072255,2013-01-01,"state55"
0.29427316254172,2013-01-01,"state56"
0.310599149665611,2014-01-01,"national"
0.303946011563892,2014-01-01,"state01"
0.308783158063344,2014-01-01,"state02"
0.300749460454896,2014-01-01,"state04"
0.329080774174242,2014-01-01,"state05"
0.292135547288257,2014-01-01,"state06"
0.287940921213845,2014-01-01,"state08"
0.336379339993404,2014-01-01,"state09"
0.334966187056191,2014-01-01,"state10"
0.318741810049648,2014-01-01,"state11"
0.340615221353553,2014-01-01,"state12"
0.310507305569358,2014-01-01,"state13"
0.335291662102864,2014-01-01,"state15"
0.288257047756219,2014-01-01,"state16"
0.326280694055313,2014-01-01,"state17"
0.320122786086457,2014-01-01,"state18"
0.363220892088582,2014-01-01,"state19"
0.309242789442683,2014-01-01,"state20"
0.316923561004233,2014-01-01,"state21"
0.288120975992505,2014-01-01,"state22"
0.36896534662176,2014-01-01,"state23"
0.322382475427516,2014-01-01,"state24"
0.328351942558037,2014-01-01,"state25"
0.287828573060822,2014-01-01,"state26"
0.362860733549087,2014-01-01,"state27"
0.353064564066634,2014-01-01,"state28"
0.335383048936393,2014-01-01,"state29"
0.344777885555241,2014-01-01,"state30"
0.393592769914399,2014-01-01,"state31"
0.287605981484819,2014-01-01,"state32"
0.351580289523013,2014-01-01,"state33"
0.273356389434569,2014-01-01,"state34"
0.271652230723705,2014-01-01,"state35"
0.314638206859495,2014-01-01,"state36"
0.316445585803043,2014-01-01,"state37"
0.386704279951422,2014-01-01,"state38"
0.31823349877487,2014-01-01,"state39"
0.283849050464073,2014-01-01,"state40"
0.336172782239052,2014-01-01,"state41"
0.312443147358096,2014-01-01,"state42"
0.380918928331648,2014-01-01,"state44"
0.333936275677925,2014-01-01,"state45"
0.395984819232159,2014-01-01,"state46"
0.304205577012849,2014-01-01,"state47"
0.274218768120101,2014-01-01,"state48"
0.21947971669274,2014-01-01,"state49"
0.380170443740239,2014-01-01,"state50"
0.337875235696785,2014-01-01,"state51"
0.293801854873261,2014-01-01,"state53"
0.379009691141108,2014-01-01,"state54"
0.357797012584139,2014-01-01,"state55"
0.287536282240593,2014-01-01,"state56"
0.312680682814088,2015-01-01,"national"
0.321411442344822,2015-01-01,"state01"
0.321165926088394,2015-01-01,"state02"
0.29638645170666,2015-01-01,"state04"
0.369098139553363,2015-01-01,"state05"
0.291338089656071,2015-01-01,"state06"
0.296060581529301,2015-01-01,"state08"
0.347707861151783,2015-01-01,"state09"
0.307571769217042,2015-01-01,"state10"
0.313519319539761,2015-01-01,"state11"
0.326786333403521,2015-01-01,"state12"
0.293276902565386,2015-01-01,"state13"
0.381932876702052,2015-01-01,"state15"
0.288748514865538,2015-01-01,"state16"
0.325542083142647,2015-01-01,"state17"
0.289311748336632,2015-01-01,"state18"
0.383542802880026,2015-01-01,"state19"
0.326840345326525,2015-01-01,"state20"
0.35792961378723,2015-01-01,"state21"
0.310662310715446,2015-01-01,"state22"
0.393289867411542,2015-01-01,"state23"
0.32028036260301,2015-01-01,"state24"
0.337521518058971,2015-01-01,"state25"
0.323155729944125,2015-01-01,"state26"
0.37369585894329,2015-01-01,"state27"
0.319635692371839,2015-01-01,"state28"
0.344164756873635,2015-01-01,"state29"
0.354129808414079,2015-01-01,"state30"
0.39072817103329,2015-01-01,"state31"
0.278923498773967,2015-01-01,"state32"
0.314937902310872,2015-01-01,"state33"
0.299276714722825,2015-01-01,"state34"
0.32097682703493,2015-01-01,"state35"
0.309774928642011,2015-01-01,"state36"
0.297956332045694,2015-01-01,"state37"
0.35717110284657,2015-01-01,"state38"
0.334811987896105,2015-01-01,"state39"
0.297831628983569,2015-01-01,"state40"
0.363288378459982,2015-01-01,"state41"
0.295027536646305,2015-01-01,"state42"
0.368038451883135,2015-01-01,"state44"
0.323132165088739,2015-01-01,"state45"
0.353985531218484,2015-01-01,"state46"
0.295784249691964,2015-01-01,"state47"
0.277973209548626,2015-01-01,"state48"
0.232751569176643,2015-01-01,"state49"
0.399785197571473,2015-01-01,"state50"
0.328688619315734,2015-01-01,"state51"
0.290416434897922,2015-01-01,"state53"
0.385070103270647,2015-01-01,"state54"
0.370303682425284,2015-01-01,"state55"
0.271224219447724,2015-01-01,"state56"
0.319232092009555,2016-01-01,"national"
0.298070932901515,2016-01-01,"state01"
0.339761097252259,2016-01-01,"state02"
0.300705342471444,2016-01-01,"state04"
0.358142586687456,2016-01-01,"state05"
0.308045880777076,2016-01-01,"state06"
0.293927111640316,2016-01-01,"state08"
0.332056378184246,2016-01-01,"state09"
0.318250633486608,2016-01-01,"state10"
0.365822119400169,2016-01-01,"state11"
0.322247950935078,2016-01-01,"state12"
0.294511811722815,2016-01-01,"state13"
0.336559045183503,2016-01-01,"state15"
0.307471091341599,2016-01-01,"state16"
0.304451352258155,2016-01-01,"state17"
0.355753416319256,2016-01-01,"state18"
0.352048959761258,2016-01-01,"state19"
0.367187148686513,2016-01-01,"state20"
0.330591594221121,2016-01-01,"state21"
0.323886641608436,2016-01-01,"state22"
0.33890867188669,2016-01-01,"state23"
0.346376097449529,2016-01-01,"state24"
0.328372430506619,2016-01-01,"state25"
0.290555473884118,2016-01-01,"state26"
0.385199436804306,2016-01-01,"state27"
0.40503874541504,2016-01-01,"state28"
0.386806626065935,2016-01-01,"state29"
0.365968925245812,2016-01-01,"state30"
0.373139352524629,2016-01-01,"state31"
0.292743086041215,2016-01-01,"state32"
0.331662287893319,2016-01-01,"state33"
0.321079381281981,2016-01-01,"state34"
0.297480291543205,2016-01-01,"state35"
0.336890261830473,2016-01-01,"state36"
0.306259421517261,2016-01-01,"state37"
0.344728607332345,2016-01-01,"state38"
0.324662710857789,2016-01-01,"state39"
0.325693324664975,2016-01-01,"state40"
0.299142999665534,2016-01-01,"state41"
0.317834756486177,2016-01-01,"state42"
0.324757673167608,2016-01-01,"state44"
0.323210997955921,2016-01-01,"state45"
0.314705625731211,2016-01-01,"state46"
0.318721238634153,2016-01-01,"state47"
0.300014587901091,2016-01-01,"state48"
0.222818596148296,2016-01-01,"state49"
0.396437003095402,2016-01-01,"state50"
0.325807614748413,2016-01-01,"state51"
0.297778230379156,2016-01-01,"state53"
0.307986869799779,2016-01-01,"state54"
0.35871052849253,2016-01-01,"state55"
0.279690552044788,2016-01-01,"state56"
0.320131474185883,2017-01-01,"national"
0.296379673799191,2017-01-01,"state01"
0.330295754443376,2017-01-01,"state02"
0.283576395661242,2017-01-01,"state04"
0.369225685281303,2017-01-01,"state05"
0.311004052987328,2017-01-01,"state06"
0.271011370973825,2017-01-01,"state08"
0.377394096520453,2017-01-01,"state09"
0.359413866692257,2017-01-01,"state10"
0.383486990389006,2017-01-01,"state11"
0.34834023974577,2017-01-01,"state12"
0.30759841031765,2017-01-01,"state13"
0.321185229432323,2017-01-01,"state15"
0.283776065307016,2017-01-01,"state16"
0.310414088510257,2017-01-01,"state17"
0.359256247222693,2017-01-01,"state18"
0.343215992759003,2017-01-01,"state19"
0.357516459513915,2017-01-01,"state20"
0.3509935357853,2017-01-01,"state21"
0.334468804998471,2017-01-01,"state22"
0.380957741273753,2017-01-01,"state23"
0.383849536464649,2017-01-01,"state24"
0.322848546682462,2017-01-01,"state25"
0.313816278599947,2017-01-01,"state26"
0.349837930400901,2017-01-01,"state27"
0.353527006490162,2017-01-01,"state28"
0.347923732590345,2017-01-01,"state29"
0.319014826161242,2017-01-01,"state30"
0.336921273854163,2017-01-01,"state31"
0.26986334897889,2017-01-01,"state32"
0.354304922259274,2017-01-01,"state33"
0.321477295866565,2017-01-01,"state34"
0.297337935122151,2017-01-01,"state35"
0.338912419363969,2017-01-01,"state36"
0.324595771139228,2017-01-01,"state37"
0.324785775455205,2017-01-01,"state38"
0.334211227280566,2017-01-01,"state39"
0.312512964773544,2017-01-01,"state40"
0.337318185164578,2017-01-01,"state41"
0.338285195009852,2017-01-01,"state42"
0.311563310179783,2017-01-01,"state44"
0.301652588781345,2017-01-01,"state45"
0.388303144603209,2017-01-01,"state46"
0.347590639495255,2017-01-01,"state47"
0.271291607685001,2017-01-01,"state48"
0.221408459594013,2017-01-01,"state49"
0.363097273154348,2017-01-01,"state50"
0.332196213686413,2017-01-01,"state51"
0.289886906167794,2017-01-01,"state53"
0.314824348716182,2017-01-01,"state54"
0.348643918112263,2017-01-01,"state55"
0.272500013427201,2017-01-01,"state56"
0.317955423018034,2018-01-01,"national"
0.289792645708985,2018-01-01,"state01"
0.351577322214539,2018-01-01,"state02"
0.28178893655561,2018-01-01,"state04"
0.333017869805376,2018-01-01,"state05"
0.304981737094085,2018-01-01,"state06"
0.298312456334045,2018-01-01,"state08"
0.332328946368981,2018-01-01,"state09"
0.39644358174342,2018-01-01,"state10"
0.413536774785842,2018-01-01,"state11"
0.339812433300829,2018-01-01,"state12"
0.295047051414848,2018-01-01,"state13"
0.369206394386463,2018-01-01,"state15"
0.268839076975575,2018-01-01,"state16"
0.311963145383373,2018-01-01,"state17"
0.314246400056149,2018-01-01,"state18"
0.365614055781186,2018-01-01,"state19"
0.318065560722699,2018-01-01,"state20"
0.393235994307345,2018-01-01,"state21"
0.314333763311227,2018-01-01,"state22"
0.400143613263287,2018-01-01,"state23"
0.332732601701313,2018-01-01,"state24"
0.363142438133031,2018-01-01,"state25"
0.327050030970959,2018-01-01,"state26"
0.359877715102688,2018-01-01,"state27"
0.355665257716386,2018-01-01,"state28"
0.386427573248164,2018-01-01,"state29"
0.332357219307862,2018-01-01,"state30"
0.389072460847356,2018-01-01,"state31"
0.306622767010579,2018-01-01,"state32"
0.368042326268989,2018-01-01,"state33"
0.302315205468684,2018-01-01,"state34"
0.326957429255249,2018-01-01,"state35"
0.327994862777833,2018-01-01,"state36"
0.298783816431381,2018-01-01,"state37"
0.344654071942546,2018-01-01,"state38"
0.333609668625988,2018-01-01,"state39"
0.297718106807725,2018-01-01,"state40"
0.284953922565491,2018-01-01,"state41"
0.355795117946857,2018-01-01,"state42"
0.375176755500167,2018-01-01,"state44"
0.291910903614017,2018-01-01,"state45"
0.39358420362287,2018-01-01,"state46"
0.315428871178814,2018-01-01,"state47"
0.28779070703673,2018-01-01,"state48"
0.25136770410213,2018-01-01,"state49"
0.349490372383942,2018-01-01,"state50"
0.299936353570102,2018-01-01,"state51"
0.266297378686051,2018-01-01,"state53"
0.331672475475815,2018-01-01,"state54"
0.360021933139782,2018-01-01,"state55"
0.270218941984015,2018-01-01,"state56"
0.32324764557966,2019-01-01,"national"
0.344338469233456,2019-01-01,"state01"
0.366009144180763,2019-01-01,"state02"
0.316549001268896,2019-01-01,"state04"
0.32473178051081,2019-01-01,"state05"
0.310719039543031,2019-01-01,"state06"
0.316592267277585,2019-01-01,"state08"
0.334901582534505,2019-01-01,"state09"
0.315990493901639,2019-01-01,"state10"
0.362950066904127,2019-01-01,"state11"
0.340851903891714,2019-01-01,"state12"
0.335338658989706,2019-01-01,"state13"
0.35756632258926,2019-01-01,"state15"
0.259684540339473,2019-01-01,"state16"
0.306858508250066,2019-01-01,"state17"
0.325548928831687,2019-01-01,"state18"
0.335654801138703,2019-01-01,"state19"
0.345353503709353,2019-01-01,"state20"
0.330035145360605,2019-01-01,"state21"
0.361536229096572,2019-01-01,"state22"
0.423766576396014,2019-01-01,"state23"
0.331736093092541,2019-01-01,"state24"
0.379348482888544,2019-01-01,"state25"
0.339207005799391,2019-01-01,"state26"
0.352831336855182,2019-01-01,"state27"
0.364629220344819,2019-01-01,"state28"
0.346907957231966,2019-01-01,"state29"
0.343613246385156,2019-01-01,"state30"
0.369996741494438,2019-01-01,"state31"
0.309613264880039,2019-01-01,"state32"
0.353809039921367,2019-01-01,"state33"
0.309851510231763,2019-01-01,"state34"
0.320239309411467,2019-01-01,"state35"
0.318169665469835,2019-01-01,"state36"
0.304666782933913,2019-01-01,"state37"
0.34992906680722,2019-01-01,"state38"
0.333948461554618,2019-01-01,"state39"
0.294091955686888,2019-01-01,"state40"
0.319725326193516,2019-01-01,"state41"
0.324109456669315,2019-01-01,"state42"
0.312674149540997,2019-01-01,"state44"
0.322259862640109,2019-01-01,"state45"
0.424332389833901,2019-01-01,"state46"
0.327369965948929,2019-01-01,"state47"
0.282179980393174,2019-01-01,"state48"
0.245665982010599,2019-01-01,"state49"
0.373010687837468,2019-01-01,"state50"
0.325554722294835,2019-01-01,"state51"
0.332049112295307,2019-01-01,"state53"
0.322207306979407,2019-01-01,"state54"
0.393504617388351,2019-01-01,"state55"
0.270880677347521,2019-01-01,"state56"
0.326520242897931,2020-01-01,"national"
0.320215064888609,2020-01-01,"state01"
0.360481532760695,2020-01-01,"state02"
0.316155492972649,2020-01-01,"state04"
0.369511035349106,2020-01-01,"state05"
0.309315258945356,2020-01-01,"state06"
0.352628912735815,2020-01-01,"state08"
0.370412309406615,2020-01-01,"state09"
0.354573278438888,2020-01-01,"state10"
0.409291484232103,2020-01-01,"state11"
0.349202282038377,2020-01-01,"state12"
0.293573467106314,2020-01-01,"state13"
0.328913989835471,2020-01-01,"state15"
0.275695289906375,2020-01-01,"state16"
0.320582849451329,2020-01-01,"state17"
0.321883268249928,2020-01-01,"state18"
0.348797324769822,2020-01-01,"state19"
0.316981994091302,2020-01-01,"state20"
0.340057992484723,2020-01-01,"state21"
0.339433173980727,2020-01-01,"state22"
0.338278050688571,2020-01-01,"state23"
0.381641352563168,2020-01-01,"state24"
0.388986348260242,2020-01-01,"state25"
0.351750383295925,2020-01-01,"state26"
0.33939861891058,2020-01-01,"state27"
0.333105031852294,2020-01-01,"state28"
0.329876666555032,2020-01-01,"state29"
0.379721380330752,2020-01-01,"state30"
0.369533442325175,2020-01-01,"state31"
0.315946987907377,2020-01-01,"state32"
0.357386117948232,2020-01-01,"state33"
0.34381345313655,2020-01-01,"state34"
0.298117295588037,2020-01-01,"state35"
0.317779110605501,2020-01-01,"state36"
0.315456633718518,2020-01-01,"state37"
0.347950857869051,2020-01-01,"state38"
0.295530201207824,2020-01-01,"state39"
0.3290515009348,2020-01-01,"state40"
0.352939701897125,2020-01-01,"state41"
0.354263638551,2020-01-01,"state42"
0.352456946134834,2020-01-01,"state44"
0.348591124954565,2020-01-01,"state45"
0.424567484564791,2020-01-01,"state46"
0.318924469604845,2020-01-01,"state47"
0.281898422665215,2020-01-01,"state48"
0.234695289848525,2020-01-01,"state49"
0.418424831553952,2020-01-01,"state50"
0.354142450194644,2020-01-01,"state51"
0.309898751225225,2020-01-01,"state53"
0.296074156991226,2020-01-01,"state54"
0.373456806304769,2020-01-01,"state55"
0.302235551401299,2020-01-01,"state56"
0.329605957997038,2021-01-01,"national"
0.33046275207663,2021-01-01,"state01"
0.365077123937635,2021-01-01,"state02"
0.294961042620401,2021-01-01,"state04"
0.337118545892178,2021-01-01,"state05"
0.305548190704659,2021-01-01,"state06"
0.304127933495604,2021-01-01,"state08"
0.348014766238917,2021-01-01,"state09"
0.327931711656737,2021-01-01,"state10"
0.409621795530341,2021-01-01,"state11"
0.3271644257568,2021-01-01,"state12"
0.330237295000458,2021-01-01,"state13"
0.359013695661186,2021-01-01,"state15"
0.249763582185756,2021-01-01,"state16"
0.340930957012225,2021-01-01,"state17"
0.299120642756637,2021-01-01,"state18"
0.360098632828638,2021-01-01,"state19"
0.323298058242444,2021-01-01,"state20"
0.323931833988822,2021-01-01,"state21"
0.315801767586087,2021-01-01,"state22"
0.355353883836164,2021-01-01,"state23"
0.358201772426978,2021-01-01,"state24"
0.355217100433686,2021-01-01,"state25"
0.313458307334883,2021-01-01,"state26"
0.324663417449788,2021-01-01,"state27"
0.355409054194172,2021-01-01,"state28"
0.389211652998031,2021-01-01,"state29"
0.346592117270339,2021-01-01,"state30"
0.331108931720563,2021-01-01,"state31"
0.325901007147842,2021-01-01,"state32"
0.346874186983214,2021-01-01,"state33"
0.351365373462313,2021-01-01,"state34"
0.306680197158961,2021-01-01,"state35"
0.359818159507409,2021-01-01,"state36"
0.332926130087463,2021-01-01,"state37"
0.361648363323321,2021-01-01,"state38"
0.34477456089659,2021-01-01,"state39"
0.355523455749126,2021-01-01,"state40"
0.352008893511969,2021-01-01,"state41"
0.398975128311784,2021-01-01,"state42"
0.368859325644865,2021-01-01,"state44"
0.317546712885114,2021-01-01,"state45"
0.374130935686517,2021-01-01,"state46"
0.306299696110247,2021-01-01,"state47"
0.317787998315063,2021-01-01,"state48"
0.279957253697341,2021-01-01,"state49"
0.385594401683413,2021-01-01,"state50"
0.29615575270761,2021-01-01,"state51"
0.328120988948507,2021-01-01,"state53"
0.342830367648169,2021-01-01,"state54"
0.32239407637811,2021-01-01,"state55"
0.300567803235637,2021-01-01,"state56"
0.338134916215689,2022-01-01,"national"
0.34901012088684,2022-01-01,"state01"
0.355600848669022,2022-01-01,"state02"
0.310964078448785,2022-01-01,"state04"
0.332952394910162,2022-01-01,"state05"
0.317666723429357,2022-01-01,"state06"
0.340997954029542,2022-01-01,"state08"
0.365125592069899,2022-01-01,"state09"
0.323072830241233,2022-01-01,"state10"
0.403536947270227,2022-01-01,"state11"
0.344418098127244,2022-01-01,"state12"
0.34988169421138,2022-01-01,"state13"
0.360179206390138,2022-01-01,"state15"
0.308555685102092,2022-01-01,"state16"
0.339777928659044,2022-01-01,"state17"
0.325446463820655,2022-01-01,"state18"
0.372354877728717,2022-01-01,"state19"
0.319335621135478,2022-01-01,"state20"
0.338625221264146,2022-01-01,"state21"
0.351495528622362,2022-01-01,"state22"
0.381848594525853,2022-01-01,"state23"
0.327241829835073,2022-01-01,"state24"
0.376558495831871,2022-01-01,"state25"
0.307632514729946,2022-01-01,"state26"
0.390275876498264,2022-01-01,"state27"
0.382864977681252,2022-01-01,"state28"
0.369274913589511,2022-01-01,"state29"
0.377769978299538,2022-01-01,"state30"
0.358962820649149,2022-01-01,"state31"
0.312881052438003,2022-01-01,"state32"
0.370478184260157,2022-01-01,"state33"
0.318356982653707,2022-01-01,"state34"
0.321800044747216,2022-01-01,"state35"
0.350228746386693,2022-01-01,"state36"
0.322589188111295,2022-01-01,"state37"
0.356956723505136,2022-01-01,"state38"
0.373355103302024,2022-01-01,"state39"
0.349090692611014,2022-01-01,"state40"
0.326136405534775,2022-01-01,"state41"
0.374873486718985,2022-01-01,"state42"
0.352732701469524,2022-01-01,"state44"
0.341120667912253,2022-01-01,"state45"
0.407273981145666,2022-01-01,"state46"
0.295273997548069,2022-01-01,"state47"
0.334441040322195,2022-01-01,"state48"
0.251304025600843,2022-01-01,"state49"
0.431432000047011,2022-01-01,"state50"
0.310850407502395,2022-01-01,"state51"
0.333854590764631,2022-01-01,"state53"
0.315555059866413,2022-01-01,"state54"
0.37098697505977,2022-01-01,"state55"
0.336251692590778,2022-01-01,"state56"
0.339737994304069,2023-01-01,"national"
0.335980165003611,2023-01-01,"state01"
0.342018751611482,2023-01-01,"state02"
0.337831490921375,2023-01-01,"state04"
0.323329409638178,2023-01-01,"state05"
0.342023540459657,2023-01-01,"state06"
0.332783665922027,2023-01-01,"state08"
0.379508331443442,2023-01-01,"state09"
0.352696107911857,2023-01-01,"state10"
0.473303676716352,2023-01-01,"state11"
0.329149413572645,2023-01-01,"state12"
0.329113527018226,2023-01-01,"state13"
0.353833630568688,2023-01-01,"state15"
0.299074958858117,2023-01-01,"state16"
0.363511627720516,2023-01-01,"state17"
0.3348124140607,2023-01-01,"state18"
0.331606411381831,2023-01-01,"state19"
0.324350947079372,2023-01-01,"state20"
0.34468400663982,2023-01-01,"state21"
0.338978943394677,2023-01-01,"state22"
0.337522451557922,2023-01-01,"state23"
0.34969318523685,2023-01-01,"state24"
0.361825705593777,2023-01-01,"state25"
0.308116197762939,2023-01-01,"state26"
0.375967267601842,2023-01-01,"state27"
0.350511988929417,2023-01-01,"state28"
0.373358538693001,2023-01-01,"state29"
0.38638880581757,2023-01-01,"state30"
0.375042402370621,2023-01-01,"state31"
0.305250271628973,2023-01-01,"state32"
0.350572362541801,2023-01-01,"state33"
0.33842722302594,2023-01-01,"state34"
0.312348406617971,2023-01-01,"state35"
0.339402065039952,2023-01-01,"state36"
0.307685575929515,2023-01-01,"state37"
0.387112488557288,2023-01-01,"state38"
0.378681827016685,2023-01-01,"state39"
0.316875629017508,2023-01-01,"state40"
0.33518050621388,2023-01-01,"state41"
0.348781857663145,2023-01-01,"state42"
0.353619134062628,2023-01-01,"state44"
0.34134022694846,2023-01-01,"state45"
0.363669046715397,2023-01-01,"state46"
0.357629762615951,2023-01-01,"state47"
0.32401634836251,2023-01-01,"state48"
0.242816182004736,2023-01-01,"state49"
0.398875823536624,2023-01-01,"state50"
0.338137647142679,2023-01-01,"state51"
0.323595770372789,2023-01-01,"state53"
0.356308023822411,2023-01-01,"state54"
0.388660303236725,2023-01-01,"state55"
0.293856793852341,2023-01-01,"state56"
0.341089168711439,2024-01-01,"national"
0.34075583096051,2024-01-01,"state01"
0.35235211702554,2024-01-01,"state02"
0.348872441612738,2024-01-01,"state04"
0.328825688589499,2024-01-01,"state05"
0.342160814856781,2024-01-01,"state06"
0.331261860541205,2024-01-01,"state08"
0.372377318843601,2024-01-01,"state09"
0.386365661845484,2024-01-01,"state10"
0.434693904714291,2024-01-01,"state11"
0.331068203145577,2024-01-01,"state12"
0.328298019061727,2024-01-01,"state13"
0.344577452381948,2024-01-01,"state15"
0.277195269380115,2024-01-01,"state16"
0.392724441015548,2024-01-01,"state17"
0.326864794752471,2024-01-01,"state18"
0.397058558890587,2024-01-01,"state19"
0.287339653961732,2024-01-01,"state20"
0.367780058332155,2024-01-01,"state21"
0.363876210891372,2024-01-01,"state22"
0.394061630734004,2024-01-01,"state23"
0.376857301422352,2024-01-01,"state24"
0.394144626424748,2024-01-01,"state25"
0.373098203553676,2024-01-01,"state26"
0.403156967583575,2024-01-01,"state27"
0.326434532279422,2024-01-01,"state28"
0.370862600860396,2024-01-01,"state29"
0.329290230824133,2024-01-01,"state30"
0.382638228432277,2024-01-01,"state31"
0.382768150730299,2024-01-01,"state32"
0.386091885859558,2024-01-01,"state33"
0.349798165199117,2024-01-01,"state34"
0.307952872175294,2024-01-01,"state35"
0.354537608323351,2024-01-01,"state36"
0.310756520883446,2024-01-01,"state37"
0.36903537214119,2024-01-01,"state38"
0.32698910113529,2024-01-01,"state39"
0.323091818614254,2024-01-01,"state40"
0.343228219294455,2024-01-01,"state41"
0.335028291155667,2024-01-01,"state42"
0.413387758298256,2024-01-01,"state44"
0.325317072531614,2024-01-01,"state45"
0.37479497777952,2024-01-01,"state46"
0.343987459349695,2024-01-01,"state47"
0.310394348911083,2024-01-01,"state48"
0.259953024036485,2024-01-01,"state49"
0.402465956411676,2024-01-01,"state50"
0.310732073492834,2024-01-01,"state51"
0.267367161102943,2024-01-01,"state53"
0.346301824054618,2024-01-01,"state54"
0.394554238874524,2024-01-01,"state55"
0.346910584441514,2024-01-01,"state56"
0.331209922668786,2025-01-01,"national"
0.31124715092772,2025-01-01,"state01"
0.384223400293252,2025-01-01,"state02"
0.345536896044058,2025-01-01,"state04"
0.28639392912213,2025-01-01,"state05"
0.327044641740712,2025-01-01,"state06"
0.351137677767991,2025-01-01,"state08"
0.351334836736333,2025-01-01,"state09"
0.402091358169601,2025-01-01,"state10"
0.415084551650071,2025-01-01,"state11"
0.345845355575107,2025-01-01,"state12"
0.315719994836362,2025-01-01,"state13"
0.389695240636232,2025-01-01,"state15"
0.292843286508931,2025-01-01,"state16"
0.34481872716747,2025-01-01,"state17"
0.353968505613001,2025-01-01,"state18"
0.396941196586049,2025-01-01,"state19"
0.303395137571238,2025-01-01,"state20"
0.329804426568524,2025-01-01,"state21"
0.33914735117911,2025-01-01,"state22"
0.403020752742664,2025-01-01,"state23"
0.358126211117779,2025-01-01,"state24"
0.343331329617809,2025-01-01,"state25"
0.310760494562461,2025-01-01,"state26"
0.334448361338212,2025-01-01,"state27"
0.31961377974686,2025-01-01,"state28"
0.378814664461501,2025-01-01,"state29"
0.314715397645422,2025-01-01,"state30"
0.343863110694318,2025-01-01,"state31"
0.316363532781252,2025-01-01,"state32"
0.336030071275936,2025-01-01,"state33"
0.334995508963108,2025-01-01,"state34"
0.296270157621927,2025-01-01,"state35"
0.332896117762001,2025-01-01,"state36"
0.316527352879528,2025-01-01,"state37"
0.384368565119714,2025-01-01,"state38"
0.336561086103084,2025-01-01,"state39"
0.316844300716722,2025-01-01,"state40"
0.338259794520231,2025-01-01,"state41"
0.331387010386873,2025-01-01,"state42"
0.385374960566755,2025-01-01,"state44"
0.323994628206195,2025-01-01,"state45"
0.39145394290833,2025-01-01,"state46"
0.370907216493343,2025-01-01,"state47"
0.295142913439978,2025-01-01,"state48"
0.275783201561748,2025-01-01,"state49"
0.422051995088711,2025-01-01,"state50"
0.33103676644753,2025-01-01,"state51"
0.312654881505052,2025-01-01,"state53"
0.375056877747263,2025-01-01,"state54"
0.347066943823059,2025-01-01,"state55"
0.304196023655202,2025-01-01,"state56"
