"gini","lq","cares","date","geo_level"
0.748596597656405,1,0.603900828887269,2010-01-01,"national"
0.777175143489863,0.906857463123332,0.759074296999739,2010-01-01,"state01"
0.728802253701984,1.04637361717757,0.515595960994284,2010-01-01,"state02"
0.748580227898342,0.990348691177384,0.614069366662257,2010-01-01,"state04"
0.747385191257929,0.944400700993467,0.660262438370382,2010-01-01,"state05"
0.735678177592535,0.914573509542504,0.66855122372261,2010-01-01,"state06"
0.703505859383094,0.956672272310977,0.560195595495883,2010-01-01,"state08"
0.643202284524486,1.06855080565392,0.322247793564001,2010-01-01,"state09"
0.77212085112261,0.971989760048508,0.680199890276898,2010-01-01,"state10"
0.763776766746773,1.06847423882599,0.56165761267767,2010-01-01,"state12"
0.852655405586876,0.958278237035572,0.854545836081691,2010-01-01,"state13"
0.827056541612254,1.22093368814696,0.526118685333995,2010-01-01,"state15"
0.829842822214566,0.86145827582554,0.911599679376109,2010-01-01,"state16"
0.694326714690256,0.94563640391949,0.553640317216664,2010-01-01,"state17"
0.718343329489545,0.9543744315929,0.592075285552053,2010-01-01,"state18"
0.653937224545418,0.933763114707091,0.486020587395809,2010-01-01,"state19"
0.684981477933798,0.944834698002814,0.535938279824024,2010-01-01,"state20"
0.759990025531597,0.941025601058074,0.688849176410236,2010-01-01,"state21"
0.776085663276964,1.00954022283387,0.648380395409479,2010-01-01,"state22"
0.723704848555602,1.13542291035946,0.411356713720787,2010-01-01,"state23"
0.703412904776327,1.01135777024123,0.502210802906048,2010-01-01,"state24"
0.998867548049311,1.57196679932156,0.496119876797784,2010-01-01,"state25"
0.734423457130918,1.07930208196094,0.491949504208606,2010-01-01,"state26"
0.717512144590295,1.00439448328211,0.53755635772477,2010-01-01,"state27"
0.808338343079657,0.967811915684796,0.756503977651591,2010-01-01,"state28"
0.761563476499861,1.00982447463164,0.619254792166432,2010-01-01,"state29"
0.735652569067108,1.13378032018905,0.436807952939976,2010-01-01,"state30"
0.630982132894516,0.891218788760456,0.485424486484644,2010-01-01,"state31"
0.814959927913163,1.47084844462828,0.237958600417914,2010-01-01,"state32"
0.718968523414739,1.00807709914806,0.53655476020873,2010-01-01,"state33"
0.684610984250261,0.958401704124936,0.520863126428214,2010-01-01,"state34"
0.739292861629858,1.04492499797619,0.537949950968227,2010-01-01,"state35"
0.744236264616551,1.12795819783852,0.459999513124194,2010-01-01,"state36"
0.777665358852649,1.03664665336973,0.622865576479644,2010-01-01,"state37"
0.710300257330174,1.09941914389565,0.422804350635224,2010-01-01,"state38"
0.691380632757182,1.00155796376104,0.48868587216875,2010-01-01,"state39"
0.708940987689977,0.959506272388717,0.567988389105694,2010-01-01,"state40"
0.721355327500382,0.970253047907095,0.581270781399019,2010-01-01,"state41"
0.675095807805936,1.12238268727018,0.328655357259006,2010-01-01,"state42"
0.604753438402015,1.2810499702899,0.0213277484086709,2010-01-01,"state44"
0.762132786471001,0.965214973696057,0.667535197051402,2010-01-01,"state45"
0.725148405704183,1.07133756131363,0.481957573931614,2010-01-01,"state46"
0.784906121583443,0.996301700141537,0.679880732471783,2010-01-01,"state47"
0.793150090997865,0.929283573624571,0.767079588163014,2010-01-01,"state48"
0.740303125417576,0.909745180327516,0.68283464797972,2010-01-01,"state49"
0.712715330748562,1.27188142367723,0.245312617733154,2010-01-01,"state50"
0.728685502151813,0.898008177387314,0.672180291342507,2010-01-01,"state51"
0.765471028600308,0.887200496059724,0.756619333885772,2010-01-01,"state53"
0.710462289943087,1.14087465199787,0.379309229942803,2010-01-01,"state54"
0.736103143273823,0.944468387807378,0.637797102918772,2010-01-01,"state55"
0.673820239971326,0.927015648470089,0.532618273789327,2010-01-01,"state56"
0.740769610516851,1,0.588365003073799,2011-01-01,"national"
0.779677243519529,0.909847452221507,0.760880434275168,2011-01-01,"state01"
0.724937142277957,1.03776948372719,0.517018291622399,2011-01-01,"state02"
0.749698753582687,1.00536587452081,0.600416998502976,2011-01-01,"state04"
0.746965734450821,0.940211327265713,0.663857849458036,2011-01-01,"state05"
0.732262507793929,0.909236447548763,0.667412495244861,2011-01-01,"state06"
0.709332394518007,0.994846333738667,0.531412326147946,2011-01-01,"state08"
0.639910523285763,1.061746986816,0.322905312507332,2011-01-01,"state09"
0.752501833342242,0.963063199056474,0.650693006039884,2011-01-01,"state10"
0.761406573178906,1.0636742283459,0.562026414173372,2011-01-01,"state12"
0.851396351575101,0.963126158383239,0.846922683177574,2011-01-01,"state13"
0.829500872281736,1.24551293813925,0.504991209162347,2011-01-01,"state15"
0.825594696822719,0.840965750640028,0.924827297030669,2011-01-01,"state16"
0.69331040439689,0.944847997412473,0.55245635058405,2011-01-01,"state17"
0.717036067252353,0.940831783434312,0.603794507502573,2011-01-01,"state18"
0.646715407531231,0.922247165467134,0.483857843987723,2011-01-01,"state19"
0.683690723767762,0.94120944486805,0.53720799654043,2011-01-01,"state20"
0.758158748122123,0.964609711124185,0.660286845760963,2011-01-01,"state21"
0.78553649340721,1.01546853934387,0.660873412411426,2011-01-01,"state22"
0.721985525611628,1.13385759811422,0.409598490677253,2011-01-01,"state23"
0.702377332267535,1.01997234114227,0.491050048346334,2011-01-01,"state24"
0.669806844690965,1.19040751582572,0.246257866316503,2011-01-01,"state25"
0.732782159427011,1.04510381518913,0.524837823368108,2011-01-01,"state26"
0.713356143981372,0.999125675812443,0.534876000748692,2011-01-01,"state27"
0.814169480579996,1.00669702683311,0.726978293715025,2011-01-01,"state28"
0.759805508185568,1.00133069690543,0.624742960273531,2011-01-01,"state29"
0.732413741962539,1.11872412895487,0.446292953945175,2011-01-01,"state30"
0.625254956070508,0.882044848603105,0.483753056095041,2011-01-01,"state31"
0.815163554286015,1.49723688302376,0.210471302558033,2011-01-01,"state32"
0.717047021277502,1.00142640248861,0.539770269532181,2011-01-01,"state33"
0.684252503479515,0.951828422151749,0.527099260569234,2011-01-01,"state34"
0.743136521823287,1.06179281327913,0.527750675227749,2011-01-01,"state35"
0.7404604107438,1.12584693367304,0.454736319951947,2011-01-01,"state36"
0.777852538668258,1.03135022444556,0.628835214714916,2011-01-01,"state37"
0.710036438477175,1.05473026407498,0.469514974126661,2011-01-01,"state38"
0.690628811987892,0.986617689366081,0.502984825197769,2011-01-01,"state39"
0.709410000197326,0.9328656076796,0.59707740390932,2011-01-01,"state40"
0.716951973985953,0.95203876109466,0.591782283204302,2011-01-01,"state41"
0.678153191369197,1.11605903656749,0.34140780773135,2011-01-01,"state42"
0.596685502264931,1.26126751955117,0.0262228856391901,2011-01-01,"state44"
0.758832300066539,0.939705387859927,0.687946611551364,2011-01-01,"state45"
0.723642960478213,1.06218677717861,0.488641404700368,2011-01-01,"state46"
0.777277485152202,0.972389804870536,0.690012488220143,2011-01-01,"state47"
0.792386102780417,0.923777654448126,0.771382670669197,2011-01-01,"state48"
0.73850985563653,0.881752266824184,0.708862517863002,2011-01-01,"state49"
0.712080591592323,1.2639435085968,0.252442765406227,2011-01-01,"state50"
0.729115302329501,0.908374801619716,0.66207631516764,2011-01-01,"state51"
0.76756664209296,0.88047407420493,0.767888474427573,2011-01-01,"state53"
0.720530242871865,1.17346519043576,0.364846322447722,2011-01-01,"state54"
0.743302944036871,0.91730498730446,0.680798602797487,2011-01-01,"state55"
0.679110472222061,0.921950063795443,0.548472993529579,2011-01-01,"state56"
0.736110785589058,1,0.579117678236906,2012-01-01,"national"
0.780762996232277,0.909056384787233,0.763871675477187,2012-01-01,"state01"
0.709323286456486,1.02455724951964,0.499991050866334,2012-01-01,"state02"
0.74892086925541,1.00351460490022,0.600829686663834,2012-01-01,"state04"
0.740041780732863,0.957103330423146,0.632260317605523,2012-01-01,"state05"
0.727447636433828,0.917183916502989,0.649455290430402,2012-01-01,"state06"
0.703912282863122,0.953262231731625,0.564606577907909,2012-01-01,"state08"
0.640882515714999,1.06269954415704,0.32382781181711,2012-01-01,"state09"
0.757440086457145,0.975795045673219,0.647037939347595,2012-01-01,"state10"
0.75905054116607,1.0813986182145,0.53861597492145,2012-01-01,"state12"
0.852067644118283,0.972962167532151,0.837858884377425,2012-01-01,"state13"
0.829126593799863,1.25548934679785,0.493703654803581,2012-01-01,"state15"
0.81896806104981,0.843753334595742,0.908727694857417,2012-01-01,"state16"
0.691221278382921,0.946793099597378,0.546253742196401,2012-01-01,"state17"
0.726133292582011,0.934595939451377,0.628442661988946,2012-01-01,"state18"
0.647251768676761,0.925770236827632,0.48119873066828,2012-01-01,"state19"
0.682720763909653,0.939532302866191,0.537055387404222,2012-01-01,"state20"
0.757216979668495,0.94446494814461,0.679709697671933,2012-01-01,"state21"
0.780302535805817,1.05194360234713,0.611931886212347,2012-01-01,"state22"
0.722227939515713,1.12579041980623,0.41860632966576,2012-01-01,"state23"
0.700488923907894,1.03214812195368,0.47443244556612,2012-01-01,"state24"
0.674880417663975,1.20034980752964,0.245819839679515,2012-01-01,"state25"
0.719593710408189,1.02790732967715,0.516835971837228,2012-01-01,"state26"
0.715499483350183,1.00336445206693,0.534650116349606,2012-01-01,"state27"
0.810539933304303,0.965343966619404,0.763482444119866,2012-01-01,"state28"
0.752003774760576,1.01748189015894,0.592186124219319,2012-01-01,"state29"
0.725713371081851,1.12246019638179,0.429044487187725,2012-01-01,"state30"
0.625306599168417,0.872861010315278,0.493562496102947,2012-01-01,"state31"
0.812752204339901,1.48148137192191,0.222337918984652,2012-01-01,"state32"
0.712835805532678,0.993251692813687,0.54005173297848,2012-01-01,"state33"
0.677287319324111,0.958267299974668,0.506468406958015,2012-01-01,"state34"
0.732874550751097,1.06067596441837,0.508562100244319,2012-01-01,"state35"
0.735221172430203,1.12186289741156,0.448547889564064,2012-01-01,"state36"
0.774170647055771,1.03185242580843,0.620996203830054,2012-01-01,"state37"
0.708423226430345,0.964044995795609,0.562163441187765,2012-01-01,"state38"
0.688586081592658,0.977548780157001,0.508515657578181,2012-01-01,"state39"
0.699493853075619,0.926015682693682,0.584634878543891,2012-01-01,"state40"
0.713107194306154,0.944437308735608,0.592185178391891,2012-01-01,"state41"
0.670635681550595,1.10170537682398,0.341657483642311,2012-01-01,"state42"
0.604879821105076,1.25003250394993,0.0543627720638039,2012-01-01,"state44"
0.756495385190254,0.955933059086194,0.666156087070493,2012-01-01,"state45"
0.699549628978917,1.02602725439055,0.479037535658084,2012-01-01,"state46"
0.775262769182742,0.993093995825349,0.664130003634487,2012-01-01,"state47"
0.791092183033147,0.922230968515517,0.770449145318431,2012-01-01,"state48"
0.72772230648822,0.872108738074327,0.697643064728953,2012-01-01,"state49"
0.706692610357274,1.24364015621057,0.263207929767025,2012-01-01,"state50"
0.725445019621895,0.902525179865307,0.66097395850888,2012-01-01,"state51"
0.763304439290023,0.880528639647935,0.759370733431129,2012-01-01,"state53"
0.6985103983618,1.14335617433115,0.352962995301221,2012-01-01,"state54"
0.66665434930383,0.925825880692929,0.51965219649214,2012-01-01,"state55"
0.673446227657727,0.906431616696966,0.553632356456478,2012-01-01,"state56"
0.733202032328655,1,0.573344079381784,2013-01-01,"national"
0.783596743772873,0.903774844295482,0.775078762739551,2013-01-01,"state01"
0.706553798856134,1.01948919063801,0.499850607606567,2013-01-01,"state02"
0.746283876815545,0.975600194756912,0.625099872461587,2013-01-01,"state04"
0.742951899335157,0.950495076494444,0.645021274841347,2013-01-01,"state05"
0.693288269127248,0.978482043769587,0.516862632423269,2013-01-01,"state06"
0.706393389970136,0.947118830849571,0.576024657838355,2013-01-01,"state08"
0.639121545878603,1.06136068131887,0.321747576086966,2013-01-01,"state09"
0.753867300706945,0.961938637476664,0.654591943628051,2013-01-01,"state10"
0.758050889613242,1.06762711745373,0.551187662492628,2013-01-01,"state12"
0.854434155705789,0.968770424481925,0.84698668230252,2013-01-01,"state13"
0.827847978682734,1.24226210641259,0.505146365727074,2013-01-01,"state15"
0.819958033709137,0.837685861512338,0.917105762074154,2013-01-01,"state16"
0.694142508425746,0.932821102283963,0.566819923683037,2013-01-01,"state17"
0.728233197489948,0.938626596653603,0.628350537454754,2013-01-01,"state18"
0.650805517762396,0.918943815753582,0.495467826818356,2013-01-01,"state19"
0.685879630795253,0.927813333263331,0.55571189928786,2013-01-01,"state20"
0.75662410638001,0.943720326107407,0.679319934907106,2013-01-01,"state21"
0.783949773592191,1.04925977035503,0.622008004970477,2013-01-01,"state22"
0.724575335837009,1.12220409241238,0.427056286549364,2013-01-01,"state23"
0.698329839034502,1.0225122033113,0.480331630643562,2013-01-01,"state24"
0.667938044339677,1.21316502857899,0.21849473501692,2013-01-01,"state25"
0.718196797016151,1.00744930354199,0.535686510356916,2013-01-01,"state26"
0.717131480385559,1.01717711184583,0.523290071118285,2013-01-01,"state27"
0.81037187723799,0.965596062483374,0.762882414000061,2013-01-01,"state28"
0.751064497103561,1.02232805376649,0.585199554854646,2013-01-01,"state29"
0.723986844012922,1.12440437220533,0.423562582379942,2013-01-01,"state30"
0.614083410724998,0.878632516727256,0.465185292240261,2013-01-01,"state31"
0.812314510979073,1.45615728906881,0.248235636773562,2013-01-01,"state32"
0.715221730722232,0.980786461061407,0.557962796947051,2013-01-01,"state33"
0.674787282072472,0.950659244935055,0.509547466856176,2013-01-01,"state34"
0.730671758865166,1.05661369590247,0.508483415740517,2013-01-01,"state35"
0.739359710224393,1.12552343779062,0.452893455632718,2013-01-01,"state36"
0.775405194472291,1.02138353344863,0.634511844984104,2013-01-01,"state37"
0.712952595298521,0.945741412468509,0.59049993089089,2013-01-01,"state38"
0.691325687485441,0.973663235187291,0.518060373672766,2013-01-01,"state39"
0.700637419486915,0.911914852592655,0.601808737495326,2013-01-01,"state40"
0.71081558538961,0.941861265024924,0.590359322997055,2013-01-01,"state41"
0.685297510164675,1.07269749601933,0.401419938438039,2013-01-01,"state42"
0.595840855733064,1.24848835671839,0.0380533837200723,2013-01-01,"state44"
0.758394594932435,0.943133747866307,0.683454175159158,2013-01-01,"state45"
0.74208815912663,1.05168663749313,0.536351580447193,2013-01-01,"state46"
0.774399453832413,0.990082320432482,0.665599619750584,2013-01-01,"state47"
0.790062409528132,0.90971186008583,0.781637317308041,2013-01-01,"state48"
0.723616568093853,0.866997795287902,0.694895617098722,2013-01-01,"state49"
0.714592972413794,1.26994518321664,0.251086083309784,2013-01-01,"state50"
0.721021163852296,0.902554190658139,0.652162361930148,2013-01-01,"state51"
0.767478250615032,0.865666836571782,0.783363657267237,2013-01-01,"state53"
0.696269249821288,1.1540936037418,0.33716551411219,2013-01-01,"state54"
0.668184061062588,0.91166838717555,0.537652408133464,2013-01-01,"state55"
0.675112085317324,0.915976507929562,0.546850374391189,2013-01-01,"state56"
0.73169928143516,1,0.570361261637727,2014-01-01,"national"
0.782870404153715,0.898524154206332,0.779186807654583,2014-01-01,"state01"
0.713290393485724,1.0327218015873,0.499235790979366,2014-01-01,"state02"
0.747741218570089,0.969290776140198,0.634661349246721,2014-01-01,"state04"
0.741779178900275,0.954399506245338,0.638566717082909,2014-01-01,"state05"
0.691546423296498,0.982890056006151,0.50874614918039,2014-01-01,"state06"
0.70937605669213,0.960336383075067,0.567974567425078,2014-01-01,"state08"
0.622463379497663,1.04512600581531,0.305842072263406,2014-01-01,"state09"
0.759562411545414,0.970873999030421,0.656451893699092,2014-01-01,"state10"
0.756168839420655,1.05889350340682,0.556683036831103,2014-01-01,"state12"
0.852397791818568,0.969686106540165,0.841976855787665,2014-01-01,"state13"
0.828053641837896,1.22930691548925,0.519247683081758,2014-01-01,"state15"
0.828039796594622,0.842075391036384,0.928507744226147,2014-01-01,"state16"
0.698507277499124,0.939057501853294,0.568891961802622,2014-01-01,"state17"
0.725438784385849,0.897145335981888,0.666647852370193,2014-01-01,"state18"
0.645964208487139,0.902900103188272,0.502815821757869,2014-01-01,"state19"
0.684432702810276,0.910849768529468,0.570769663891572,2014-01-01,"state20"
0.753398672394039,0.932085082707379,0.685215721048285,2014-01-01,"state21"
0.785150877448839,1.06899687558038,0.603530786408578,2014-01-01,"state22"
0.721993439539142,1.11412490714619,0.430470828983817,2014-01-01,"state23"
0.703390713291138,1.03487265990122,0.477312499008628,2014-01-01,"state24"
0.667168866086576,1.22120641273257,0.208468582188133,2014-01-01,"state25"
0.716094192890946,0.98725576835817,0.552856763935413,2014-01-01,"state26"
0.714781798997383,1.00685058314078,0.52954088620509,2014-01-01,"state27"
0.809136386603466,0.956970209362777,0.769547248833489,2014-01-01,"state28"
0.753043431116523,1.03322073530728,0.577614441560278,2014-01-01,"state29"
0.727984036800238,1.12660658519976,0.429168983155408,2014-01-01,"state30"
0.607466687350229,0.870455003089082,0.460695015265477,2014-01-01,"state31"
0.80839847214302,1.45990630104673,0.236500122729876,2014-01-01,"state32"
0.714815871739307,0.979947234611592,0.558044232721653,2014-01-01,"state33"
0.676870908994959,0.949763139979489,0.514630413825888,2014-01-01,"state34"
0.731949613902891,1.05951304945134,0.507955341013864,2014-01-01,"state35"
0.736702815269246,1.13010107209802,0.442781403376672,2014-01-01,"state36"
0.774814799595381,1.02591811612587,0.628547102815191,2014-01-01,"state37"
0.715041228024086,0.918567813087177,0.62336702762642,2014-01-01,"state38"
0.691566675603208,0.968381530622585,0.52412125324261,2014-01-01,"state39"
0.702082563784832,0.901372644028338,0.615819885614682,2014-01-01,"state40"
0.709753284204675,0.932641596236892,0.597995560783411,2014-01-01,"state41"
0.675176881753605,1.09173339771612,0.36121129985945,2014-01-01,"state42"
0.58704765340462,1.23053245630625,0.0395783490887148,2014-01-01,"state44"
0.757199229661125,0.934563853615757,0.690139508838518,2014-01-01,"state45"
0.741902575845565,1.03199588936432,0.556795513350646,2014-01-01,"state46"
0.766802740340056,0.984085254342302,0.656859513545176,2014-01-01,"state47"
0.793179772726014,0.908503359891555,0.789102321282249,2014-01-01,"state48"
0.719564289496584,0.86448953599869,0.689503354371152,2014-01-01,"state49"
0.712712608467851,1.28012648719066,0.236592526613412,2014-01-01,"state50"
0.723288560317091,0.924662874846226,0.633294973006758,2014-01-01,"state51"
0.741168994167895,0.884954288243252,0.710756252339366,2014-01-01,"state53"
0.699654851146095,1.1518305895504,0.346277522519363,2014-01-01,"state54"
0.664683288027217,0.913756188241293,0.528496987776867,2014-01-01,"state55"
0.672583251520796,0.932110315896401,0.524778118631822,2014-01-01,"state56"
0.731258385725839,1,0.569486125545155,2015-01-01,"national"
0.785083512677125,0.896898573298595,0.785297788903413,2015-01-01,"state01"
0.722033361858797,1.03613673966801,0.512980305638428,2015-01-01,"state02"
0.742060741442793,0.98054359133066,0.61149238635458,2015-01-01,"state04"
0.745476695099019,0.94652531826564,0.654228623135981,2015-01-01,"state05"
0.688618480033332,0.981213058165512,0.504706976644887,2015-01-01,"state06"
0.706573294692373,0.953916881317056,0.569196496300388,2015-01-01,"state08"
0.628384866593028,1.05249163262111,0.309810501740263,2015-01-01,"state09"
0.76895085333833,0.961509717620968,0.684984712848226,2015-01-01,"state10"
0.759013470907146,1.05650196229436,0.564857119093549,2015-01-01,"state12"
0.851986040751855,0.957484171268775,0.854056504821012,2015-01-01,"state13"
0.824191838341356,1.23309401642487,0.507579562597074,2015-01-01,"state15"
0.824734669340813,0.834862586138487,0.92957101407724,2015-01-01,"state16"
0.688165452165271,0.924398930353929,0.563857918746566,2015-01-01,"state17"
0.730193211868336,0.909369111367999,0.66316491932655,2015-01-01,"state18"
0.64972514325771,0.891122643055858,0.522729203235413,2015-01-01,"state19"
0.690376684872507,0.919648792235981,0.573267703104282,2015-01-01,"state20"
0.758505773422179,0.9270400509782,0.700685219106722,2015-01-01,"state21"
0.787476339752967,1.09316065950967,0.582606498095862,2015-01-01,"state22"
0.717985072637885,1.10960499225781,0.427291962721127,2015-01-01,"state23"
0.709124776664481,1.03190410034613,0.491831713421223,2015-01-01,"state24"
0.663500758871316,1.22374395751703,0.198505659063042,2015-01-01,"state25"
0.712737451529828,0.981202792120231,0.552591694252057,2015-01-01,"state26"
0.708885090216008,1.00324797880705,0.521644281795087,2015-01-01,"state27"
0.81012906986337,0.989022851117268,0.737639327626977,2015-01-01,"state28"
0.746262936324316,1.026864605779,0.570873966976246,2015-01-01,"state29"
0.718398643133468,1.11414309154088,0.423316279522311,2015-01-01,"state30"
0.615148679754489,0.859787371977652,0.487218280691926,2015-01-01,"state31"
0.806552931077596,1.43703418779156,0.257011767167127,2015-01-01,"state32"
0.71338598106796,0.981461254968648,0.553605779335009,2015-01-01,"state33"
0.676379907090411,0.939361959815114,0.524649434564174,2015-01-01,"state34"
0.73136691574262,1.06789868463008,0.497935474500841,2015-01-01,"state35"
0.735787426429612,1.13777926598239,0.432848913365678,2015-01-01,"state36"
0.77391688943435,1.01466084787353,0.638663298666794,2015-01-01,"state37"
0.720033463394048,0.937482253275501,0.613284367487877,2015-01-01,"state38"
0.689645822034909,0.962987960572977,0.526009319610501,2015-01-01,"state39"
0.704443820023422,0.899309690275986,0.622687210825438,2015-01-01,"state40"
0.707499789531899,0.946364848423113,0.579017683770136,2015-01-01,"state41"
0.676901139489687,1.09595335292174,0.360173471299532,2015-01-01,"state42"
0.585812493696368,1.21651564694139,0.0519418562929282,2015-01-01,"state44"
0.759503897433695,0.950680927418669,0.67767898176475,2015-01-01,"state45"
0.744368640631882,1.01279750207656,0.581982310891259,2015-01-01,"state46"
0.767431379424099,0.977174897787018,0.66541126055976,2015-01-01,"state47"
0.793182137718458,0.918259546206061,0.778795134251032,2015-01-01,"state48"
0.721135226994426,0.866120686928224,0.690897457664,2015-01-01,"state49"
0.711142597360697,1.28701312592543,0.226197314320034,2015-01-01,"state50"
0.722447453300871,0.929215136442456,0.626813905183265,2015-01-01,"state51"
0.748457541989011,0.905572225068004,0.703431029467043,2015-01-01,"state53"
0.698285358072864,1.16676499377384,0.327774167589471,2015-01-01,"state54"
0.667489041983029,0.910286656998287,0.537733292363816,2015-01-01,"state55"
0.677520217566585,0.921025925257878,0.546293264955183,2015-01-01,"state56"
0.731980998988402,1,0.570920444214334,2016-01-01,"national"
0.784659642338197,0.89853744012878,0.782724232786554,2016-01-01,"state01"
0.72724680353531,1.06990693114655,0.487634810567428,2016-01-01,"state02"
0.737981598830541,0.97029292756589,0.614230199159147,2016-01-01,"state04"
0.747092739171048,0.959197654754768,0.644042186862201,2016-01-01,"state05"
0.690080724285553,0.980326452046824,0.508546498179281,2016-01-01,"state06"
0.704734417392835,0.956922992140895,0.562369166032297,2016-01-01,"state08"
0.613993634550121,1.00838270755491,0.327866564380331,2016-01-01,"state09"
0.761561125759376,0.974233956804408,0.65686781652522,2016-01-01,"state10"
0.756148390507052,1.04632927927546,0.569922307648328,2016-01-01,"state12"
0.853034670426871,0.9773010937592,0.83519227598109,2016-01-01,"state13"
0.821995144607931,1.19491209912124,0.543576025580733,2016-01-01,"state15"
0.827966753056243,0.851596812437515,0.918299015130823,2016-01-01,"state16"
0.69777405695532,0.936423550483314,0.570220565238378,2016-01-01,"state17"
0.730627527007971,0.912092718901984,0.661148254243672,2016-01-01,"state18"
0.658731377191342,0.903951608775203,0.527046041127101,2016-01-01,"state19"
0.68695594644273,0.912946501611317,0.573561903498249,2016-01-01,"state20"
0.757906611922407,0.919476239566469,0.707490573099978,2016-01-01,"state21"
0.788398636806092,1.11810095546282,0.558076319311398,2016-01-01,"state22"
0.723079195284531,1.11130472168024,0.435606769187353,2016-01-01,"state23"
0.707726174680265,1.0332446664137,0.487638699042719,2016-01-01,"state24"
0.667353491501424,1.22147975067856,0.208546139306231,2016-01-01,"state25"
0.714210515782467,0.985487708617413,0.550986609122851,2016-01-01,"state26"
0.709235769018625,1.01485279773053,0.510074537152067,2016-01-01,"state27"
0.812856389747568,0.987003052881604,0.745187640815705,2016-01-01,"state28"
0.753879886974742,0.997468718008924,0.617063115514164,2016-01-01,"state29"
0.726084790837356,1.12626407540844,0.425761178909663,2016-01-01,"state30"
0.623088360899548,0.866930914301775,0.49542736762289,2016-01-01,"state31"
0.796385320098213,1.40015076562794,0.275814261639935,2016-01-01,"state32"
0.711277852465426,0.978940733875716,0.552085429843428,2016-01-01,"state33"
0.677374577789013,0.938168481314584,0.527885218306124,2016-01-01,"state34"
0.726456661119947,1.10348083017153,0.450580244409453,2016-01-01,"state35"
0.736208760102089,1.13211167504811,0.439675627496749,2016-01-01,"state36"
0.772232366096365,1.0152278300467,0.634720403422739,2016-01-01,"state37"
0.722592785800386,0.998361884768256,0.554017152388793,2016-01-01,"state38"
0.692356456936875,0.965652071793184,0.528573818095792,2016-01-01,"state39"
0.70172402002682,0.934510713966221,0.580082654920374,2016-01-01,"state40"
0.711970607133003,0.945506756022257,0.588798799742737,2016-01-01,"state41"
0.673043948433743,1.0973837534632,0.351005439923799,2016-01-01,"state42"
0.583872209387254,1.20507820929135,0.0601794700245643,2016-01-01,"state44"
0.756841082838184,0.930976401351785,0.69322040858089,2016-01-01,"state45"
0.742840385896186,1.03058232546103,0.560151055184259,2016-01-01,"state46"
0.767967654620903,0.968022098009488,0.676149842829477,2016-01-01,"state47"
0.793458610808219,0.931032393168584,0.765843541481908,2016-01-01,"state48"
0.715265494672184,0.854810084571204,0.691201430829229,2016-01-01,"state49"
0.705933755297107,1.27933869610309,0.223969809407906,2016-01-01,"state50"
0.721751041384972,0.943635101121302,0.610190293504936,2016-01-01,"state51"
0.761936249888589,0.86409411864518,0.774025609521962,2016-01-01,"state53"
0.699482883358521,1.18788730027415,0.307825746030878,2016-01-01,"state54"
0.667210382082015,0.911044366482773,0.536379311668715,2016-01-01,"state55"
0.673209439247677,0.978051322181695,0.477463317566925,2016-01-01,"state56"
0.73160057587835,1,0.570165340485682,2017-01-01,"national"
0.785906160046727,0.895455228126866,0.788456221313509,2017-01-01,"state01"
0.736374778191192,0.971505231029776,0.60975945874672,2017-01-01,"state04"
0.749865993572148,0.976730837451721,0.631014991789334,2017-01-01,"state05"
0.687302888368787,0.986914168668185,0.496069816581576,2017-01-01,"state06"
0.699568963086177,0.962114063301753,0.546629484682579,2017-01-01,"state08"
0.625521578923323,1.05122491429855,0.305466016105763,2017-01-01,"state09"
0.769270919801761,0.965088329858541,0.681837570748886,2017-01-01,"state10"
0.755205086696552,1.03469852338603,0.580343162246604,2017-01-01,"state12"
0.852219462734195,0.972472465100922,0.838677824915221,2017-01-01,"state13"
0.819706291294747,1.22164765942941,0.510774499001016,2017-01-01,"state15"
0.828623804802479,0.864626780538133,0.905831068534892,2017-01-01,"state16"
0.700339084716094,0.934454006013822,0.577393627850607,2017-01-01,"state17"
0.734217602463434,0.914380102886891,0.665856543618031,2017-01-01,"state18"
0.662564923406396,0.907921778910772,0.530458962172902,2017-01-01,"state19"
0.684395390141727,0.906683321837445,0.575099361867084,2017-01-01,"state20"
0.75684347386194,0.92920697894755,0.69509536008987,2017-01-01,"state21"
0.788990528469236,1.11813630556435,0.559213804445489,2017-01-01,"state22"
0.717740701644235,1.12771094525681,0.407669673671965,2017-01-01,"state23"
0.708356197791194,1.04286063953785,0.47872555322561,2017-01-01,"state24"
0.665197694937678,1.21708053212371,0.208916878165086,2017-01-01,"state25"
0.713774115523242,0.969541336553172,0.566975045096797,2017-01-01,"state26"
0.709283778528509,1.00923529466228,0.516107297508999,2017-01-01,"state27"
0.816370152169393,1.00372933797855,0.734483140857411,2017-01-01,"state28"
0.754935621124774,0.99715184928039,0.619493564501592,2017-01-01,"state29"
0.725459649943228,1.13679012553065,0.41339473843477,2017-01-01,"state30"
0.617476581642109,0.873238668077735,0.477621486783491,2017-01-01,"state31"
0.794878190494936,1.37355024567126,0.300938390785336,2017-01-01,"state32"
0.711800123724728,0.981699340166833,0.550206357077169,2017-01-01,"state33"
0.674325517527541,0.937140585847839,0.522919565947152,2017-01-01,"state34"
0.724615726784684,1.09728638195415,0.453473437623901,2017-01-01,"state35"
0.73571044059614,1.13266315516915,0.438103619176972,2017-01-01,"state36"
0.774168870378027,1.02061424526736,0.632870964589136,2017-01-01,"state37"
0.728814086021566,1.00941514794826,0.554683004858109,2017-01-01,"state38"
0.690404665311828,0.96470919890003,0.525696274418314,2017-01-01,"state39"
0.703164389691546,0.93298741092759,0.584551719519834,2017-01-01,"state40"
0.711512840389662,0.941426762669636,0.592202558760323,2017-01-01,"state41"
0.672803522741267,1.10026704555638,0.34748069849035,2017-01-01,"state42"
0.586683313079293,1.18838855883474,0.0833995069957878,2017-01-01,"state44"
0.756020696911887,0.931113412214877,0.691447205705874,2017-01-01,"state45"
0.744486041060103,1.03124360995635,0.562718574244676,2017-01-01,"state46"
0.757244100387816,0.958519387570864,0.664908574450334,2017-01-01,"state47"
0.794454414048463,0.932655756614626,0.766104288962827,2017-01-01,"state48"
0.713714948932129,0.851791875309584,0.691313865943209,2017-01-01,"state49"
0.707312365291957,1.28999430042766,0.215443690687979,2017-01-01,"state50"
0.721236999951986,0.940843825268186,0.612120232056583,2017-01-01,"state51"
0.763385551817347,0.864684767402742,0.776278045090147,2017-01-01,"state53"
0.699542467166611,1.18111923695666,0.31509757438256,2017-01-01,"state54"
0.667410553284625,0.907779744022442,0.54022720203036,2017-01-01,"state55"
0.672084922611902,0.981473152168684,0.471614527556979,2017-01-01,"state56"
0.731920522224273,1,0.570800403583561,2018-01-01,"national"
0.784720087737276,0.89024862489199,0.791605142555484,2018-01-01,"state01"
0.73447294101107,0.975702858978824,0.601547775278405,2018-01-01,"state04"
0.755290183090528,0.969936384825328,0.648962945170406,2018-01-01,"state05"
0.686625903886634,0.988292428944815,0.493269303178169,2018-01-01,"state06"
0.699328709513516,0.947802591512268,0.561279231909505,2018-01-01,"state08"
0.625605947438177,1.050491625509,0.306408535205136,2018-01-01,"state09"
0.773167886582734,1.00289425166782,0.649613399746358,2018-01-01,"state10"
0.754910260069503,1.03037459491424,0.584328171142981,2018-01-01,"state12"
0.849063337352928,0.949137037292273,0.857077788132446,2018-01-01,"state13"
0.820299098896817,1.21902076532805,0.514727683079525,2018-01-01,"state15"
0.831178294985331,0.868647737997394,0.906651504803358,2018-01-01,"state16"
0.702361611160918,0.935560550051994,0.58023857986265,2018-01-01,"state17"
0.736149146681083,0.909702598841803,0.674634401717382,2018-01-01,"state18"
0.662882295788572,0.905294419498213,0.533865925324102,2018-01-01,"state19"
0.686995347260545,0.905092490149218,0.581941472349312,2018-01-01,"state20"
0.756143429919562,0.929600312486529,0.693290102259854,2018-01-01,"state21"
0.786860725946483,1.1224021772692,0.550477500632893,2018-01-01,"state22"
0.717666733728846,1.10940778940907,0.426868525404626,2018-01-01,"state23"
0.709500399353448,1.04070860234057,0.483271298018105,2018-01-01,"state24"
0.662623088614448,1.21356518298177,0.207522106402385,2018-01-01,"state25"
0.71833380393249,0.979319663921851,0.565690309877834,2018-01-01,"state26"
0.70856248083831,1.02387139253855,0.499205846173595,2018-01-01,"state27"
0.813936504308072,0.998721974601752,0.734945154958047,2018-01-01,"state28"
0.755863105584339,1.00035008687589,0.617954129516959,2018-01-01,"state29"
0.728326549865878,1.12962629678057,0.42665713007182,2018-01-01,"state30"
0.624046480035468,0.870012596018736,0.494071934254013,2018-01-01,"state31"
0.791299314233796,1.34966726980881,0.319077969088525,2018-01-01,"state32"
0.702066535899525,0.985259972373107,0.527122670575643,2018-01-01,"state33"
0.673802492064232,0.94542028004149,0.51313011926295,2018-01-01,"state34"
0.722177618658959,1.07024160064826,0.477219228541145,2018-01-01,"state35"
0.735634927306365,1.15332048859496,0.416119794113189,2018-01-01,"state36"
0.776347591338753,1.02172074246915,0.636025997378973,2018-01-01,"state37"
0.730221475355946,0.985189030194618,0.583082533255166,2018-01-01,"state38"
0.69020124301259,0.960239257956913,0.530017041302609,2018-01-01,"state39"
0.706752126765197,0.918484117479877,0.607002411952581,2018-01-01,"state40"
0.710743887564517,0.965241805273963,0.565504755432816,2018-01-01,"state41"
0.672745689212367,1.10443942310043,0.342955875690154,2018-01-01,"state42"
0.590139950980908,1.2032840004328,0.0745167453772435,2018-01-01,"state44"
0.752055250345306,0.92620296639064,0.688766307112197,2018-01-01,"state45"
0.744641417389525,1.01939110787973,0.575554580987993,2018-01-01,"state46"
0.76510233344089,0.966767144895573,0.671788885536248,2018-01-01,"state47"
0.793170319675308,0.922438747186344,0.774354435731002,2018-01-01,"state48"
0.71473532728818,0.843157755547783,0.702465123882431,2018-01-01,"state49"
0.71532217345216,1.28095427904214,0.240897323765504,2018-01-01,"state50"
0.720720331429107,0.933314388592222,0.619052994111626,2018-01-01,"state51"
0.762948211793816,0.857454456081248,0.783052103677147,2018-01-01,"state53"
0.705035668595134,1.16543321251747,0.342580529760499,2018-01-01,"state54"
0.667859908326505,0.905046865673266,0.544007667328497,2018-01-01,"state55"
0.67493684699313,0.983982738377968,0.474622798714813,2018-01-01,"state56"
0.733010180448747,1,0.572963271628419,2019-01-01,"national"
0.787865283131283,0.879744228494199,0.808950764694931,2019-01-01,"state01"
0.732980800400576,0.963317001455595,0.611677351853271,2019-01-01,"state04"
0.758247641808156,0.973670668513977,0.650886237891687,2019-01-01,"state05"
0.687970968399756,0.989391343192531,0.494777621992605,2019-01-01,"state06"
0.701122868694002,0.940148416648027,0.572930610452507,2019-01-01,"state08"
0.629142833238975,1.06927613172027,0.293574479232675,2019-01-01,"state09"
0.77983011120144,1.00970757276467,0.655635886886778,2019-01-01,"state10"
0.756246841626536,1.0145886435746,0.603666249564013,2019-01-01,"state12"
0.852025991708059,0.953013784433645,0.858860815783182,2019-01-01,"state13"
0.824656513850045,1.20409523696289,0.539152397641096,2019-01-01,"state15"
0.825956655167928,0.868843087728241,0.896080569381111,2019-01-01,"state16"
0.696123060459962,0.926309929974366,0.577633168386025,2019-01-01,"state17"
0.742310262270011,0.921140002487434,0.67477477298734,2019-01-01,"state18"
0.65930631487652,0.891178426326498,0.541687957985025,2019-01-01,"state19"
0.687700838243773,0.908803752122949,0.57941915607282,2019-01-01,"state20"
0.752974446596988,0.931392182071429,0.68510604017022,2019-01-01,"state21"
0.792225728347334,1.12416848188814,0.559259610473195,2019-01-01,"state22"
0.722399050841187,1.11018280095042,0.43544257042633,2019-01-01,"state23"
0.709122041556728,1.03970630344937,0.483579681791681,2019-01-01,"state24"
0.665694703843904,1.22838897648133,0.197950840408041,2019-01-01,"state25"
0.719754226904036,0.968892418958424,0.579530876790262,2019-01-01,"state26"
0.7075235447273,1.02533979343642,0.49559161830616,2019-01-01,"state27"
0.815871519847987,0.992017161038178,0.745872684761398,2019-01-01,"state28"
0.756763837296482,0.997577854265089,0.622672130429616,2019-01-01,"state29"
0.729399178465282,1.12042234192682,0.438514391663914,2019-01-01,"state30"
0.62899494458855,0.879589947156632,0.49377130622118,2019-01-01,"state31"
0.794284293049996,1.32183528590584,0.354420112581997,2019-01-01,"state32"
0.698683175614256,0.996929852238865,0.508072446424377,2019-01-01,"state33"
0.673961142847387,0.957998253643136,0.500150633410305,2019-01-01,"state34"
0.723138507916156,1.03864909818533,0.512518457574711,2019-01-01,"state35"
0.741075545862269,1.16888499319057,0.410467873956568,2019-01-01,"state36"
0.77593503551788,1.01999454352494,0.637031633434986,2019-01-01,"state37"
0.724311560577634,0.946918653174253,0.611802103490379,2019-01-01,"state38"
0.688939240839973,0.971744167680932,0.515351877997542,2019-01-01,"state39"
0.709858146840083,0.901686205166366,0.630922258182654,2019-01-01,"state40"
0.712912285393906,0.951445457108485,0.584390982693293,2019-01-01,"state41"
0.670498325284133,1.11503240268181,0.32729873498139,2019-01-01,"state42"
0.599757093362101,1.23144216317252,0.0638438577039582,2019-01-01,"state44"
0.749792770631522,0.920325953946852,0.690487256452124,2019-01-01,"state45"
0.746076686999385,1.03161445090898,0.565483891910504,2019-01-01,"state46"
0.767987154379089,0.94894251731432,0.696354867637964,2019-01-01,"state47"
0.793039271381498,0.909863963692281,0.787385338091993,2019-01-01,"state48"
0.71462950265259,0.845248262669684,0.7000454933499,2019-01-01,"state49"
0.710769649013849,1.31161045839238,0.199458694556367,2019-01-01,"state50"
0.716697894102008,0.939975723449341,0.604028085567221,2019-01-01,"state51"
0.763225385207254,0.881964635549484,0.757696030916553,2019-01-01,"state53"
0.703365228915477,1.1723430581024,0.331961447621606,2019-01-01,"state54"
0.669471823270933,0.904491840230094,0.547793804045967,2019-01-01,"state55"
0.678109909225186,0.977096792387772,0.488199182979786,2019-01-01,"state56"
0.657205801676917,1,0.422498782100131,2020-01-01,"national"
0.671816728065738,0.889044757124711,0.568775138725514,2020-01-01,"state01"
0.677214973326477,1.01201388143717,0.449516915977297,2020-01-01,"state04"
0.653243306239541,1.0020108100956,0.412508262883494,2020-01-01,"state05"
0.611128646766637,0.969107168493593,0.363692439676499,2020-01-01,"state06"
0.618098975295286,0.890572707876113,0.460535523207325,2020-01-01,"state08"
0.587029593577678,1.08644070415502,0.191841463852806,2020-01-01,"state09"
0.687147929505193,1.04088637793501,0.43871586774882,2020-01-01,"state10"
0.662407221900438,1.04468243159434,0.385595643703099,2020-01-01,"state12"
0.695408697624228,0.931931257010297,0.570273718214843,2020-01-01,"state13"
0.696772864469889,1.27667402634369,0.208602756115993,2020-01-01,"state15"
0.652425853687284,0.965459685496632,0.449518708813596,2020-01-01,"state16"
0.677577806736105,0.936794436403441,0.529740916519747,2020-01-01,"state17"
0.678785327860543,0.952771673284507,0.515250459375592,2020-01-01,"state18"
0.597003720461773,0.879064834778693,0.430826787727206,2020-01-01,"state19"
0.61402848491428,0.968483997387777,0.370107008702312,2020-01-01,"state20"
0.666952113936896,0.97340927565527,0.469949570578299,2020-01-01,"state21"
0.676884516611846,1.10843115221308,0.346951963943592,2020-01-01,"state22"
0.653524157564903,1.15330094454863,0.253158374934088,2020-01-01,"state23"
0.673586448466875,1.04360380670237,0.408925407720971,2020-01-01,"state24"
0.635977932479766,1.16486842762495,0.20610443892698,2020-01-01,"state25"
0.67795200617208,0.970133581666625,0.495245583228201,2020-01-01,"state26"
0.632761888698906,1.03191720866459,0.34024478126355,2020-01-01,"state27"
0.691288991969157,1.01560419064389,0.473657698954096,2020-01-01,"state28"
0.657129873415552,1.02233204085466,0.398744037574913,2020-01-01,"state29"
0.602480029194875,1.15426661431501,0.150819957332863,2020-01-01,"state30"
0.598050702921013,0.903242347903197,0.407350327207721,2020-01-01,"state31"
0.74505783606823,1.27204466004327,0.30933688384428,2020-01-01,"state32"
0.626698791337837,1.03115340498188,0.329017417650049,2020-01-01,"state33"
0.639968764415547,0.951746534714401,0.439286797618623,2020-01-01,"state34"
0.631081255486351,1.12928537630324,0.233994798909566,2020-01-01,"state35"
0.714592781826554,1.18433727415061,0.341569688157497,2020-01-01,"state36"
0.67583606883944,0.947605623128148,0.514856759609355,2020-01-01,"state37"
0.647524005013336,1.01706263910009,0.385246838966888,2020-01-01,"state38"
0.640148181161311,1.02418572072172,0.363077729744728,2020-01-01,"state39"
0.611962910379914,0.967471174473675,0.367077551010187,2020-01-01,"state40"
0.602127498546038,1.00368862895125,0.309274856802131,2020-01-01,"state41"
0.645759927203335,1.1253071479987,0.267335388721946,2020-01-01,"state42"
0.590183685888195,1.22716558080566,0.0493617223420822,2020-01-01,"state44"
0.649595891092339,0.912456126127295,0.499924049683824,2020-01-01,"state45"
0.665244583615796,1.078395421755,0.355594315068659,2020-01-01,"state46"
0.698453495281729,0.986295848278408,0.518856250679387,2020-01-01,"state47"
0.656864362374774,0.920513913923386,0.505834529544266,2020-01-01,"state48"
0.610987127104781,0.857482995015863,0.481393624250834,2020-01-01,"state49"
0.675782692632096,1.21978585362046,0.227067681093073,2020-01-01,"state50"
0.645875009221714,0.890926369108405,0.515294506345353,2020-01-01,"state51"
0.677797014276229,0.876277461288436,0.594139936929235,2020-01-01,"state53"
0.643191325679926,1.28102840084395,0.0976461005938252,2020-01-01,"state54"
0.612372642220737,0.912422019847589,0.426075486245698,2020-01-01,"state55"
0.536298816420562,0.976689030796522,0.20714862449891,2020-01-01,"state56"
0.650090257750182,1,0.408375103468389,2021-01-01,"national"
0.671458827354417,0.883297943258257,0.574138881970777,2021-01-01,"state01"
0.67346693273481,1.01084403381689,0.443313891569949,2021-01-01,"state04"
0.648832616094663,1.00256771995337,0.403164831563164,2021-01-01,"state05"
0.608695206601932,0.959598946664012,0.368912085371857,2021-01-01,"state06"
0.602873948280865,0.882187448941058,0.439178159500013,2021-01-01,"state08"
0.582802599655045,1.11356246422586,0.15478471529662,2021-01-01,"state09"
0.6976326688253,1.01586795385759,0.4859705080907,2021-01-01,"state10"
0.650599855762223,1.03377552113264,0.373687292423802,2021-01-01,"state12"
0.693542278744376,0.937649850187743,0.560524740007602,2021-01-01,"state13"
0.688345864336428,1.29830601044988,0.16901185811204,2021-01-01,"state15"
0.640848848188824,0.960638954114429,0.431634764513477,2021-01-01,"state16"
0.671804110952821,0.937589927875508,0.517439877710955,2021-01-01,"state17"
0.673512912811804,0.949629302285394,0.508106571303479,2021-01-01,"state18"
0.589690759651895,0.881485850626813,0.413752342739103,2021-01-01,"state19"
0.610917125113039,0.979975445980413,0.351785274069252,2021-01-01,"state20"
0.644491264043142,0.934670397435952,0.466312293341688,2021-01-01,"state21"
0.669287092854897,1.12608472747116,0.313212708159934,2021-01-01,"state22"
0.638722228369705,1.14130181796303,0.236460527316109,2021-01-01,"state23"
0.666186645602193,1.01786823854702,0.421438922401862,2021-01-01,"state24"
0.617104066187089,1.15497722224868,0.179096198405471,2021-01-01,"state25"
0.665772718287021,0.964274188240761,0.477263987999178,2021-01-01,"state26"
0.628910194166617,1.05970990982406,0.303223809640748,2021-01-01,"state27"
0.683193200241841,1.00845124993256,0.465148681052357,2021-01-01,"state28"
0.657072978986618,1.01712670793965,0.404132926949116,2021-01-01,"state29"
0.596247377634916,1.15744225485274,0.135092216795035,2021-01-01,"state30"
0.592227873077912,0.909702979745887,0.388963945278927,2021-01-01,"state31"
0.724211982022406,1.20404959709684,0.339827784841464,2021-01-01,"state32"
0.61527101017123,1.05497903422502,0.281151663147575,2021-01-01,"state33"
0.627555976728469,0.961868348412136,0.403950259240385,2021-01-01,"state34"
0.625730791761709,1.13778354450532,0.214392428042744,2021-01-01,"state35"
0.698576603247132,1.2012941577039,0.291856377958728,2021-01-01,"state36"
0.669754361516205,0.944209974247118,0.506374207404054,2021-01-01,"state37"
0.64795490459751,1.06984268321233,0.33031583224849,2021-01-01,"state38"
0.640957379754898,1.02768792419173,0.360982229325191,2021-01-01,"state39"
0.606418980616486,0.994717298828404,0.327275362082798,2021-01-01,"state40"
0.594477951186359,0.986455163378355,0.31230628518128,2021-01-01,"state41"
0.638636982899435,1.11638955755121,0.262622541566654,2021-01-01,"state42"
0.575940878810785,1.23128485584899,0.0167372019169376,2021-01-01,"state44"
0.646515101662337,0.919623652270278,0.486233199706948,2021-01-01,"state45"
0.668937381393367,1.07521186799134,0.366289051114498,2021-01-01,"state46"
0.691064522467738,0.985211841473731,0.50533559158774,2021-01-01,"state47"
0.652162364942088,0.935484374985563,0.480678359517047,2021-01-01,"state48"
0.607456691936814,0.857969703603576,0.473871615234199,2021-01-01,"state49"
0.671325621293853,1.27277936206444,0.162208893630088,2021-01-01,"state50"
0.636267547704006,0.899602880142337,0.487053898403597,2021-01-01,"state51"
0.670917642837126,0.868977701614516,0.588200579234238,2021-01-01,"state53"
0.626046722809111,1.28868757244285,0.0555202684637603,2021-01-01,"state54"
0.611946284652926,0.920092157164219,0.417122192300885,2021-01-01,"state55"
0.536247398281804,1.03157402101498,0.149035422837855,2021-01-01,"state56"
0.64888604265147,1,0.40598485091246,2022-01-01,"national"
0.666857360714497,0.875307667370918,0.573450795661124,2022-01-01,"state01"
0.674434210464973,1.01259927755042,0.443378626669768,2022-01-01,"state04"
0.649414668252877,0.978548013463058,0.429707976001178,2022-01-01,"state05"
0.608330078847114,0.981206545498948,0.345349012276916,2022-01-01,"state06"
0.610439817080106,0.909223154308485,0.425620079208105,2022-01-01,"state08"
0.681052262685688,0.99790222966137,0.472048997102152,2022-01-01,"state10"
0.656061844541269,1.03256626382123,0.385806955649973,2022-01-01,"state12"
0.682610691129028,0.896002081950786,0.582846528188011,2022-01-01,"state13"
0.692353050077464,1.3216422567542,0.152300303732195,2022-01-01,"state15"
0.640678672445098,0.956873647693719,0.435276753401405,2022-01-01,"state16"
0.674182161085714,0.94856425018487,0.510560681112392,2022-01-01,"state17"
0.675490247549904,0.953463952475955,0.507978327849878,2022-01-01,"state18"
0.589834359371248,0.872126434184298,0.423929886677354,2022-01-01,"state19"
0.611025717809005,0.96072756280641,0.372345028582698,2022-01-01,"state20"
0.658896085368707,0.974858037361717,0.452427838696909,2022-01-01,"state21"
0.67084481623803,1.11479566900623,0.328236704208288,2022-01-01,"state22"
0.63957312524978,1.13160159972666,0.248402202173847,2022-01-01,"state23"
0.665467759794153,1.04054948070345,0.396038877049064,2022-01-01,"state24"
0.608251885352554,1.16509426802776,0.150832165819581,2022-01-01,"state25"
0.623161387597428,1.05849325401414,0.293098929165785,2022-01-01,"state27"
0.674336784658431,1.00091582113828,0.455534170987906,2022-01-01,"state28"
0.657503777160787,1.00737012694208,0.415300318873823,2022-01-01,"state29"
0.597752575226452,1.14656971350534,0.149571712946703,2022-01-01,"state30"
0.588242634859585,0.90639295721132,0.384552181586216,2022-01-01,"state31"
0.737502826760423,1.22385745993148,0.345272765420594,2022-01-01,"state32"
0.607799577271889,1.04597621125881,0.275837186452193,2022-01-01,"state33"
0.62180079595162,0.963678883415075,0.390613112357068,2022-01-01,"state34"
0.621126419844131,1.12015594823032,0.223884820031077,2022-01-01,"state35"
0.693556798783806,1.20751630395765,0.275315994415129,2022-01-01,"state36"
0.667504369759209,0.934473379064706,0.512199361851292,2022-01-01,"state37"
0.649709047537919,1.04283798989511,0.36234047188827,2022-01-01,"state38"
0.638528357745735,0.999779958173435,0.38565840549728,2022-01-01,"state39"
0.607629343702386,0.987414575917681,0.337396490814698,2022-01-01,"state40"
0.589522005360096,0.994321061715781,0.294155277689171,2022-01-01,"state41"
0.636837291143388,1.11962238192547,0.255633364128699,2022-01-01,"state42"
0.573616408997429,1.24088931705315,0.00197183597617834,2022-01-01,"state44"
0.644732884442799,0.918626810761066,0.483749287685123,2022-01-01,"state45"
0.664581658981653,1.06948012656141,0.363701567190276,2022-01-01,"state46"
0.693284003677501,0.972539905163102,0.523134758152582,2022-01-01,"state47"
0.649891337126229,0.920387336308916,0.492127524197755,2022-01-01,"state48"
0.60427855105362,0.857924949476359,0.467610610785545,2022-01-01,"state49"
0.668082473080824,1.2871949667963,0.140534860654537,2022-01-01,"state50"
0.629563510280749,0.916817587605074,0.45555179453338,2022-01-01,"state51"
0.666966988683768,0.874191271821245,0.574848380216632,2022-01-01,"state53"
0.623300959289098,1.26300380511949,0.0772168577385833,2022-01-01,"state54"
0.607621566119864,0.909665684780846,0.419558382599828,2022-01-01,"state55"
0.53884967434997,1.0134992353387,0.173304986872459,2022-01-01,"state56"
0.649776979453187,1,0.407753275814086,2023-01-01,"national"
0.667621680461834,0.868027577169017,0.582662648917875,2023-01-01,"state01"
0.679551677797566,1.01423259679383,0.451809962904141,2023-01-01,"state04"
0.654031861522426,0.971399482512482,0.446428364497841,2023-01-01,"state05"
0.610750554787646,1.00401295206405,0.326048008167119,2023-01-01,"state06"
0.609508713032383,0.907009271429355,0.426111907845737,2023-01-01,"state08"
0.671387948113439,0.991843430033266,0.459270148970626,2023-01-01,"state10"
0.658511040076822,1.0241971651271,0.399514163739755,2023-01-01,"state12"
0.691175795274452,0.92751172660834,0.566543068212384,2023-01-01,"state13"
0.690326766535156,1.31422612665545,0.156116863087264,2023-01-01,"state15"
0.635949671175014,0.948206817015447,0.435050613115459,2023-01-01,"state16"
0.675963907224955,0.949768924170421,0.51282398784043,2023-01-01,"state17"
0.672680245810533,0.954928345200718,0.500852939454337,2023-01-01,"state18"
0.58526915538119,0.849277636587909,0.439018614932931,2023-01-01,"state19"
0.607153781208497,0.955859045179185,0.369805422034636,2023-01-01,"state20"
0.657247554896516,0.975051815704497,0.448950846727794,2023-01-01,"state21"
0.662957867404743,1.0894077889589,0.339415788622661,2023-01-01,"state22"
0.641573923489434,1.10937355284862,0.275867713431642,2023-01-01,"state23"
0.668263137143298,1.02990263954415,0.41284070176791,2023-01-01,"state24"
0.615019203038115,1.15292902914102,0.177122797682355,2023-01-01,"state25"
0.629791167645418,1.05274832116794,0.31233056664419,2023-01-01,"state27"
0.675600082969184,1.00206498629983,0.456827078542996,2023-01-01,"state28"
0.659005345929615,1.00357943018236,0.422287398310723,2023-01-01,"state29"
0.588590918027323,1.13046836549019,0.148405146005138,2023-01-01,"state30"
0.590956367013192,0.894907226014145,0.402078620070034,2023-01-01,"state31"
0.742955010591489,1.2029557888019,0.378187025404381,2023-01-01,"state32"
0.609129848866656,1.02768603699635,0.297809599199489,2023-01-01,"state33"
0.615919329557675,0.980324975417764,0.361344736610087,2023-01-01,"state34"
0.623307102601845,1.11268579410575,0.2361089089171,2023-01-01,"state35"
0.696191824792675,1.20663271416806,0.281480188174176,2023-01-01,"state36"
0.663547080940615,0.931350855887649,0.507644896074441,2023-01-01,"state37"
0.644496206242041,1.01035320801375,0.386328534418582,2023-01-01,"state38"
0.64213223052554,1.00874498734661,0.383336089280614,2023-01-01,"state39"
0.606282257291804,0.984561628712059,0.337738098278118,2023-01-01,"state40"
0.591970797539383,0.995881027441317,0.297367078904338,2023-01-01,"state41"
0.638740377902566,1.11765603707178,0.261489154884944,2023-01-01,"state42"
0.571384288810987,1.23146155280984,0.00750604239341301,2023-01-01,"state44"
0.641889343305416,0.919197751795372,0.477501667879171,2023-01-01,"state45"
0.657673487963011,1.04307089094735,0.377902962732301,2023-01-01,"state46"
0.691768328490012,0.971161782652899,0.521582904827608,2023-01-01,"state47"
0.64800889088135,0.912593709099458,0.49662858559595,2023-01-01,"state48"
0.601657091403346,0.862443310226751,0.457631543916166,2023-01-01,"state49"
0.66996086805352,1.25589494380497,0.177346112777662,2023-01-01,"state50"
0.630439320944469,0.917153548066334,0.456935099317277,2023-01-01,"state51"
0.668119426522242,0.868136326457224,0.583535684101842,2023-01-01,"state53"
0.626112394644881,1.26301723097135,0.0827830992349374,2023-01-01,"state54"
0.599343694576005,0.889615408001338,0.424319898929514,2023-01-01,"state55"
0.533797150305632,0.979033784232637,0.199704748532239,2023-01-01,"state56"
