"geo_level","category_id","subcategory_id","population"
"state01","gender","male",1833258.06
"state02","gender","male",280066.53
"state04","gender","male",2930307.71
"state05","gender","male",1111372.73
"state06","gender","male",15553899.45
"state08","gender","male",2347177.8
"state09","gender","male",1439324.52
"state10","gender","male",392006.66
"state11","gender","male",266198.03
"state12","gender","male",9270345.49
"state13","gender","male",4112966.13
"state15","gender","male",542306.67
"state16","gender","male",736581.63
"state17","gender","male",4923636.48
"state18","gender","male",2562583.03
"state19","gender","male",1275548.2
"state20","gender","male",1151704.24
"state21","gender","male",1740500.53
"state22","gender","male",1685297.41
"state23","gender","male",567023.21
"state24","gender","male",2330562.76
"state25","gender","male",2749684.92
"state26","gender","male",3872483.32
"state27","gender","male",2287081.69
"state28","gender","male",1081822.36
"state29","gender","male",2427080.22
"state30","gender","male",466767.74
"state31","gender","male",761411.41
"state32","gender","male",1311070.68
"state33","gender","male",558683.16
"state34","gender","male",3526701.75
"state35","gender","male",831153.07
"state36","gender","male",7415028.61
"state37","gender","male",4017735.04
"state38","gender","male",296548
"state39","gender","male",4349380.45
"state40","gender","male",1444919.83
"state41","gender","male",1696310.77
"state42","gender","male",4958279.69
"state44","gender","male",450571.81
"state45","gender","male",2060598.98
"state46","gender","male",350624.35
"state47","gender","male",2623150.24
"state48","gender","male",11498339.54
"state49","gender","male",1300850.99
"state50","gender","male",258084.37
"state51","gender","male",3298924.64
"state53","gender","male",3175256.96
"state54","gender","male",672505.86
"state55","gender","male",2258362.22
"state56","gender","male",223248.45
"state01","gender","female",2101690.51
"state02","gender","female",263048.49
"state04","gender","female",3006318.08
"state05","gender","female",1202180.2
"state06","gender","female",15669441.08
"state08","gender","female",2332989.23
"state09","gender","female",1517445.32
"state10","gender","female",432854.91
"state11","gender","female",305978.75
"state12","gender","female",9688549.45
"state13","gender","female",4453481.88
"state15","gender","female",569243.05
"state16","gender","female",756564.4
"state17","gender","female",5081190.67
"state18","gender","female",2697051.92
"state19","gender","female",1237171.3
"state20","gender","female",1140889.33
"state21","gender","female",1786751.77
"state22","gender","female",1824178.09
"state23","gender","female",584828.23
"state24","gender","female",2521211.95
"state25","gender","female",2953607.41
"state26","gender","female",4054270.07
"state27","gender","female",2274365.17
"state28","gender","female",1185116.83
"state29","gender","female",2471172.08
"state30","gender","female",448116.89
"state31","gender","female",753960.85
"state32","gender","female",1287968.26
"state33","gender","female",582848.29
"state34","gender","female",3802771.6
"state35","gender","female",844083.91
"state36","gender","female",8128569.58
"state37","gender","female",4502957.55
"state38","gender","female",287819.31
"state39","gender","female",4686287.33
"state40","gender","female",1569789.02
"state41","gender","female",1733447.45
"state42","gender","female",5290519.21
"state44","gender","female",458672.44
"state45","gender","female",2261846.64
"state46","gender","female",343938.81
"state47","gender","female",2896825.59
"state48","gender","female",11977363.75
"state49","gender","female",1279761.56
"state50","gender","female",267406.48
"state51","gender","female",3472668.65
"state53","gender","female",3135697.63
"state54","gender","female",705315.18
"state55","gender","female",2380911.41
"state56","gender","female",225270.43
"state01","gender-parenthood","male-parent",378715.47
"state02","gender-parenthood","male-parent",72738.92
"state04","gender-parenthood","male-parent",641577.41
"state05","gender-parenthood","male-parent",253247.98
"state06","gender-parenthood","male-parent",3332732.07
"state08","gender-parenthood","male-parent",544396.06
"state09","gender-parenthood","male-parent",286186.83
"state10","gender-parenthood","male-parent",82681.32
"state11","gender-parenthood","male-parent",46251.61
"state12","gender-parenthood","male-parent",1675135.81
"state13","gender-parenthood","male-parent",921061.5
"state15","gender-parenthood","male-parent",103448.63
"state16","gender-parenthood","male-parent",197893.5
"state17","gender-parenthood","male-parent",1172592.55
"state18","gender-parenthood","male-parent",635877.77
"state19","gender-parenthood","male-parent",292792.17
"state20","gender-parenthood","male-parent",301803.38
"state21","gender-parenthood","male-parent",454884.48
"state22","gender-parenthood","male-parent",353004.3
"state23","gender-parenthood","male-parent",115218.72
"state24","gender-parenthood","male-parent",578760.44
"state25","gender-parenthood","male-parent",639630.29
"state26","gender-parenthood","male-parent",775794.3
"state27","gender-parenthood","male-parent",488560.62
"state28","gender-parenthood","male-parent",225252.16
"state29","gender-parenthood","male-parent",546470.78
"state30","gender-parenthood","male-parent",102664.06
"state31","gender-parenthood","male-parent",194280.06
"state32","gender-parenthood","male-parent",267696.52
"state33","gender-parenthood","male-parent",104255.86
"state34","gender-parenthood","male-parent",731997.4
"state35","gender-parenthood","male-parent",163096.79
"state36","gender-parenthood","male-parent",1565595.98
"state37","gender-parenthood","male-parent",933414.69
"state38","gender-parenthood","male-parent",79430.57
"state39","gender-parenthood","male-parent",945452.25
"state40","gender-parenthood","male-parent",362968.57
"state41","gender-parenthood","male-parent",355829.61
"state42","gender-parenthood","male-parent",1031289.87
"state44","gender-parenthood","male-parent",84377.71
"state45","gender-parenthood","male-parent",445554.52
"state46","gender-parenthood","male-parent",79595.23
"state47","gender-parenthood","male-parent",615330.93
"state48","gender-parenthood","male-parent",2719000.35
"state49","gender-parenthood","male-parent",375866.86
"state50","gender-parenthood","male-parent",57605.22
"state51","gender-parenthood","male-parent",791366.6
"state53","gender-parenthood","male-parent",748440.93
"state54","gender-parenthood","male-parent",146459.37
"state55","gender-parenthood","male-parent",541626.5
"state56","gender-parenthood","male-parent",59152.46
"state01","gender-parenthood","male-non-parent",1295790.67
"state02","gender-parenthood","male-non-parent",189462.32
"state04","gender-parenthood","male-non-parent",2012893.53
"state05","gender-parenthood","male-non-parent",768373.72
"state06","gender-parenthood","male-non-parent",10261760.46
"state08","gender-parenthood","male-non-parent",1629128.23
"state09","gender-parenthood","male-non-parent",976236.2
"state10","gender-parenthood","male-non-parent",274389.03
"state11","gender-parenthood","male-non-parent",210623.73
"state12","gender-parenthood","male-non-parent",6649366.15
"state13","gender-parenthood","male-non-parent",2779310.92
"state15","gender-parenthood","male-non-parent",372334.81
"state16","gender-parenthood","male-non-parent",483213.08
"state17","gender-parenthood","male-non-parent",3213032.78
"state18","gender-parenthood","male-non-parent",1701454.85
"state19","gender-parenthood","male-non-parent",883580.66
"state20","gender-parenthood","male-non-parent",771054.47
"state21","gender-parenthood","male-non-parent",1142469.65
"state22","gender-parenthood","male-non-parent",1192607.38
"state23","gender-parenthood","male-non-parent",415453.1
"state24","gender-parenthood","male-non-parent",1576379.88
"state25","gender-parenthood","male-non-parent",1826590.68
"state26","gender-parenthood","male-non-parent",2754648.69
"state27","gender-parenthood","male-non-parent",1605836.17
"state28","gender-parenthood","male-non-parent",762691.06
"state29","gender-parenthood","male-non-parent",1669138.9
"state30","gender-parenthood","male-non-parent",335743.69
"state31","gender-parenthood","male-non-parent",504247.71
"state32","gender-parenthood","male-non-parent",909390.51
"state33","gender-parenthood","male-non-parent",391477.33
"state34","gender-parenthood","male-non-parent",2392765.33
"state35","gender-parenthood","male-non-parent",591251.74
"state36","gender-parenthood","male-non-parent",5071894.01
"state37","gender-parenthood","male-non-parent",2765661.45
"state38","gender-parenthood","male-non-parent",200944
"state39","gender-parenthood","male-non-parent",2963794.38
"state40","gender-parenthood","male-non-parent",998351.16
"state41","gender-parenthood","male-non-parent",1196632.87
"state42","gender-parenthood","male-non-parent",3490645.44
"state44","gender-parenthood","male-non-parent",323545.32
"state45","gender-parenthood","male-non-parent",1459419.66
"state46","gender-parenthood","male-non-parent",254306.58
"state47","gender-parenthood","male-non-parent",1837030.11
"state48","gender-parenthood","male-non-parent",7603663.33
"state49","gender-parenthood","male-non-parent",813351.44
"state50","gender-parenthood","male-non-parent",187069.54
"state51","gender-parenthood","male-non-parent",2247820.01
"state53","gender-parenthood","male-non-parent",2140874.28
"state54","gender-parenthood","male-non-parent",469516.63
"state55","gender-parenthood","male-non-parent",1598359.8
"state56","gender-parenthood","male-non-parent",152033.86
"state01","gender-parenthood","female-parent",514126.15
"state02","gender-parenthood","female-parent",81970.16
"state04","gender-parenthood","female-parent",772521.89
"state05","gender-parenthood","female-parent",334669.54
"state06","gender-parenthood","female-parent",3993797.56
"state08","gender-parenthood","female-parent",621302.37
"state09","gender-parenthood","female-parent",341916.55
"state10","gender-parenthood","female-parent",108912.52
"state11","gender-parenthood","female-parent",64225.07
"state12","gender-parenthood","female-parent",2090962.87
"state13","gender-parenthood","female-parent",1239921.52
"state15","gender-parenthood","female-parent",127726.92
"state16","gender-parenthood","female-parent",214650.29
"state17","gender-parenthood","female-parent",1366433.77
"state18","gender-parenthood","female-parent",760244.95
"state19","gender-parenthood","female-parent",343793.68
"state20","gender-parenthood","female-parent",328833.9
"state21","gender-parenthood","female-parent",534713.04
"state22","gender-parenthood","female-parent",520276.82
"state23","gender-parenthood","female-parent",125048.55
"state24","gender-parenthood","female-parent",695655.89
"state25","gender-parenthood","female-parent",758769.25
"state26","gender-parenthood","female-parent",978735.79
"state27","gender-parenthood","female-parent",559812.42
"state28","gender-parenthood","female-parent",332005.57
"state29","gender-parenthood","female-parent",649223.2
"state30","gender-parenthood","female-parent",120225.51
"state31","gender-parenthood","female-parent",234390.99
"state32","gender-parenthood","female-parent",328230.45
"state33","gender-parenthood","female-parent",111097.51
"state34","gender-parenthood","female-parent",900727.85
"state35","gender-parenthood","female-parent",212628.02
"state36","gender-parenthood","female-parent",2014719.69
"state37","gender-parenthood","female-parent",1179727.46
"state38","gender-parenthood","female-parent",90411.41
"state39","gender-parenthood","female-parent",1094591.46
"state40","gender-parenthood","female-parent",436509.38
"state41","gender-parenthood","female-parent",388752.57
"state42","gender-parenthood","female-parent",1256283.76
"state44","gender-parenthood","female-parent",110865.04
"state45","gender-parenthood","female-parent",619965.85
"state46","gender-parenthood","female-parent",94234.27
"state47","gender-parenthood","female-parent",751889.38
"state48","gender-parenthood","female-parent",3433409.62
"state49","gender-parenthood","female-parent",434183.94
"state50","gender-parenthood","female-parent",64047.78
"state51","gender-parenthood","female-parent",977370.49
"state53","gender-parenthood","female-parent",882990.35
"state54","gender-parenthood","female-parent",174497.81
"state55","gender-parenthood","female-parent",625284.97
"state56","gender-parenthood","female-parent",65957.06
"state01","gender-parenthood","female-non-parent",1331444.39
"state02","gender-parenthood","female-non-parent",154549.35
"state04","gender-parenthood","female-non-parent",1881637.11
"state05","gender-parenthood","female-non-parent",746943.58
"state06","gender-parenthood","female-non-parent",9080422.92
"state08","gender-parenthood","female-non-parent",1455851.77
"state09","gender-parenthood","female-non-parent",931142.47
"state10","gender-parenthood","female-non-parent",271766.55
"state11","gender-parenthood","female-non-parent",218900.57
"state12","gender-parenthood","female-non-parent",6214196.98
"state13","gender-parenthood","female-non-parent",2572743.41
"state15","gender-parenthood","female-non-parent",346568.02
"state16","gender-parenthood","female-non-parent",450846.56
"state17","gender-parenthood","female-non-parent",3030071.73
"state18","gender-parenthood","female-non-parent",1646586.74
"state19","gender-parenthood","female-non-parent",779297.06
"state20","gender-parenthood","female-non-parent",689266.57
"state21","gender-parenthood","female-non-parent",1047594.67
"state22","gender-parenthood","female-non-parent",1081541.3
"state23","gender-parenthood","female-non-parent",412239.56
"state24","gender-parenthood","female-non-parent",1555713.38
"state25","gender-parenthood","female-non-parent",1797238.93
"state26","gender-parenthood","female-non-parent",2548373.91
"state27","gender-parenthood","female-non-parent",1472059.67
"state28","gender-parenthood","female-non-parent",719534.75
"state29","gender-parenthood","female-non-parent",1509427.7
"state30","gender-parenthood","female-non-parent",293250.18
"state31","gender-parenthood","female-non-parent",448159.42
"state32","gender-parenthood","female-non-parent",793029.24
"state33","gender-parenthood","female-non-parent",390974.88
"state34","gender-parenthood","female-non-parent",2310112.72
"state35","gender-parenthood","female-non-parent",536641.1
"state36","gender-parenthood","female-non-parent",4990765.75
"state37","gender-parenthood","female-non-parent",2850322.09
"state38","gender-parenthood","female-non-parent",176760.97
"state39","gender-parenthood","female-non-parent",3022692.47
"state40","gender-parenthood","female-non-parent",988368.1
"state41","gender-parenthood","female-non-parent",1152091.25
"state42","gender-parenthood","female-non-parent",3384068.12
"state44","gender-parenthood","female-non-parent",285783.38
"state45","gender-parenthood","female-non-parent",1387130.68
"state46","gender-parenthood","female-non-parent",226946.51
"state47","gender-parenthood","female-non-parent",1809963.6
"state48","gender-parenthood","female-non-parent",6907174.7
"state49","gender-parenthood","female-non-parent",711886.41
"state50","gender-parenthood","female-non-parent",184152.9
"state51","gender-parenthood","female-non-parent",2067274.22
"state53","gender-parenthood","female-non-parent",1941980.49
"state54","gender-parenthood","female-non-parent",450477.21
"state55","gender-parenthood","female-non-parent",1570436.46
"state56","gender-parenthood","female-non-parent",145275.66
"state01","gender-race","male-white",1252506.85
"state02","gender-race","male-white",170270.81
"state04","gender-race","male-white",1538462.88
"state05","gender-race","male-white",836334.36
"state06","gender-race","male-white",5839778.57
"state08","gender-race","male-white",1578957.77
"state09","gender-race","male-white",966941.33
"state10","gender-race","male-white",233524.97
"state11","gender-race","male-white",123013.22
"state12","gender-race","male-white",4893484.11
"state13","gender-race","male-white",2125314.81
"state15","gender-race","male-white",100573.6
"state16","gender-race","male-white",604211.95
"state17","gender-race","male-white",2968419.44
"state18","gender-race","male-white",1967827.29
"state19","gender-race","male-white",1039122.54
"state20","gender-race","male-white",877127.83
"state21","gender-race","male-white",1499807.85
"state22","gender-race","male-white",994220.04
"state23","gender-race","male-white",532655.79
"state24","gender-race","male-white",1170389.92
"state25","gender-race","male-white",1906098.83
"state26","gender-race","male-white",2954838.95
"state27","gender-race","male-white",1813186.74
"state28","gender-race","male-white",669045.71
"state29","gender-race","male-white",1934788.77
"state30","gender-race","male-white",425668.08
"state31","gender-race","male-white",611633.49
"state32","gender-race","male-white",666770.3
"state33","gender-race","male-white",503591.07
"state34","gender-race","male-white",1963382.91
"state35","gender-race","male-white",318716.1
"state36","gender-race","male-white",4096181.66
"state37","gender-race","male-white",2368453.07
"state38","gender-race","male-white",259776.55
"state39","gender-race","male-white",3488285.96
"state40","gender-race","male-white",917083.97
"state41","gender-race","male-white",1316839.28
"state42","gender-race","male-white",3759299.8
"state44","gender-race","male-white",338073.42
"state45","gender-race","male-white",1292991.6
"state46","gender-race","male-white",307931.5
"state47","gender-race","male-white",1928707.53
"state48","gender-race","male-white",4891560.71
"state49","gender-race","male-white",1015454.51
"state50","gender-race","male-white",235451.68
"state51","gender-race","male-white",1901772.05
"state53","gender-race","male-white",2089158.49
"state54","gender-race","male-white",626135.83
"state55","gender-race","male-white",1841537.19
"state56","gender-race","male-white",192410.68
"state01","gender-race","male-black",419412.2
"state02","gender-race","male-black",7010.86
"state04","gender-race","male-black",157410.64
"state05","gender-race","male-black",150341.87
"state06","gender-race","male-black",783821.95
"state08","gender-race","male-black",74351.68
"state09","gender-race","male-black",133797.29
"state10","gender-race","male-black",83355.59
"state11","gender-race","male-black",97733.32
"state12","gender-race","male-black",1292498.37
"state13","gender-race","male-black",1162486.15
"state16","gender-race","male-black",8171.31
"state17","gender-race","male-black",638556.49
"state18","gender-race","male-black",277213.93
"state19","gender-race","male-black",54361.46
"state20","gender-race","male-black",73315.26
"state21","gender-race","male-black",99883.04
"state22","gender-race","male-black",468446.21
"state23","gender-race","male-black",10673.81
"state24","gender-race","male-black",618369.87
"state25","gender-race","male-black",245888.61
"state26","gender-race","male-black",432983.56
"state27","gender-race","male-black",177012.66
"state28","gender-race","male-black",345187.16
"state29","gender-race","male-black",255251.26
"state30","gender-race","male-black",2371.34
"state31","gender-race","male-black",30374.15
"state32","gender-race","male-black",96718.1
"state34","gender-race","male-black",441662.27
"state35","gender-race","male-black",21101.88
"state36","gender-race","male-black",1001086.78
"state37","gender-race","male-black",784454.41
"state38","gender-race","male-black",11586.17
"state39","gender-race","male-black",475618.07
"state40","gender-race","male-black",94844.92
"state41","gender-race","male-black",38256.84
"state42","gender-race","male-black",497450.37
"state44","gender-race","male-black",32268.4
"state45","gender-race","male-black",448681.37
"state46","gender-race","male-black",10014.09
"state47","gender-race","male-black",378118.32
"state48","gender-race","male-black",1321744.17
"state49","gender-race","male-black",26140.68
"state50","gender-race","male-black",4421.19
"state51","gender-race","male-black",620706.02
"state53","gender-race","male-black",122702.17
"state54","gender-race","male-black",20368.71
"state55","gender-race","male-black",121476.44
"state01","gender-race","male-hispan",89047.28
"state02","gender-race","male-hispan",17894.78
"state04","gender-race","male-hispan",936239.61
"state05","gender-race","male-hispan",88593.88
"state06","gender-race","male-hispan",5864896.05
"state08","gender-race","male-hispan",570656.92
"state09","gender-race","male-hispan",264070.2
"state10","gender-race","male-hispan",47127.26
"state11","gender-race","male-hispan",26854.32
"state12","gender-race","male-hispan",2675935.31
"state13","gender-race","male-hispan",510933.64
"state15","gender-race","male-hispan",53544.9
"state16","gender-race","male-hispan",101165.1
"state17","gender-race","male-hispan",935936.45
"state18","gender-race","male-hispan",219438.38
"state19","gender-race","male-hispan",108466.01
"state20","gender-race","male-hispan",130369.79
"state21","gender-race","male-hispan",99157.16
"state22","gender-race","male-hispan",155309.3
"state23","gender-race","male-hispan",3645.87
"state24","gender-race","male-hispan",240384.38
"state25","gender-race","male-hispan",328545.02
"state26","gender-race","male-hispan",261901.13
"state27","gender-race","male-hispan",143336.77
"state28","gender-race","male-hispan",52063.44
"state29","gender-race","male-hispan",137116.29
"state30","gender-race","male-hispan",12898.81
"state31","gender-race","male-hispan",87201.49
"state32","gender-race","male-hispan",401038.6
"state33","gender-race","male-hispan",23853.31
"state34","gender-race","male-hispan",587632.12
"state35","gender-race","male-hispan",372403.38
"state36","gender-race","male-hispan",1350237.17
"state37","gender-race","male-hispan",576763.88
"state38","gender-race","male-hispan",12930.33
"state39","gender-race","male-hispan",158349.85
"state40","gender-race","male-hispan",184935.99
"state41","gender-race","male-hispan",177511.48
"state42","gender-race","male-hispan",419425.43
"state44","gender-race","male-hispan",56255.77
"state45","gender-race","male-hispan",231713.51
"state46","gender-race","male-hispan",14718.75
"state47","gender-race","male-hispan",213675.68
"state48","gender-race","male-hispan",4319070.85
"state49","gender-race","male-hispan",189506.69
"state51","gender-race","male-hispan",388914.06
"state53","gender-race","male-hispan",476912.76
"state54","gender-race","male-hispan",13298.94
"state55","gender-race","male-hispan",164974.93
"state56","gender-race","male-hispan",20845.22
"state01","gender-race","male-asian",46573.57
"state02","gender-race","male-asian",12716.82
"state04","gender-race","male-asian",179741.65
"state05","gender-race","male-asian",16046.57
"state06","gender-race","male-asian",2731393.88
"state08","gender-race","male-asian",67895.46
"state09","gender-race","male-asian",43801.35
"state10","gender-race","male-asian",21433.26
"state11","gender-race","male-asian",15632.33
"state12","gender-race","male-asian",297320.08
"state13","gender-race","male-asian",241622.22
"state15","gender-race","male-asian",264281.48
"state16","gender-race","male-asian",11487.81
"state17","gender-race","male-asian",321717.75
"state18","gender-race","male-asian",60253.78
"state19","gender-race","male-asian",50529.46
"state20","gender-race","male-asian",41651.84
"state22","gender-race","male-asian",30559.04
"state24","gender-race","male-asian",263266.47
"state25","gender-race","male-asian",238080.76
"state26","gender-race","male-asian",152637.64
"state27","gender-race","male-asian",91232.31
"state29","gender-race","male-asian",39318.94
"state31","gender-race","male-asian",19711.27
"state32","gender-race","male-asian",105218.51
"state33","gender-race","male-asian",15324.74
"state34","gender-race","male-asian",498087.74
"state35","gender-race","male-asian",18618.76
"state36","gender-race","male-asian",839788.09
"state37","gender-race","male-asian",155706.71
"state38","gender-race","male-asian",3389.72
"state39","gender-race","male-asian",137657.3
"state40","gender-race","male-asian",36811.19
"state41","gender-race","male-asian",89702.6
"state42","gender-race","male-asian",210511.43
"state44","gender-race","male-asian",15394.53
"state45","gender-race","male-asian",57741.11
"state46","gender-race","male-asian",1753.39
"state47","gender-race","male-asian",53479.92
"state48","gender-race","male-asian",837164.37
"state49","gender-race","male-asian",39967.6
"state50","gender-race","male-asian",8462.53
"state51","gender-race","male-asian",284337.08
"state53","gender-race","male-asian",317403
"state54","gender-race","male-asian",5184.11
"state55","gender-race","male-asian",96738.75
"state56","gender-race","male-asian",2834.07
"state02","gender-race","male-native",49670.12
"state04","gender-race","male-native",72488.78
"state06","gender-race","male-native",58197.6
"state08","gender-race","male-native",20228.8
"state12","gender-race","male-native",27938.15
"state13","gender-race","male-native",29031.55
"state18","gender-race","male-native",4218.34
"state22","gender-race","male-native",22214.78
"state25","gender-race","male-native",5593
"state26","gender-race","male-native",19034.16
"state27","gender-race","male-native",28248.05
"state29","gender-race","male-native",20561.14
"state30","gender-race","male-native",10488.33
"state31","gender-race","male-native",3903.96
"state35","gender-race","male-native",94666.77
"state36","gender-race","male-native",14999.46
"state37","gender-race","male-native",62690.5
"state38","gender-race","male-native",4243.25
"state40","gender-race","male-native",105116.34
"state41","gender-race","male-native",17186.22
"state42","gender-race","male-native",6667.79
"state46","gender-race","male-native",11467.03
"state48","gender-race","male-native",13290.66
"state51","gender-race","male-native",19990.64
"state53","gender-race","male-native",75850.25
"state01","gender-race","male-multi",14537.33
"state02","gender-race","male-multi",22503.14
"state04","gender-race","male-multi",45964.15
"state05","gender-race","male-multi",14661.12
"state06","gender-race","male-multi",275811.4
"state08","gender-race","male-multi",35087.17
"state09","gender-race","male-multi",29280.71
"state10","gender-race","male-multi",6046.64
"state11","gender-race","male-multi",2964.84
"state12","gender-race","male-multi",83169.47
"state13","gender-race","male-multi",43577.76
"state15","gender-race","male-multi",112800.48
"state16","gender-race","male-multi",10130.67
"state17","gender-race","male-multi",55676.28
"state18","gender-race","male-multi",33631.31
"state19","gender-race","male-multi",16611.46
"state20","gender-race","male-multi",16903.12
"state21","gender-race","male-multi",26929.08
"state22","gender-race","male-multi",14548.04
"state23","gender-race","male-multi",5191.91
"state24","gender-race","male-multi",34137.63
"state25","gender-race","male-multi",25478.7
"state26","gender-race","male-multi",51087.88
"state27","gender-race","male-multi",34065.16
"state28","gender-race","male-multi",5525.76
"state29","gender-race","male-multi",40043.82
"state30","gender-race","male-multi",12296.46
"state32","gender-race","male-multi",31826.76
"state33","gender-race","male-multi",9751.4
"state34","gender-race","male-multi",29061.23
"state35","gender-race","male-multi",5646.18
"state36","gender-race","male-multi",112735.45
"state37","gender-race","male-multi",69666.47
"state38","gender-race","male-multi",4621.98
"state39","gender-race","male-multi",87005.65
"state40","gender-race","male-multi",106127.42
"state41","gender-race","male-multi",56814.35
"state42","gender-race","male-multi",64924.87
"state45","gender-race","male-multi",20931.03
"state47","gender-race","male-multi",30822.46
"state48","gender-race","male-multi",115508.78
"state49","gender-race","male-multi",18059.39
"state51","gender-race","male-multi",83204.79
"state53","gender-race","male-multi",93230.29
"state54","gender-race","male-multi",5916.01
"state55","gender-race","male-multi",27594.39
"state01","gender-race","female-white",1358379.71
"state02","gender-race","female-white",157727.42
"state04","gender-race","female-white",1584022.44
"state05","gender-race","female-white",879080.16
"state06","gender-race","female-white",5622822.02
"state08","gender-race","female-white",1494149.71
"state09","gender-race","female-white",998692.88
"state10","gender-race","female-white",260939.09
"state11","gender-race","female-white",124347.24
"state12","gender-race","female-white",5174572.57
"state13","gender-race","female-white",2225995.38
"state15","gender-race","female-white",97063.06
"state16","gender-race","female-white",619764.17
"state17","gender-race","female-white",3008098.45
"state18","gender-race","female-white",2044135.77
"state19","gender-race","female-white",1030616.61
"state20","gender-race","female-white",859861.24
"state21","gender-race","female-white",1515340.64
"state22","gender-race","female-white",1044706.57
"state23","gender-race","female-white",540044.42
"state24","gender-race","female-white",1120624.97
"state25","gender-race","female-white",2071450.89
"state26","gender-race","female-white",3042394.02
"state27","gender-race","female-white",1840495.06
"state28","gender-race","female-white",654055.81
"state29","gender-race","female-white",1924021.2
"state30","gender-race","female-white",400911.59
"state31","gender-race","female-white",571791.01
"state32","gender-race","female-white",617693.29
"state33","gender-race","female-white",530885.14
"state34","gender-race","female-white",2115551.45
"state35","gender-race","female-white",322709.23
"state36","gender-race","female-white",4316733.84
"state37","gender-race","female-white",2733069.39
"state38","gender-race","female-white",251832.03
"state39","gender-race","female-white",3688381.08
"state40","gender-race","female-white",1007043.05
"state41","gender-race","female-white",1333458.43
"state42","gender-race","female-white",3994967
"state44","gender-race","female-white",341997.28
"state45","gender-race","female-white",1454909.44
"state46","gender-race","female-white",296199.37
"state47","gender-race","female-white",2110106.12
"state48","gender-race","female-white",5031468.48
"state49","gender-race","female-white",1004255.41
"state50","gender-race","female-white",248803.68
"state51","gender-race","female-white",2059899.11
"state53","gender-race","female-white",2032144.51
"state54","gender-race","female-white",656154.67
"state55","gender-race","female-white",1970741.43
"state56","gender-race","female-white",197155.98
"state01","gender-race","female-black",576708.83
"state02","gender-race","female-black",5454.62
"state04","gender-race","female-black",164436.07
"state05","gender-race","female-black",180954.04
"state06","gender-race","female-black",810565.47
"state08","gender-race","female-black",72788.99
"state09","gender-race","female-black",170566.5
"state10","gender-race","female-black",100664.11
"state11","gender-race","female-black",123477.87
"state12","gender-race","female-black",1452135.52
"state13","gender-race","female-black",1421133.91
"state16","gender-race","female-black",3880.45
"state17","gender-race","female-black",744289.82
"state18","gender-race","female-black",275164.58
"state19","gender-race","female-black",46088.84
"state20","gender-race","female-black",60358.62
"state21","gender-race","female-black",138748.92
"state22","gender-race","female-black",581332.57
"state23","gender-race","female-black",14839.1
"state24","gender-race","female-black",812252.41
"state25","gender-race","female-black",241870.74
"state26","gender-race","female-black",543409.54
"state27","gender-race","female-black",174466.71
"state28","gender-race","female-black",446349.89
"state29","gender-race","female-black",280282.46
"state31","gender-race","female-black",35834.41
"state32","gender-race","female-black",102014.58
"state33","gender-race","female-black",7499.29
"state34","gender-race","female-black",483028
"state35","gender-race","female-black",24181.32
"state36","gender-race","female-black",1192220.15
"state37","gender-race","female-black",978255.16
"state38","gender-race","female-black",6256.15
"state39","gender-race","female-black",574849.97
"state40","gender-race","female-black",116277.18
"state41","gender-race","female-black",24086.16
"state42","gender-race","female-black",568274.1
"state44","gender-race","female-black",29990.55
"state45","gender-race","female-black",565517.19
"state47","gender-race","female-black",453623.83
"state48","gender-race","female-black",1601627.18
"state49","gender-race","female-black",8729.03
"state51","gender-race","female-black",678194.41
"state53","gender-race","female-black",103946.6
"state54","gender-race","female-black",19245.71
"state55","gender-race","female-black",127982.04
"state56","gender-race","female-black",2110.81
"state01","gender-race","female-hispan",91757.4
"state02","gender-race","female-hispan",17397.37
"state04","gender-race","female-hispan",991554.44
"state05","gender-race","female-hispan",87551.61
"state06","gender-race","female-hispan",5815360.1
"state08","gender-race","female-hispan",624663.77
"state09","gender-race","female-hispan",269682.95
"state10","gender-race","female-hispan",39287.95
"state11","gender-race","female-hispan",27982.16
"state12","gender-race","female-hispan",2618340.34
"state13","gender-race","female-hispan",452916.2
"state15","gender-race","female-hispan",49209.44
"state16","gender-race","female-hispan",99717.66
"state17","gender-race","female-hispan",863475.3
"state18","gender-race","female-hispan",203409.54
"state19","gender-race","female-hispan",97208.06
"state20","gender-race","female-hispan",126305.86
"state21","gender-race","female-hispan",76136.87
"state22","gender-race","female-hispan",126382.21
"state23","gender-race","female-hispan",6391.71
"state24","gender-race","female-hispan",268005.75
"state25","gender-race","female-hispan",342522.63
"state26","gender-race","female-hispan",249146.54
"state27","gender-race","female-hispan",98010.14
"state28","gender-race","female-hispan",51223.01
"state29","gender-race","female-hispan",138379.88
"state30","gender-race","female-hispan",12644.75
"state31","gender-race","female-hispan",97447.94
"state32","gender-race","female-hispan",360321.27
"state33","gender-race","female-hispan",24736.18
"state34","gender-race","female-hispan",671339.48
"state35","gender-race","female-hispan",381878.55
"state36","gender-race","female-hispan",1518428.02
"state37","gender-race","female-hispan",507231.59
"state39","gender-race","female-hispan",173302.3
"state40","gender-race","female-hispan",181547.14
"state41","gender-race","female-hispan",203892.83
"state42","gender-race","female-hispan",368741.15
"state44","gender-race","female-hispan",61831.78
"state45","gender-race","female-hispan",148237.8
"state46","gender-race","female-hispan",12312.62
"state47","gender-race","female-hispan",205615.35
"state48","gender-race","female-hispan",4331059.97
"state49","gender-race","female-hispan",191574.68
"state51","gender-race","female-hispan",345190.59
"state53","gender-race","female-hispan",456264.09
"state54","gender-race","female-hispan",12776.8
"state55","gender-race","female-hispan",160871.99
"state56","gender-race","female-hispan",14917.54
"state01","gender-race","female-asian",39450.34
"state02","gender-race","female-asian",23037.78
"state04","gender-race","female-asian",153175.4
"state05","gender-race","female-asian",19971.07
"state06","gender-race","female-asian",3062371.25
"state08","gender-race","female-asian",82903
"state09","gender-race","female-asian",56284.39
"state10","gender-race","female-asian",20529.73
"state11","gender-race","female-asian",21412.6
"state12","gender-race","female-asian",315057.48
"state13","gender-race","female-asian",241296.27
"state15","gender-race","female-asian",309862.31
"state16","gender-race","female-asian",19267.97
"state17","gender-race","female-asian",406214.84
"state18","gender-race","female-asian",92520.79
"state19","gender-race","female-asian",45019.38
"state20","gender-race","female-asian",45899.21
"state21","gender-race","female-asian",23059.8
"state22","gender-race","female-asian",32283.5
"state23","gender-race","female-asian",10531.25
"state24","gender-race","female-asian",283006.23
"state25","gender-race","female-asian",245038.51
"state26","gender-race","female-asian",138477.4
"state27","gender-race","female-asian",89043.51
"state28","gender-race","female-asian",15452.69
"state29","gender-race","female-asian",69252.01
"state31","gender-race","female-asian",25326.06
"state32","gender-race","female-asian",148547.68
"state33","gender-race","female-asian",17646.29
"state34","gender-race","female-asian",494792.14
"state35","gender-race","female-asian",25452.24
"state36","gender-race","female-asian",940502.69
"state37","gender-race","female-asian",144848.46
"state38","gender-race","female-asian",6688.51
"state39","gender-race","female-asian",168968.98
"state40","gender-race","female-asian",33747.68
"state41","gender-race","female-asian",97755.36
"state42","gender-race","female-asian",279431
"state44","gender-race","female-asian",15822.94
"state45","gender-race","female-asian",49216.3
"state47","gender-race","female-asian",90436.68
"state48","gender-race","female-asian",827722.86
"state49","gender-race","female-asian",34468.05
"state51","gender-race","female-asian",291721.72
"state53","gender-race","female-asian",350396.4
"state54","gender-race","female-asian",6958.94
"state55","gender-race","female-asian",80818.36
"state56","gender-race","female-asian",3416.79
"state01","gender-race","female-native",9976.42
"state02","gender-race","female-native",41380.52
"state04","gender-race","female-native",65959.36
"state05","gender-race","female-native",13602.37
"state06","gender-race","female-native",71301.19
"state08","gender-race","female-native",17971.99
"state12","gender-race","female-native",17280.71
"state13","gender-race","female-native",33627.25
"state16","gender-race","female-native",4159.75
"state20","gender-race","female-native",12397.88
"state21","gender-race","female-native",9722.26
"state22","gender-race","female-native",21072.18
"state25","gender-race","female-native",13587.95
"state26","gender-race","female-native",24776.63
"state27","gender-race","female-native",32990.97
"state29","gender-race","female-native",6053.27
"state30","gender-race","female-native",11390.83
"state31","gender-race","female-native",8338.14
"state35","gender-race","female-native",81196.14
"state37","gender-race","female-native",75271.67
"state38","gender-race","female-native",8359.13
"state40","gender-race","female-native",113913.83
"state41","gender-race","female-native",22962.22
"state42","gender-race","female-native",5441
"state45","gender-race","female-native",6396.74
"state46","gender-race","female-native",23363.54
"state47","gender-race","female-native",7402.84
"state48","gender-race","female-native",37000.43
"state51","gender-race","female-native",18038.96
"state53","gender-race","female-native",82178.28
"state55","gender-race","female-native",18283.63
"state01","gender-race","female-multi",25417.81
"state02","gender-race","female-multi",18050.78
"state04","gender-race","female-multi",47170.37
"state05","gender-race","female-multi",21020.95
"state06","gender-race","female-multi",287021.05
"state08","gender-race","female-multi",40511.77
"state09","gender-race","female-multi",22218.6
"state10","gender-race","female-multi",10959.33
"state11","gender-race","female-multi",7269.99
"state12","gender-race","female-multi",111162.83
"state13","gender-race","female-multi",78512.87
"state15","gender-race","female-multi",104133.61
"state16","gender-race","female-multi",9774.4
"state17","gender-race","female-multi",59112.26
"state18","gender-race","female-multi",66265.41
"state19","gender-race","female-multi",11663.92
"state20","gender-race","female-multi",36066.52
"state21","gender-race","female-multi",23743.28
"state22","gender-race","female-multi",18401.06
"state23","gender-race","female-multi",6782.62
"state24","gender-race","female-multi",30328.85
"state25","gender-race","female-multi",39136.69
"state26","gender-race","female-multi",56065.94
"state27","gender-race","female-multi",39358.78
"state28","gender-race","female-multi",16276.83
"state29","gender-race","female-multi",53183.26
"state30","gender-race","female-multi",14734.33
"state31","gender-race","female-multi",15223.29
"state32","gender-race","female-multi",44373.51
"state33","gender-race","female-multi",2081.39
"state34","gender-race","female-multi",38060.53
"state35","gender-race","female-multi",8666.43
"state36","gender-race","female-multi",133135.01
"state37","gender-race","female-multi",64281.28
"state38","gender-race","female-multi",4069.02
"state39","gender-race","female-multi",60330.54
"state40","gender-race","female-multi",117260.14
"state41","gender-race","female-multi",51292.45
"state42","gender-race","female-multi",73664.96
"state44","gender-race","female-multi",7577.01
"state45","gender-race","female-multi",37569.17
"state46","gender-race","female-multi",2767.67
"state47","gender-race","female-multi",29640.77
"state48","gender-race","female-multi",148484.83
"state49","gender-race","female-multi",19941.21
"state51","gender-race","female-multi",79623.86
"state53","gender-race","female-multi",110767.75
"state01","race-parenthood","white-parent",570727.49
"state02","race-parenthood","white-parent",87053.8
"state04","race-parenthood","white-parent",619444.94
"state05","race-parenthood","white-parent",399039.62
"state06","race-parenthood","white-parent",2283011.59
"state08","race-parenthood","white-parent",679540.56
"state09","race-parenthood","white-parent",358132.13
"state10","race-parenthood","white-parent",100472.31
"state11","race-parenthood","white-parent",50568.78
"state12","race-parenthood","white-parent",1553755.13
"state13","race-parenthood","white-parent",1025985.12
"state15","race-parenthood","white-parent",38846.71
"state16","race-parenthood","white-parent",327776.19
"state17","race-parenthood","white-parent",1367448.59
"state18","race-parenthood","white-parent",1035748.29
"state19","race-parenthood","white-parent",468342.34
"state20","race-parenthood","white-parent",487786.54
"state21","race-parenthood","white-parent",781610.63
"state22","race-parenthood","white-parent",488309
"state23","race-parenthood","white-parent",228981.86
"state24","race-parenthood","white-parent",513620.73
"state25","race-parenthood","white-parent",877134.76
"state26","race-parenthood","white-parent",1291513.93
"state27","race-parenthood","white-parent",759338.67
"state28","race-parenthood","white-parent",337272.89
"state29","race-parenthood","white-parent",946680.12
"state30","race-parenthood","white-parent",195403.45
"state31","race-parenthood","white-parent",305473.78
"state32","race-parenthood","white-parent",229247.73
"state33","race-parenthood","white-parent",184051.25
"state34","race-parenthood","white-parent",790351.54
"state35","race-parenthood","white-parent",112830.72
"state36","race-parenthood","white-parent",1823133.76
"state37","race-parenthood","white-parent",1116497.97
"state38","race-parenthood","white-parent",142924.73
"state39","race-parenthood","white-parent",1568026.17
"state40","race-parenthood","white-parent",496438.53
"state41","race-parenthood","white-parent",489954.23
"state42","race-parenthood","white-parent",1636413.75
"state44","race-parenthood","white-parent",125880.94
"state45","race-parenthood","white-parent",679615.43
"state46","race-parenthood","white-parent",142091.31
"state47","race-parenthood","white-parent",988234.28
"state48","race-parenthood","white-parent",2243794.59
"state49","race-parenthood","white-parent",606507.75
"state50","race-parenthood","white-parent",110750.21
"state51","race-parenthood","white-parent",1018598.6
"state53","race-parenthood","white-parent",873675.68
"state54","race-parenthood","white-parent",294809.71
"state55","race-parenthood","white-parent",873374.83
"state56","race-parenthood","white-parent",107455.33
"state01","race-parenthood","black-parent",188461.64
"state04","race-parenthood","black-parent",76078.58
"state05","race-parenthood","black-parent",92024.8
"state06","race-parenthood","black-parent",351675.3
"state08","race-parenthood","black-parent",65174.78
"state09","race-parenthood","black-parent",58729.62
"state10","race-parenthood","black-parent",40080.71
"state11","race-parenthood","black-parent",36668.57
"state12","race-parenthood","black-parent",731821.38
"state13","race-parenthood","black-parent",599165.97
"state17","race-parenthood","black-parent",354129.27
"state18","race-parenthood","black-parent",129702.53
"state19","race-parenthood","black-parent",41844.06
"state20","race-parenthood","black-parent",27226.85
"state21","race-parenthood","black-parent",82513.83
"state22","race-parenthood","black-parent",266260.19
"state24","race-parenthood","black-parent",342894.42
"state25","race-parenthood","black-parent",142813.86
"state26","race-parenthood","black-parent",198406.86
"state27","race-parenthood","black-parent",80724.79
"state28","race-parenthood","black-parent",166717.91
"state29","race-parenthood","black-parent",113651.11
"state30","race-parenthood","black-parent",3627.28
"state31","race-parenthood","black-parent",12873.72
"state32","race-parenthood","black-parent",56279.47
"state34","race-parenthood","black-parent",168319.74
"state36","race-parenthood","black-parent",459009.07
"state37","race-parenthood","black-parent",422360.69
"state38","race-parenthood","black-parent",5931.37
"state39","race-parenthood","black-parent",229288.18
"state40","race-parenthood","black-parent",56434.63
"state41","race-parenthood","black-parent",11889.49
"state42","race-parenthood","black-parent",274324.95
"state44","race-parenthood","black-parent",20059
"state45","race-parenthood","black-parent",226143.58
"state47","race-parenthood","black-parent",195227.69
"state48","race-parenthood","black-parent",743984
"state49","race-parenthood","black-parent",16530.67
"state51","race-parenthood","black-parent",244095.6
"state53","race-parenthood","black-parent",65237
"state54","race-parenthood","black-parent",10288.66
"state55","race-parenthood","black-parent",58135.9
"state56","race-parenthood","black-parent",1799.1
"state01","race-parenthood","hispan-parent",77520.92
"state02","race-parenthood","hispan-parent",11154.14
"state04","race-parenthood","hispan-parent",549954.32
"state05","race-parenthood","hispan-parent",69257.23
"state06","race-parenthood","hispan-parent",3119792.86
"state08","race-parenthood","hispan-parent",354353.77
"state09","race-parenthood","hispan-parent",161547.77
"state10","race-parenthood","hispan-parent",32937.56
"state11","race-parenthood","hispan-parent",13203.53
"state12","race-parenthood","hispan-parent",1241196.9
"state13","race-parenthood","hispan-parent",311709.52
"state15","race-parenthood","hispan-parent",25112.56
"state16","race-parenthood","hispan-parent",64753.08
"state17","race-parenthood","hispan-parent",563148.91
"state18","race-parenthood","hispan-parent",165478.25
"state19","race-parenthood","hispan-parent",76650.62
"state20","race-parenthood","hispan-parent",75642.43
"state21","race-parenthood","hispan-parent",75110.01
"state22","race-parenthood","hispan-parent",86451.58
"state23","race-parenthood","hispan-parent",3950.96
"state24","race-parenthood","hispan-parent",204481.03
"state25","race-parenthood","hispan-parent",183928
"state26","race-parenthood","hispan-parent",150859.07
"state27","race-parenthood","hispan-parent",107387.96
"state28","race-parenthood","hispan-parent",40882.88
"state29","race-parenthood","hispan-parent",81801.18
"state30","race-parenthood","hispan-parent",8098.07
"state31","race-parenthood","hispan-parent",79069.96
"state32","race-parenthood","hispan-parent",234148.26
"state33","race-parenthood","hispan-parent",10473.71
"state34","race-parenthood","hispan-parent",393807.33
"state35","race-parenthood","hispan-parent",197316.18
"state36","race-parenthood","hispan-parent",717064.47
"state37","race-parenthood","hispan-parent",399802.15
"state38","race-parenthood","hispan-parent",7685.08
"state39","race-parenthood","hispan-parent",102745.06
"state40","race-parenthood","hispan-parent",117073.82
"state41","race-parenthood","hispan-parent",126470.41
"state42","race-parenthood","hispan-parent",215642.64
"state44","race-parenthood","hispan-parent",40846.39
"state45","race-parenthood","hispan-parent",96723.59
"state46","race-parenthood","hispan-parent",14716.43
"state47","race-parenthood","hispan-parent",142187.45
"state48","race-parenthood","hispan-parent",2529999.46
"state49","race-parenthood","hispan-parent",136371.3
"state51","race-parenthood","hispan-parent",259112.4
"state53","race-parenthood","hispan-parent",336303.19
"state54","race-parenthood","hispan-parent",9114.89
"state55","race-parenthood","hispan-parent",160040.68
"state56","race-parenthood","hispan-parent",9950.51
"state01","race-parenthood","asian-parent",41077.43
"state02","race-parenthood","asian-parent",11185.07
"state04","race-parenthood","asian-parent",135201.01
"state05","race-parenthood","asian-parent",14681.77
"state06","race-parenthood","asian-parent",1442738.5
"state08","race-parenthood","asian-parent",39832.47
"state09","race-parenthood","asian-parent",37858.43
"state10","race-parenthood","asian-parent",12723.47
"state11","race-parenthood","asian-parent",7026.93
"state12","race-parenthood","asian-parent",189585.08
"state13","race-parenthood","asian-parent",168461.2
"state15","race-parenthood","asian-parent",108457.79
"state16","race-parenthood","asian-parent",12722.78
"state17","race-parenthood","asian-parent",212350.58
"state18","race-parenthood","asian-parent",44298.12
"state19","race-parenthood","asian-parent",39512.36
"state20","race-parenthood","asian-parent",27026.87
"state21","race-parenthood","asian-parent",24212.37
"state22","race-parenthood","asian-parent",11543.84
"state24","race-parenthood","asian-parent",182549.77
"state25","race-parenthood","asian-parent",169885.49
"state26","race-parenthood","asian-parent",87094.94
"state27","race-parenthood","asian-parent",75933.81
"state29","race-parenthood","asian-parent",36367.05
"state31","race-parenthood","asian-parent",15012
"state32","race-parenthood","asian-parent",53251.69
"state33","race-parenthood","asian-parent",13867.65
"state34","race-parenthood","asian-parent",276532.56
"state36","race-parenthood","asian-parent",512693.28
"state37","race-parenthood","asian-parent",113665.11
"state38","race-parenthood","asian-parent",4198.62
"state39","race-parenthood","asian-parent",93655.5
"state40","race-parenthood","asian-parent",6240.13
"state41","race-parenthood","asian-parent",75778.81
"state42","race-parenthood","asian-parent",121075.56
"state44","race-parenthood","asian-parent",6354.48
"state45","race-parenthood","asian-parent",47920.57
"state47","race-parenthood","asian-parent",35162.19
"state48","race-parenthood","asian-parent",594870.66
"state49","race-parenthood","asian-parent",28653.69
"state51","race-parenthood","asian-parent",210100.4
"state53","race-parenthood","asian-parent",250097.03
"state54","race-parenthood","asian-parent",3326.86
"state55","race-parenthood","asian-parent",75360.06
"state01","race-parenthood","native-parent",9835.2
"state02","race-parenthood","native-parent",30941.08
"state04","race-parenthood","native-parent",17090.85
"state05","race-parenthood","native-parent",6010.39
"state06","race-parenthood","native-parent",21797.75
"state20","race-parenthood","native-parent",4459.85
"state26","race-parenthood","native-parent",13397.25
"state27","race-parenthood","native-parent",9314.98
"state29","race-parenthood","native-parent",4434.19
"state35","race-parenthood","native-parent",38481.34
"state37","race-parenthood","native-parent",35372.73
"state38","race-parenthood","native-parent",5844.12
"state40","race-parenthood","native-parent",59604.47
"state41","race-parenthood","native-parent",13631.94
"state46","race-parenthood","native-parent",6971.71
"state51","race-parenthood","native-parent",6833.16
"state53","race-parenthood","native-parent",28765.07
"state01","race-parenthood","multi-parent",5218.94
"state02","race-parenthood","multi-parent",10726.84
"state04","race-parenthood","multi-parent",16329.6
"state05","race-parenthood","multi-parent",6903.71
"state06","race-parenthood","multi-parent",107513.63
"state08","race-parenthood","multi-parent",17254.07
"state11","race-parenthood","multi-parent",2698.98
"state12","race-parenthood","multi-parent",49740.19
"state13","race-parenthood","multi-parent",42114.55
"state15","race-parenthood","multi-parent",56026.43
"state17","race-parenthood","multi-parent",38618.9
"state18","race-parenthood","multi-parent",20895.53
"state19","race-parenthood","multi-parent",5451.12
"state20","race-parenthood","multi-parent",8494.74
"state21","race-parenthood","multi-parent",16428.42
"state22","race-parenthood","multi-parent",6069.51
"state23","race-parenthood","multi-parent",3284.36
"state24","race-parenthood","multi-parent",27367.48
"state25","race-parenthood","multi-parent",24637.43
"state26","race-parenthood","multi-parent",13258.04
"state27","race-parenthood","multi-parent",15672.83
"state28","race-parenthood","multi-parent",5053.2
"state30","race-parenthood","multi-parent",6417.03
"state34","race-parenthood","multi-parent",3714.08
"state35","race-parenthood","multi-parent",9931.25
"state36","race-parenthood","multi-parent",63906.3
"state37","race-parenthood","multi-parent",25443.5
"state38","race-parenthood","multi-parent",3258.06
"state39","race-parenthood","multi-parent",31471.75
"state40","race-parenthood","multi-parent",63686.37
"state41","race-parenthood","multi-parent",26857.3
"state42","race-parenthood","multi-parent",40116.73
"state45","race-parenthood","multi-parent",11637.07
"state47","race-parenthood","multi-parent",6408.7
"state48","race-parenthood","multi-parent",39761.26
"state49","race-parenthood","multi-parent",18976.99
"state51","race-parenthood","multi-parent",29996.93
"state53","race-parenthood","multi-parent",77353.31
"state54","race-parenthood","multi-parent",3417.06
"state01","race-parenthood","white-non-parent",1764197.42
"state02","race-parenthood","white-non-parent",218518.95
"state04","race-parenthood","white-non-parent",2233909.22
"state05","race-parenthood","white-non-parent",1156302.56
"state06","race-parenthood","white-non-parent",7962143.19
"state08","race-parenthood","white-non-parent",2121805.09
"state09","race-parenthood","white-non-parent",1312040
"state10","race-parenthood","white-non-parent",344987.81
"state11","race-parenthood","white-non-parent",187039.53
"state12","race-parenthood","white-non-parent",7486163.4
"state13","race-parenthood","white-non-parent",2813068.11
"state15","race-parenthood","white-non-parent",145578.06
"state16","race-parenthood","white-non-parent",774771.8
"state17","race-parenthood","white-non-parent",3951450.02
"state18","race-parenthood","white-non-parent",2561622.73
"state19","race-parenthood","white-non-parent",1426162.9
"state20","race-parenthood","white-non-parent",1099937.54
"state21","race-parenthood","white-non-parent",1922260.77
"state22","race-parenthood","white-non-parent",1346348.68
"state23","race-parenthood","white-non-parent",764478.63
"state24","race-parenthood","white-non-parent",1618108.48
"state25","race-parenthood","white-non-parent",2593394.41
"state26","race-parenthood","white-non-parent",4065442.92
"state27","race-parenthood","white-non-parent",2546125.24
"state28","race-parenthood","white-non-parent",865157.32
"state29","race-parenthood","white-non-parent",2479636.9
"state30","race-parenthood","white-non-parent",574221.9
"state31","race-parenthood","white-non-parent",773076.43
"state32","race-parenthood","white-non-parent",917250.23
"state33","race-parenthood","white-non-parent",720729.3
"state34","race-parenthood","white-non-parent",2757313.11
"state35","race-parenthood","white-non-parent",480610.5
"state36","race-parenthood","white-non-parent",5792423.11
"state37","race-parenthood","white-non-parent",3549612.23
"state38","race-parenthood","white-non-parent",336723.04
"state39","race-parenthood","white-non-parent",4781341.3
"state40","race-parenthood","white-non-parent",1285413.82
"state41","race-parenthood","white-non-parent",1890998.57
"state42","race-parenthood","white-non-parent",5323348.06
"state44","race-parenthood","white-non-parent",471415.4
"state45","race-parenthood","white-non-parent",1848212.64
"state46","race-parenthood","white-non-parent",427146.96
"state47","race-parenthood","white-non-parent",2669976.02
"state48","race-parenthood","white-non-parent",6636987.32
"state49","race-parenthood","white-non-parent",1229166.12
"state50","race-parenthood","white-non-parent",343247.76
"state51","race-parenthood","white-non-parent",2589239.44
"state53","race-parenthood","white-non-parent",2850996.18
"state54","race-parenthood","white-non-parent",858503.65
"state55","race-parenthood","white-non-parent",2709978.39
"state56","race-parenthood","white-non-parent",260277.57
"state01","race-parenthood","black-non-parent",695390.27
"state02","race-parenthood","black-non-parent",7091.02
"state04","race-parenthood","black-non-parent",208187.78
"state05","race-parenthood","black-non-parent",212310.99
"state06","race-parenthood","black-non-parent",1046165.13
"state08","race-parenthood","black-non-parent",76183.26
"state09","race-parenthood","black-non-parent",205193.89
"state10","race-parenthood","black-non-parent",121245
"state11","race-parenthood","black-non-parent",167791.63
"state12","race-parenthood","black-non-parent",1681382.31
"state13","race-parenthood","black-non-parent",1666416.67
"state16","race-parenthood","black-non-parent",7980.64
"state17","race-parenthood","black-non-parent",851274.25
"state18","race-parenthood","black-non-parent",375110.81
"state19","race-parenthood","black-non-parent",52592.85
"state20","race-parenthood","black-non-parent",94663.14
"state21","race-parenthood","black-non-parent",137708.13
"state22","race-parenthood","black-non-parent",661215.51
"state23","race-parenthood","black-non-parent",25512.91
"state24","race-parenthood","black-non-parent",913372.23
"state25","race-parenthood","black-non-parent",297461.1
"state26","race-parenthood","black-non-parent",663103.09
"state27","race-parenthood","black-non-parent",225108.13
"state28","race-parenthood","black-non-parent",534436.33
"state29","race-parenthood","black-non-parent",386394.72
"state31","race-parenthood","black-non-parent",49023.3
"state32","race-parenthood","black-non-parent",127920.02
"state33","race-parenthood","black-non-parent",6755.89
"state34","race-parenthood","black-non-parent",601183.11
"state35","race-parenthood","black-non-parent",33640.39
"state36","race-parenthood","black-non-parent",1434884.13
"state37","race-parenthood","black-non-parent",1166430.72
"state38","race-parenthood","black-non-parent",10782.88
"state39","race-parenthood","black-non-parent",716275
"state40","race-parenthood","black-non-parent",135266.51
"state41","race-parenthood","black-non-parent",39712.73
"state42","race-parenthood","black-non-parent",689275.09
"state44","race-parenthood","black-non-parent",38800.33
"state45","race-parenthood","black-non-parent",648799.18
"state46","race-parenthood","black-non-parent",9878.5
"state47","race-parenthood","black-non-parent",550455.1
"state48","race-parenthood","black-non-parent",1885013.68
"state49","race-parenthood","black-non-parent",18339.04
"state50","race-parenthood","black-non-parent",4649.29
"state51","race-parenthood","black-non-parent",897213.49
"state53","race-parenthood","black-non-parent",136099.21
"state54","race-parenthood","black-non-parent",26311.01
"state55","race-parenthood","black-non-parent",163035.44
"state01","race-parenthood","hispan-non-parent",88000.3
"state02","race-parenthood","hispan-non-parent",19881.93
"state04","race-parenthood","hispan-non-parent",1106125.44
"state05","race-parenthood","hispan-non-parent",88109.98
"state06","race-parenthood","hispan-non-parent",6443542.05
"state08","race-parenthood","hispan-non-parent",705321.95
"state09","race-parenthood","hispan-non-parent",298402.8
"state10","race-parenthood","hispan-non-parent",43836.85
"state11","race-parenthood","hispan-non-parent",37873.46
"state12","race-parenthood","hispan-non-parent",3214314.27
"state13","race-parenthood","hispan-non-parent",518572.93
"state15","race-parenthood","hispan-non-parent",60636.11
"state16","race-parenthood","hispan-non-parent",112310.12
"state17","race-parenthood","hispan-non-parent",935957.2
"state18","race-parenthood","hispan-non-parent",226455.79
"state19","race-parenthood","hispan-non-parent",112287.23
"state20","race-parenthood","hispan-non-parent",154834.96
"state21","race-parenthood","hispan-non-parent",93047.27
"state22","race-parenthood","hispan-non-parent",170424.07
"state23","race-parenthood","hispan-non-parent",6086.62
"state24","race-parenthood","hispan-non-parent",270586.4
"state25","race-parenthood","hispan-non-parent",433219.34
"state26","race-parenthood","hispan-non-parent",284738.23
"state27","race-parenthood","hispan-non-parent",117085.82
"state28","race-parenthood","hispan-non-parent",55387.83
"state29","race-parenthood","hispan-non-parent",153864.25
"state30","race-parenthood","hispan-non-parent",16091.87
"state31","race-parenthood","hispan-non-parent",87766.83
"state32","race-parenthood","hispan-non-parent",421336
"state33","race-parenthood","hispan-non-parent",32363.49
"state34","race-parenthood","hispan-non-parent",684255.56
"state35","race-parenthood","hispan-non-parent",478975.07
"state36","race-parenthood","hispan-non-parent",1755576.04
"state37","race-parenthood","hispan-non-parent",557659.06
"state38","race-parenthood","hispan-non-parent",14491.47
"state39","race-parenthood","hispan-non-parent",197797.96
"state40","race-parenthood","hispan-non-parent",218079.98
"state41","race-parenthood","hispan-non-parent",226378.33
"state42","race-parenthood","hispan-non-parent",467532.21
"state44","race-parenthood","hispan-non-parent",65387.42
"state45","race-parenthood","hispan-non-parent",249881.3
"state46","race-parenthood","hispan-non-parent",11034.98
"state47","race-parenthood","hispan-non-parent",256600
"state48","race-parenthood","hispan-non-parent",4902807.92
"state49","race-parenthood","hispan-non-parent",194471.39
"state51","race-parenthood","hispan-non-parent",415178.42
"state53","race-parenthood","hispan-non-parent",505056.29
"state54","race-parenthood","hispan-non-parent",12997.56
"state55","race-parenthood","hispan-non-parent",151365.3
"state56","race-parenthood","hispan-non-parent",22601.47
"state01","race-parenthood","asian-non-parent",43730.3
"state02","race-parenthood","asian-non-parent",21550.42
"state04","race-parenthood","asian-non-parent",175054.66
"state05","race-parenthood","asian-non-parent",18152.01
"state06","race-parenthood","asian-non-parent",3384625.29
"state08","race-parenthood","asian-non-parent",103463.9
"state09","race-parenthood","asian-non-parent",52446.53
"state10","race-parenthood","asian-non-parent",25214.06
"state11","race-parenthood","asian-non-parent",28399.2
"state12","race-parenthood","asian-non-parent",329621.85
"state13","race-parenthood","asian-non-parent",248878.23
"state15","race-parenthood","asian-non-parent",369987.55
"state16","race-parenthood","asian-non-parent",17389.88
"state17","race-parenthood","asian-non-parent",431575.74
"state18","race-parenthood","asian-non-parent",89010.22
"state19","race-parenthood","asian-non-parent",43716.99
"state20","race-parenthood","asian-non-parent",53163.59
"state21","race-parenthood","asian-non-parent",4757.14
"state22","race-parenthood","asian-non-parent",45111.91
"state23","race-parenthood","asian-non-parent",13020.8
"state24","race-parenthood","asian-non-parent",293043.9
"state25","race-parenthood","asian-non-parent",252075.85
"state26","race-parenthood","asian-non-parent",172058.96
"state27","race-parenthood","asian-non-parent",93584.11
"state28","race-parenthood","asian-non-parent",11425.86
"state29","race-parenthood","asian-non-parent",66281.26
"state31","race-parenthood","asian-non-parent",23457.87
"state32","race-parenthood","asian-non-parent",164021.31
"state33","race-parenthood","asian-non-parent",14309.4
"state34","race-parenthood","asian-non-parent",599869.34
"state35","race-parenthood","asian-non-parent",24381.24
"state36","race-parenthood","asian-non-parent",890471.99
"state37","race-parenthood","asian-non-parent",145732.55
"state38","race-parenthood","asian-non-parent",4910.26
"state39","race-parenthood","asian-non-parent",178616.07
"state40","race-parenthood","asian-non-parent",57944.14
"state41","race-parenthood","asian-non-parent",95608.33
"state42","race-parenthood","asian-non-parent",287393.79
"state44","race-parenthood","asian-non-parent",20561.6
"state45","race-parenthood","asian-non-parent",48285.44
"state46","race-parenthood","asian-non-parent",5090.77
"state47","race-parenthood","asian-non-parent",95431.43
"state48","race-parenthood","asian-non-parent",844208.5
"state49","race-parenthood","asian-non-parent",38093.23
"state50","race-parenthood","asian-non-parent",9932.99
"state51","race-parenthood","asian-non-parent",267296.44
"state53","race-parenthood","asian-non-parent",361396.63
"state54","race-parenthood","asian-non-parent",7901.35
"state55","race-parenthood","asian-non-parent",70284.63
"state56","race-parenthood","asian-non-parent",4031.29
"state02","race-parenthood","native-non-parent",52767.7
"state04","race-parenthood","native-non-parent",97142.56
"state06","race-parenthood","native-non-parent",88816.21
"state08","race-parenthood","native-non-parent",22773.17
"state09","race-parenthood","native-non-parent",1433.64
"state12","race-parenthood","native-non-parent",28861.7
"state13","race-parenthood","native-non-parent",41172.07
"state20","race-parenthood","native-non-parent",17320.24
"state22","race-parenthood","native-non-parent",25300.15
"state25","race-parenthood","native-non-parent",10198.51
"state26","race-parenthood","native-non-parent",27937.52
"state27","race-parenthood","native-non-parent",43338.15
"state29","race-parenthood","native-non-parent",22180.22
"state30","race-parenthood","native-non-parent",11981.53
"state31","race-parenthood","native-non-parent",6300.51
"state35","race-parenthood","native-non-parent",106637.26
"state37","race-parenthood","native-non-parent",88044.73
"state40","race-parenthood","native-non-parent",140815.5
"state41","race-parenthood","native-non-parent",26516.5
"state42","race-parenthood","native-non-parent",12108.79
"state45","race-parenthood","native-non-parent",10058.06
"state46","race-parenthood","native-non-parent",24550.85
"state47","race-parenthood","native-non-parent",23266.76
"state48","race-parenthood","native-non-parent",45002.79
"state51","race-parenthood","native-non-parent",24828.01
"state53","race-parenthood","native-non-parent",118009.86
"state55","race-parenthood","native-non-parent",24324.15
"state01","race-parenthood","multi-non-parent",28587.1
"state02","race-parenthood","multi-non-parent",24201.65
"state04","race-parenthood","multi-non-parent",74110.98
"state05","race-parenthood","multi-non-parent",27454.85
"state06","race-parenthood","multi-non-parent",416891.51
"state08","race-parenthood","multi-non-parent",55432.63
"state09","race-parenthood","multi-non-parent",37861.81
"state10","race-parenthood","multi-non-parent",10397.16
"state11","race-parenthood","multi-non-parent",7241.48
"state12","race-parenthood","multi-non-parent",123219.6
"state13","race-parenthood","multi-non-parent",63946.32
"state15","race-parenthood","multi-non-parent",129729.58
"state16","race-parenthood","multi-non-parent",17964.67
"state17","race-parenthood","multi-non-parent",72847.3
"state18","race-parenthood","multi-non-parent",79001.19
"state20","race-parenthood","multi-non-parent",40401.57
"state21","race-parenthood","multi-non-parent",32291.01
"state22","race-parenthood","multi-non-parent",25748.36
"state23","race-parenthood","multi-non-parent",8690.17
"state24","race-parenthood","multi-non-parent",32967.76
"state25","race-parenthood","multi-non-parent",37480.4
"state26","race-parenthood","multi-non-parent",89741.88
"state27","race-parenthood","multi-non-parent",52654.39
"state28","race-parenthood","multi-non-parent",14059.87
"state29","race-parenthood","multi-non-parent",70209.25
"state30","race-parenthood","multi-non-parent",19648.02
"state31","race-parenthood","multi-non-parent",12782.19
"state32","race-parenthood","multi-non-parent",56777.18
"state33","race-parenthood","multi-non-parent",8294.13
"state34","race-parenthood","multi-non-parent",53381.45
"state35","race-parenthood","multi-non-parent",3648.38
"state36","race-parenthood","multi-non-parent",167209.6
"state37","race-parenthood","multi-non-parent",108504.25
"state38","race-parenthood","multi-non-parent",5150.5
"state39","race-parenthood","multi-non-parent",104395.49
"state40","race-parenthood","multi-non-parent",149199.31
"state41","race-parenthood","multi-non-parent",69509.66
"state42","race-parenthood","multi-non-parent",95055.62
"state44","race-parenthood","multi-non-parent",10206.63
"state45","race-parenthood","multi-non-parent",41313.72
"state46","race-parenthood","multi-non-parent",3551.03
"state47","race-parenthood","multi-non-parent",51264.4
"state48","race-parenthood","multi-non-parent",196817.82
"state49","race-parenthood","multi-non-parent",17847.15
"state51","race-parenthood","multi-non-parent",121338.43
"state53","race-parenthood","multi-non-parent",111296.6
"state55","race-parenthood","multi-non-parent",49808.35
"national","gender","male",129275328.39
"national","gender","female",135436407.99
"national","gender-parenthood","male-parent",28619057.98
"national","gender-parenthood","male-non-parent",88317611.3
"national","gender-parenthood","female-parent",35063242.86
"national","gender-parenthood","female-non-parent",82971678.16
"national","gender-race","male-white",77947772.36
"national","gender-race","male-black",14689573.98
"national","gender-race","male-hispan",24521019.56
"national","gender-race","male-asian",9124509.69
"national","gender-race","male-native",922217.4
"national","gender-race","male-multi",2070235.4
"national","gender-race","female-white",80582263.51
"national","gender-race","female-black",17165362.13
"national","gender-race","female-hispan",24287308.81
"national","gender-race","female-asian",10013237.25
"national","gender-race","female-native",1046214.57
"national","gender-race","female-multi",2342021.72
"national","race-parenthood","white-parent",34833678.99
"national","race-parenthood","black-parent",7498332.25
"national","race-parenthood","hispan-parent",14193984.99
"national","race-parenthood","asian-parent",5702429.36
"national","race-parenthood","native-parent",422385.15
"national","race-parenthood","multi-parent",1031490.1
"national","race-parenthood","white-non-parent",107838860.73
"national","race-parenthood","black-non-parent",20720528.77
"national","race-parenthood","hispan-non-parent",27701466.96
"national","race-parenthood","asian-non-parent",10652015.37
"national","race-parenthood","native-non-parent",1300900.53
"national","race-parenthood","multi-non-parent",3075517.1
"state01","gender-race","female-other",419195.61
"state01","gender-race","male-other",552870.61
"state01","race-parenthood","other-non-parent",422784.9
"state01","race-parenthood","other-parent",250543.36
"state02","gender-race","female-other",143147.29
"state02","gender-race","male-other",158228.313290841
"state02","race-parenthood","other-non-parent",182471.01
"state02","race-parenthood","other-parent",137803.26
"state04","gender-race","female-other",674558.09
"state04","gender-race","male-other",1533405.32
"state04","race-parenthood","other-non-parent",1505429.94
"state04","race-parenthood","other-parent",396496.55
"state05","gender-race","female-other",238747.82
"state05","gender-race","male-other",762255.26
"state05","race-parenthood","other-non-parent",734544.19
"state05","race-parenthood","other-parent",106386.55
"state06","gender-race","female-other",807361.648892124
"state06","gender-race","male-other",2489593.26479819
"state06","race-parenthood","other-non-parent",783997.71
"state06","race-parenthood","other-parent",2227493.59568426
"state08","gender-race","female-other",631446.62
"state08","gender-race","male-other",1458980.16
"state08","race-parenthood","other-non-parent",1213324.46
"state08","race-parenthood","other-parent",389321.1
"state09","gender-race","female-native",5939.31300676767
"state09","gender-race","female-other",556643.62
"state09","gender-race","male-other",604516.42
"state09","race-parenthood","other-non-parent",428700.12
"state09","race-parenthood","other-parent",436750.62
"state10","gender-race","female-other",213520.72
"state10","gender-race","male-other",261330.68
"state10","race-parenthood","other-non-parent",178278.44
"state10","race-parenthood","other-parent",169483.17
"state11","gender-race","female-other",211357.931567739
"state11","gender-race","male-other",349123.999144188
"state11","race-parenthood","other-non-parent",543916.382540989
"state11","race-parenthood","other-parent",85046.01
"state12","gender-race","female-other",1179980.31919957
"state12","gender-race","male-other",4080282.2
"state12","race-parenthood","native-parent",3465.70948170027
"state12","race-parenthood","other-non-parent",2715916.45
"state12","race-parenthood","other-parent",1406566.66
"state13","gender-race","female-other",1261656.4
"state13","gender-race","male-other",1867111.37
"state13","race-parenthood","other-non-parent",1665879.69
"state13","race-parenthood","other-parent",669420.99301919
"state15","gender-race","female-other",151364.7
"state15","gender-race","male-other",291928.58
"state15","race-parenthood","other-non-parent",218335.92
"state15","race-parenthood","other-parent",112896.384895175
"state16","gender-race","female-other",214971.819999411
"state16","gender-race","male-other",266662.03
"state16","race-parenthood","other-non-parent",94553.02
"state16","race-parenthood","other-parent",238329.091952604
"state17","gender-race","female-native",15664.1809007189
"state17","gender-race","female-other",1161538.61
"state17","gender-race","male-other",2026526.11
"state17","race-parenthood","native-non-parent",15664.1809007189
"state17","race-parenthood","other-non-parent",1820337.13
"state17","race-parenthood","other-parent",852182.575717651
"state18","gender-race","female-other",810552.81
"state18","gender-race","male-other",560755.07280766
"state18","race-parenthood","native-parent",2590.85334900986
"state18","race-parenthood","other-non-parent",616268.85
"state18","race-parenthood","other-parent",618707.140974116
"state19","gender-race","female-other",275112.15
"state19","gender-race","male-other",864366.86
"state19","race-parenthood","other-non-parent",844959
"state19","race-parenthood","other-parent",266308.108582251
"state20","gender-race","female-other",238851.81
"state20","gender-race","male-other",578416.26
"state20","race-parenthood","other-non-parent",746161.55
"state20","race-parenthood","other-parent",257803.695514321
"state21","gender-race","female-other",370216.488334102
"state21","gender-race","male-other",1364695.23
"state21","race-parenthood","native-non-parent",3697.02273358411
"state21","race-parenthood","other-non-parent",1132308.25
"state21","race-parenthood","other-parent",731380.146855847
"state22","gender-race","female-other",371085.35
"state22","gender-race","male-other",1110681.95
"state22","race-parenthood","other-non-parent",898098.4
"state22","race-parenthood","other-parent",343107.65
"state23","gender-race","female-other",52927.87
"state23","gender-race","male-other",165014.99
"state23","race-parenthood","black-parent",6747.18794038192
"state23","race-parenthood","other-non-parent",53310.5
"state23","race-parenthood","other-parent",114174.84
"state24","gender-race","female-other",974690.638261858
"state24","gender-race","male-other",1917629.82
"state24","race-parenthood","other-non-parent",1852952.15
"state24","race-parenthood","other-parent",796021.29
"state25","gender-race","female-other",731288.79
"state25","gender-race","male-other",914434.63
"state25","race-parenthood","other-non-parent",867433.92
"state25","race-parenthood","other-parent",546846.49
"state26","gender-race","female-other",1090993.53
"state26","gender-race","male-other",824536.81
"state26","race-parenthood","other-non-parent",1064651.01
"state26","race-parenthood","other-parent",690454.344529383
"state27","gender-race","female-other",567478.001137582
"state27","gender-race","male-other",1409570.02
"state27","race-parenthood","other-non-parent",1568357.95
"state27","race-parenthood","other-parent",675781.561302271
"state28","gender-race","female-other",284019.251024658
"state28","gender-race","male-other",477466.29
"state28","race-parenthood","other-non-parent",281202.03
"state28","race-parenthood","other-parent",279592.967131043
"state29","gender-race","female-other",666531.61
"state29","gender-race","male-other",549819.55
"state29","race-parenthood","other-non-parent",518563.93
"state29","race-parenthood","other-parent",223043.424889799
"state30","gender-race","female-other",56627.78
"state30","gender-race","male-other",308524.68
"state30","race-parenthood","other-non-parent",327764.5
"state30","race-parenthood","other-parent",21133.3309089715
"state31","gender-race","female-other",304806.935650901
"state31","gender-race","male-other",499953.3
"state31","race-parenthood","other-non-parent",562088.81
"state31","race-parenthood","other-parent",327855.04504647
"state32","gender-race","female-other",402046.04
"state32","gender-race","male-other",1000852.98
"state32","race-parenthood","other-non-parent",840291.32
"state32","race-parenthood","other-parent",410415.85
"state33","gender-race","female-other",124358.150444969
"state33","gender-race","male-other",251501.250032263
"state33","race-parenthood","other-non-parent",251501.250032263
"state33","race-parenthood","other-parent",174743.883691686
"state34","gender-race","female-other",845710.19
"state34","gender-race","male-other",2179145.46
"state34","race-parenthood","other-non-parent",2007004.92
"state34","race-parenthood","other-parent",709239.27
"state35","gender-race","female-other",401392.703581755
"state35","gender-race","male-other",701770.59
"state35","race-parenthood","other-non-parent",634607.91
"state35","race-parenthood","other-parent",333790.846259547
"state36","gender-race","female-other",1205996.16
"state36","gender-race","male-other",1922724.19
"state36","race-parenthood","other-non-parent",1263595.21
"state36","race-parenthood","other-parent",962936.08
"state37","gender-race","female-other",887062.7
"state37","gender-race","male-other",2823208.67
"state37","race-parenthood","other-non-parent",2843502.6
"state37","race-parenthood","other-parent",770847.81076037
"state38","gender-race","female-other",161608.244376042
"state38","gender-race","male-other",216233.568565221
"state38","race-parenthood","other-non-parent",216233.568565221
"state38","race-parenthood","other-parent",132606.731669528
"state39","gender-race","female-other",527269.04
"state39","gender-race","male-other",1124869.82
"state39","race-parenthood","other-non-parent",711925.35
"state39","race-parenthood","other-parent",1019647.61067856
"state40","gender-race","female-other",545352.81
"state40","gender-race","male-other",866329.606641087
"state40","race-parenthood","other-non-parent",1012323.3
"state40","race-parenthood","other-parent",356691.304598653
"state41","gender-race","female-other",663860.58395283
"state41","gender-race","male-other",431466.739712959
"state41","race-parenthood","other-non-parent",390714.207222254
"state41","race-parenthood","other-parent",717870.890282196
"state42","gender-race","female-other",1316697.51
"state42","gender-race","male-other",1439828.28
"state42","race-parenthood","other-non-parent",1444201.09
"state42","race-parenthood","other-parent",898854.380851759
"state44","gender-race","female-other",341496.350698572
"state44","gender-race","male-other",334525.66
"state44","race-parenthood","other-non-parent",360816.07
"state44","race-parenthood","other-parent",127508.08
"state45","gender-race","female-other",690509.1
"state45","gender-race","male-other",739402.78
"state45","race-parenthood","other-non-parent",898680.48
"state45","race-parenthood","other-parent",420261.826249128
"state46","gender-race","female-other",53291.17
"state46","gender-race","male-other",315759.09
"state46","race-parenthood","other-non-parent",245230.03
"state46","race-parenthood","other-parent",93298.8919521879
"state47","gender-race","female-other",561289.07
"state47","gender-race","male-other",620079.58
"state47","race-parenthood","other-non-parent",533881.75
"state47","race-parenthood","other-parent",402793.685717629
"state48","gender-race","female-other",2547520.62465724
"state48","gender-race","male-other",2724424.2477023
"state48","race-parenthood","native-parent",9839.28790136055
"state48","race-parenthood","other-non-parent",1628192.20765703
"state48","race-parenthood","other-parent",3789945.61837619
"state49","gender-race","female-other",337690.241438102
"state49","gender-race","male-other",297324.56
"state49","race-parenthood","other-non-parent",289289.580719017
"state49","race-parenthood","other-parent",337690.241438102
"state50","gender-race","female-other",181503.786608438
"state50","gender-race","male-other",82349.024985343
"state50","race-parenthood","other-non-parent",181503.786608438
"state50","race-parenthood","other-parent",49420.8226780329
"state51","gender-race","female-other",1288471.09443104
"state51","gender-race","male-other",819514.36
"state51","race-parenthood","other-non-parent",965306.25
"state51","race-parenthood","other-parent",1060013.04595022
"state53","gender-race","female-other",842313.33
"state53","gender-race","male-other",950399.21
"state53","race-parenthood","other-non-parent",861454.16
"state53","race-parenthood","other-parent",831890.316221662
"state54","gender-race","female-other",113234.024659159
"state54","gender-race","male-other",541159.640655158
"state54","race-parenthood","other-non-parent",541159.640655158
"state54","race-parenthood","other-parent",141314.475030889
"state55","gender-race","female-other",547139.860812282
"state55","gender-race","male-other",561456.81
"state55","race-parenthood","multi-parent",2735.48890661534
"state55","race-parenthood","other-non-parent",279788.205692371
"state55","race-parenthood","other-parent",547139.860812282
"state56","gender-race","female-other",62344.5213930329
"state56","gender-race","male-other",161283.45
"state56","race-parenthood","other-non-parent",158046.15
"state56","race-parenthood","other-parent",126658.147529367
