expected_path,role,source,source_url,requirement,status,source_version,extraction_date,bytes,sha256,access_instructions,date_basis,source_periods,checksum_status,provenance_basis,publisher_version_status,github_inclusion,checksum_verified_utc
data/IPUMS Pulls/cps_00453.xml,Monthly CPS extract definition,Monthly CPS via IPUMS,https://cps.ipums.org/cps/,Raw preprocessing; extract ID referenced by recovered code; actual source vintage needs verification,EXTERNAL_AVAILABLE,IPUMS extract cps_00453; DDI production/version date 2026-09-14; exact file identity in sha256 when verified,2026-09-14,303331,c7035e2bb666bf203f5e5050294a57827ef578a8632cbec2ba88055a7951770e,Use a registered IPUMS account at https://cps.ipums.org/cps/; select the samples/variables in docs/source_extracts.json and match the preserved DDI record structure. Download the paired XML and dat.gz. New extract IDs/updated publisher data may differ; update code paths together. Obtain the exact archived input through the project owner's authorized storage; compare the recorded SHA-256. Keep records external to GitHub.,DDI production/version date; actual download timestamp not recorded,1990-01 through 2026-08; 439 requested months; 2025-10 absent; exact list in docs/source_extracts.json,VERIFIED_EXTERNAL_FILE,Owner confirmed on 2026-10-05 that this working-folder input set produced the supplied app_data and that no inputs are elsewhere; original run/code revision not independently verified,EXTRACT_VERSION_DATE_VERIFIED,NO,2026-10-05T20:42:24.929084+00:00
data/IPUMS Pulls/cps_00453.dat.gz,Monthly CPS extract payload,Monthly CPS via IPUMS,https://cps.ipums.org/cps/,Raw preprocessing; extract ID referenced by recovered code; actual source vintage needs verification,EXTERNAL_AVAILABLE,IPUMS extract cps_00453; DDI production/version date 2026-09-14; exact file identity in sha256 when verified,2026-09-14,1655320325,9614b0f8f2023e2ade71cb59f1bec347391648448c37b61afe80aa9f6254175d,Use a registered IPUMS account at https://cps.ipums.org/cps/; select the samples/variables in docs/source_extracts.json and match the preserved DDI record structure. Download the paired XML and dat.gz. New extract IDs/updated publisher data may differ; update code paths together. Obtain the exact archived input through the project owner's authorized storage; compare the recorded SHA-256. Keep records external to GitHub.,DDI production/version date; actual download timestamp not recorded,1990-01 through 2026-08; 439 requested months; 2025-10 absent; exact list in docs/source_extracts.json,VERIFIED_EXTERNAL_FILE,Owner confirmed on 2026-10-05 that this working-folder input set produced the supplied app_data and that no inputs are elsewhere; original run/code revision not independently verified,EXTRACT_VERSION_DATE_VERIFIED,NO,2026-10-06T00:03:39.241286+00:00
data/IPUMS Pulls/cps_00452.xml,CPS ASEC extract definition,CPS ASEC via IPUMS,https://cps.ipums.org/cps/,Raw preprocessing; extract ID referenced by recovered code; actual source vintage needs verification,EXTERNAL_AVAILABLE,IPUMS extract cps_00452; DDI production/version date 2026-09-14; exact file identity in sha256 when verified,2026-09-14,182899,1cd654d4287bacd1975662bc1ca699f0e6114813109929a6726fcddf27ad226e,Use a registered IPUMS account at https://cps.ipums.org/cps/; select the samples/variables in docs/source_extracts.json and match the preserved DDI record structure. Download the paired XML and dat.gz. New extract IDs/updated publisher data may differ; update code paths together. Obtain the exact archived input through the project owner's authorized storage; compare the recorded SHA-256. Keep records external to GitHub.,DDI production/version date; actual download timestamp not recorded,1990-03;1991-03;1992-03;1993-03;1994-03;1995-03;1996-03;1997-03;1998-03;1999-03;2000-03;2001-03;2002-03;2003-03;2004-03;2005-03;2006-03;2007-03;2008-03;2009-03;2010-03;2011-03;2012-03;2013-03;2014-03;2015-03;2016-03;2017-03;2018-03;2019-03;2020-03;2021-03;2022-03;2023-03;2024-03;2025-03,VERIFIED_EXTERNAL_FILE,Owner confirmed on 2026-10-05 that this working-folder input set produced the supplied app_data and that no inputs are elsewhere; original run/code revision not independently verified,EXTRACT_VERSION_DATE_VERIFIED,NO,2026-10-05T21:18:38.748154+00:00
data/IPUMS Pulls/cps_00452.dat.gz,CPS ASEC extract payload,CPS ASEC via IPUMS,https://cps.ipums.org/cps/,Raw preprocessing; extract ID referenced by recovered code; actual source vintage needs verification,EXTERNAL_AVAILABLE,IPUMS extract cps_00452; DDI production/version date 2026-09-14; exact file identity in sha256 when verified,2026-09-14,148128784,cc5e9cc193a56665f61f79704043b06211927b90b717c8f1b268a82a9aee58c0,Use a registered IPUMS account at https://cps.ipums.org/cps/; select the samples/variables in docs/source_extracts.json and match the preserved DDI record structure. Download the paired XML and dat.gz. New extract IDs/updated publisher data may differ; update code paths together. Obtain the exact archived input through the project owner's authorized storage; compare the recorded SHA-256. Keep records external to GitHub.,DDI production/version date; actual download timestamp not recorded,1990-03;1991-03;1992-03;1993-03;1994-03;1995-03;1996-03;1997-03;1998-03;1999-03;2000-03;2001-03;2002-03;2003-03;2004-03;2005-03;2006-03;2007-03;2008-03;2009-03;2010-03;2011-03;2012-03;2013-03;2014-03;2015-03;2016-03;2017-03;2018-03;2019-03;2020-03;2021-03;2022-03;2023-03;2024-03;2025-03,VERIFIED_EXTERNAL_FILE,Owner confirmed on 2026-10-05 that this working-folder input set produced the supplied app_data and that no inputs are elsewhere; original run/code revision not independently verified,EXTRACT_VERSION_DATE_VERIFIED,NO,2026-10-05T21:43:26.216335+00:00
data/IPUMS Pulls/atus_00035.xml,ATUS extract definition,ATUS via IPUMS,https://www.atusdata.org/atus/,Raw preprocessing; extract ID referenced by recovered code; actual source vintage needs verification,EXTERNAL_AVAILABLE,IPUMS extract atus_00035; DDI production/version date 2026-07-20; exact file identity in sha256 when verified,2026-07-20,158770,44c4c9804e1e0e28e150ccdb037a2098503bcd439302dda71b07c0fdb77c67c6,Use a registered IPUMS account at https://www.atusdata.org/atus/; select the samples/variables in docs/source_extracts.json and match the preserved DDI record structure. Download the paired XML and dat.gz. New extract IDs/updated publisher data may differ; update code paths together. Obtain the exact archived input through the project owner's authorized storage; compare the recorded SHA-256. Keep records external to GitHub.,DDI production/version date; actual download timestamp not recorded,2003;2004;2005;2006;2007;2008;2009;2010;2011;2012;2013;2014;2015;2016;2017;2018;2019;2020;2021;2022;2023;2024;2025,VERIFIED_EXTERNAL_FILE,Owner confirmed on 2026-10-05 that this working-folder input set produced the supplied app_data and that no inputs are elsewhere; original run/code revision not independently verified,EXTRACT_VERSION_DATE_VERIFIED,NO,2026-10-05T21:17:28.433391+00:00
data/IPUMS Pulls/atus_00035.dat.gz,ATUS extract payload,ATUS via IPUMS,https://www.atusdata.org/atus/,Raw preprocessing; extract ID referenced by recovered code; actual source vintage needs verification,EXTERNAL_AVAILABLE,IPUMS extract atus_00035; DDI production/version date 2026-07-20; exact file identity in sha256 when verified,2026-07-20,72514955,51424bd937e446b15d024a5350d7ae3b80508f7037b461c785eecb6cc38f0145,Use a registered IPUMS account at https://www.atusdata.org/atus/; select the samples/variables in docs/source_extracts.json and match the preserved DDI record structure. Download the paired XML and dat.gz. New extract IDs/updated publisher data may differ; update code paths together. Obtain the exact archived input through the project owner's authorized storage; compare the recorded SHA-256. Keep records external to GitHub.,DDI production/version date; actual download timestamp not recorded,2003;2004;2005;2006;2007;2008;2009;2010;2011;2012;2013;2014;2015;2016;2017;2018;2019;2020;2021;2022;2023;2024;2025,VERIFIED_EXTERNAL_FILE,Owner confirmed on 2026-10-05 that this working-folder input set produced the supplied app_data and that no inputs are elsewhere; original run/code revision not independently verified,EXTRACT_VERSION_DATE_VERIFIED,NO,2026-10-05T21:29:49.367777+00:00
data/IPUMS Pulls/atus_00029.xml,ATUS relationship extract extract definition,ATUS relationship extract via IPUMS,https://www.atusdata.org/atus/,Raw preprocessing; extract ID referenced by recovered code; actual source vintage needs verification,EXTERNAL_AVAILABLE,IPUMS extract atus_00029; DDI production/version date 2025-07-21; exact file identity in sha256 when verified,2025-07-21,23835,99f11743a67b30a5d788a83fb4b648ca5b5bc13961565cf703c044799546ec3e,Use a registered IPUMS account at https://www.atusdata.org/atus/; select the samples/variables in docs/source_extracts.json and match the preserved DDI record structure. Download the paired XML and dat.gz. New extract IDs/updated publisher data may differ; update code paths together. Obtain the exact archived input through the project owner's authorized storage; compare the recorded SHA-256. Keep records external to GitHub.,DDI production/version date; actual download timestamp not recorded,2018;2019;2021;2022;2023;2024,VERIFIED_EXTERNAL_FILE,Owner confirmed on 2026-10-05 that this working-folder input set produced the supplied app_data and that no inputs are elsewhere; original run/code revision not independently verified,EXTRACT_VERSION_DATE_VERIFIED,NO,2026-10-05T21:15:04.901910+00:00
data/IPUMS Pulls/atus_00029.dat.gz,ATUS relationship extract extract payload,ATUS relationship extract via IPUMS,https://www.atusdata.org/atus/,Raw preprocessing; extract ID referenced by recovered code; actual source vintage needs verification,EXTERNAL_AVAILABLE,IPUMS extract atus_00029; DDI production/version date 2025-07-21; exact file identity in sha256 when verified,2025-07-21,7722614,f92edde9ab699cc0613c491778175d6cf8ad9adddf057813255aa930edbaf05b,Use a registered IPUMS account at https://www.atusdata.org/atus/; select the samples/variables in docs/source_extracts.json and match the preserved DDI record structure. Download the paired XML and dat.gz. New extract IDs/updated publisher data may differ; update code paths together. Obtain the exact archived input through the project owner's authorized storage; compare the recorded SHA-256. Keep records external to GitHub.,DDI production/version date; actual download timestamp not recorded,2018;2019;2021;2022;2023;2024,VERIFIED_EXTERNAL_FILE,Owner confirmed on 2026-10-05 that this working-folder input set produced the supplied app_data and that no inputs are elsewhere; original run/code revision not independently verified,EXTRACT_VERSION_DATE_VERIFIED,NO,2026-10-05T21:20:45.086517+00:00
data/CSV/CPSdata.csv,Cleaned monthly survey data,CPS via IPUMS,https://cps.ipums.org/cps/,Current analyses,EXTERNAL_AVAILABLE,Owner-confirmed cleaned input snapshot for Version 2.0.0; upstream cps_00453; original preprocessing run date not recorded,,29487493249,,Rebuild from authorized paired raw extracts with analysis/data_processing.qmd and R/data_prep_functions.R; ATUS also uses R/atus_eldercare.R. Preserve the original working-folder cleaned input for byte-exact comparison. Exact inputs remain in authorized project storage; reconstruction alone does not prove byte identity.,Original acquisition/run date not recorded,See source implementation; observed record coverage not yet audited,PENDING_EXTERNAL_READ,Owner confirmed on 2026-10-05 that this working-folder input set produced the supplied app_data and that no inputs are elsewhere; original run/code revision not independently verified,NOT_RECORDED,NO,
data/CSV/ASECdata.csv,Cleaned annual supplement data,CPS ASEC via IPUMS,https://cps.ipums.org/cps/,Current analyses,EXTERNAL_AVAILABLE,Owner-confirmed cleaned input snapshot for Version 2.0.0; upstream cps_00452; original preprocessing run date not recorded,,3190488320,,Rebuild from authorized paired raw extracts with analysis/data_processing.qmd and R/data_prep_functions.R; ATUS also uses R/atus_eldercare.R. Preserve the original working-folder cleaned input for byte-exact comparison. Exact inputs remain in authorized project storage; reconstruction alone does not prove byte identity.,Original acquisition/run date not recorded,See source implementation; observed record coverage not yet audited,PENDING_EXTERNAL_READ,Owner confirmed on 2026-10-05 that this working-folder input set produced the supplied app_data and that no inputs are elsewhere; original run/code revision not independently verified,NOT_RECORDED,NO,
data/CSV/ATUSdata.csv,Cleaned activity/time-use data,ATUS via IPUMS,https://www.atusdata.org/,Current analyses,EXTERNAL_AVAILABLE,Owner-confirmed cleaned input snapshot for Version 2.0.0; upstream atus_00035 + atus_00036; original preprocessing run date not recorded,,3474390304,,Rebuild from authorized paired raw extracts with analysis/data_processing.qmd and R/data_prep_functions.R; ATUS also uses R/atus_eldercare.R. Preserve the original working-folder cleaned input for byte-exact comparison. Exact inputs remain in authorized project storage; reconstruction alone does not prove byte identity.,Original acquisition/run date not recorded,See source implementation; observed record coverage not yet audited,PENDING_EXTERNAL_READ,Owner confirmed on 2026-10-05 that this working-folder input set produced the supplied app_data and that no inputs are elsewhere; original run/code revision not independently verified,NOT_RECORDED,NO,
data/CSV/FormalOccs_Crossover.csv,Paid-care occupation crosswalk,Project crosswalk,,Occupation classification used by preprocessing,PRESENT,Project lookup/request metadata snapshot included with Version 2.0.0; exact revision identified by sha256; independent upstream revision/date not recorded,,53801,df89e13cfdcaeb3a19926148cbf4e7f328dcb17a84ce8b8297bccd533a514063,Included at data/CSV/FormalOccs_Crossover.csv; retain project credit and licensing notices. Request sample IDs do not establish observed survey coverage.,Original acquisition/run date not recorded,Classification/request metadata; no independent observation period,VERIFIED_INCLUDED_COPY,Owner confirmed on 2026-10-05 that this working-folder input set produced the supplied app_data and that no inputs are elsewhere; original run/code revision not independently verified,PROJECT_SNAPSHOT_HASH_VERIFIED,YES,2026-10-06T13:29:36.629132+00:00
data/CSV/ATUSActivityCrossover.csv,Unpaid-care activity crosswalk,Project crosswalk,,Activity classification used by preprocessing,PRESENT,Project lookup/request metadata snapshot included with Version 2.0.0; exact revision identified by sha256; independent upstream revision/date not recorded,,20899,e8efe3e6e2fc1a8013f3981eaebdb31d52a4fd0b305b9a817598e9fcd5aca9c2,Included at data/CSV/ATUSActivityCrossover.csv; retain project credit and licensing notices. Request sample IDs do not establish observed survey coverage.,Original acquisition/run date not recorded,Classification/request metadata; no independent observation period,VERIFIED_INCLUDED_COPY,Owner confirmed on 2026-10-05 that this working-folder input set produced the supplied app_data and that no inputs are elsewhere; original run/code revision not independently verified,PROJECT_SNAPSHOT_HASH_VERIFIED,YES,2026-10-06T13:29:36.630255+00:00
data/CSV/Informal_Formal_Crosswalk.csv,Replacement-wage crosswalk,Project crosswalk,,Current analyses,PRESENT,Project lookup/request metadata snapshot included with Version 2.0.0; exact revision identified by sha256; independent upstream revision/date not recorded,,12090,2e25b634866fe77c30ada068680a813a612a45bec80e9b48c55b6299ad200f32,Included at data/CSV/Informal_Formal_Crosswalk.csv; retain project credit and licensing notices. Request sample IDs do not establish observed survey coverage.,Original acquisition/run date not recorded,Classification/request metadata; no independent observation period,VERIFIED_INCLUDED_COPY,Owner confirmed on 2026-10-05 that this working-folder input set produced the supplied app_data and that no inputs are elsewhere; original run/code revision not independently verified,PROJECT_SNAPSHOT_HASH_VERIFIED,YES,2026-10-06T13:29:36.630255+00:00
data/CSV/GdpByState.csv,State GDP valuation input,BEA GDP by state; code cites SAGDP9 Real GDP by state,https://www.bea.gov/data/gdp/gdp-state,Current analyses,PRESENT,Included BEA-derived snapshot with annual columns 1997-2025; code cites SAGDP9 and access on 2025-07-31; exact revision/unit vintage not embedded in CSV,,14000,f79e9c8a18740a183d666833381831a088dbad0b416cbd05eec5f6752c620727,Included small aggregate input. Owner source portal: https://www.bea.gov/data/gdp/gross-domestic-product ; state series access: https://www.bea.gov/data/gdp/gdp-state . Code cites SAGDP9; retain its annual state/national structure and source attribution. Match the frozen file hash; obtain original download/revision notes before assigning a BEA release vintage.,Source code documents access 2025-07-31; that date is not verified for this 1997-2025 file snapshot,Annual columns 1997-2025; nonmissing coverage/units require scientific review,VERIFIED_INCLUDED_COPY,Owner confirmed on 2026-10-05 that this working-folder input set produced the supplied app_data and that no inputs are elsewhere; original run/code revision not independently verified,NOT_RECORDED,YES,2026-10-06T13:29:36.631254+00:00
data/CSV/workforce_area_characteristics.csv,Care-employment geographic input,Census LODES WAC,https://lehd.ces.census.gov/data/lodes/,Geographic care equity,EXTERNAL_AVAILABLE,"Owner-confirmed assembled Census LODES WAC snapshot; original LODES release, source filename list, job-type/segment selection, and download date not recorded",,1702779049,,"Use https://lehd.ces.census.gov/data/ and its LODES archive at https://lehd.ces.census.gov/data/lodes/ . Download state WAC files and preserve version.txt, source filenames, job type, segment, years, and acquisition date. The assembled project CSV has a year column; current CaRES needs WAC w_geocode, C000, CNS15, CNS16, CNS18. Original assembly script/version selection was not identified; use the archived hash-identified project input for exact reproduction.",Original acquisition/run date not recorded,See source implementation; observed record coverage not yet audited,PENDING_EXTERNAL_READ,Owner confirmed on 2026-10-05 that this working-folder input set produced the supplied app_data and that no inputs are elsewhere; original run/code revision not independently verified,NOT_RECORDED,NO,
data/CSV/nhgis_populationbytract.csv,Tract population denominator,IPUMS NHGIS ACS 5-year,https://www.nhgis.org/,Geographic care equity; alternative spelling below,UNUSED_ALTERNATIVE,Unused filename alternative; actual input is nighis_populationbytract.csv,,,,No separate file required; use the owner-confirmed nighis_populationbytract.csv snapshot or deliberately revise the input path.,Original acquisition/run date not recorded,Not used,NOT_APPLICABLE,Absent from observed working-folder listing; accepted alternative in gini.qmd,NOT_RECORDED,NO,
data/CSV/nighis_populationbytract.csv,Alternative spelling of population denominator,IPUMS NHGIS ACS 5-year nominal tract time series,https://www.nhgis.org/,Alternative to nhgis_populationbytract.csv; verify restored code,EXTERNAL_AVAILABLE,NHGIS-format AV0 Total Population tract snapshot; GJOIN2010-GJOIN2023 and AV0AA105-AV0AA235 estimate columns observed; NHGIS release/extract ID not recorded,,79958527,c40faac2fcb2b62398a2ad212f9e61248e60bd786f11ed3a380a516d831a2eca,"Use https://www.nhgis.org/ and https://data2.nhgis.org/ with a registered account. Select nominal tract time-series table AV0 Total Population for ACS 5-year ending years 2010-2023; keep NHGISCODE, STATEFP, COUNTYFP, TRACTA, GJOINYYYY, and matching AV0AA estimate columns. Preserve the codebook and release/extract ID. The owner supplied an IPUMS USA portal link, but observed NHGIS/GJOIN/AV0 fields and gini.qmd identify the NHGIS service. Preserve the current nighis spelling unless paths are deliberately revised.",Original acquisition/run date not recorded,ACS 5-year ending years 2010-2023 (2006-2010 through 2019-2023),VERIFIED_EXTERNAL_FILE,Owner confirmed on 2026-10-05 that this working-folder input set produced the supplied app_data and that no inputs are elsewhere; original run/code revision not independently verified,TABLE_PERIODS_SCHEMA_VERIFIED_RELEASE_UNRECORDED,NO,2026-10-05T21:34:29.872955+00:00
data/CSV/resident_area_characteristics.csv,Geographic research input,Census LODES RAC,https://lehd.ces.census.gov/data/lodes/,Optional research; not current state CaRES per master,EXTERNAL_OPTIONAL,"Owner-confirmed assembled Census LODES RAC snapshot; original LODES release, source filename list, job-type/segment selection, and download date not recorded",,4155783028,,"Use https://lehd.ces.census.gov/data/ and its LODES archive at https://lehd.ces.census.gov/data/lodes/ . Download state RAC files and preserve version.txt, source filenames, job type, segment, years, and acquisition date. The assembled project CSV has a year column; current CaRES needs WAC w_geocode, C000, CNS15, CNS16, CNS18. Original assembly script/version selection was not identified; use the archived hash-identified project input for exact reproduction.",Original acquisition/run date not recorded,See source implementation; observed record coverage not yet audited,PENDING_EXTERNAL_READ,Owner confirmed on 2026-10-05 that this working-folder input set produced the supplied app_data and that no inputs are elsewhere; original run/code revision not independently verified,NOT_RECORDED,NO,
data/CSV/Tractlevel_Employment.csv,Tract employment fallback,Legacy input; exact vintage unresolved,,Legacy workflow,EXTERNAL_OPTIONAL,"Owner-confirmed legacy tract employment/population snapshot; GEOID, year, Educational_Services, Health_Care, Others, total_pop, State columns observed; original source edition/assembly unrecorded",,34166942,453254b22ccae6743b12a92ccc84af4d1db1193772b57e537cc1cd7e9bbda794,Retain in authorized project storage as optional legacy evidence. Current gini.qmd selects nighis_populationbytract.csv first. Inspect analysis/legacy/care_ratio.qmd and preserve original acquisition/assembly documentation before reconstructing or substituting this file.,Original acquisition/run date not recorded,Legacy file; not selected when nighis_populationbytract.csv is present,VERIFIED_EXTERNAL_FILE,Owner confirmed on 2026-10-05 that this working-folder input set produced the supplied app_data and that no inputs are elsewhere; original run/code revision not independently verified,NOT_RECORDED,NO,2026-10-05T21:23:01.532803+00:00
data/CSV/ASECSampleIDs.csv,Extract request sample IDs,Project extract request,,Optional fresh extract request,PRESENT,Project lookup/request metadata snapshot included with Version 2.0.0; exact revision identified by sha256; independent upstream revision/date not recorded,,488,0bc81e429f29adf2661e963eba9346a5c7d6e8ac7900c78111d5232382bce353,Included at data/CSV/ASECSampleIDs.csv; retain project credit and licensing notices. Request sample IDs do not establish observed survey coverage.,Original acquisition/run date not recorded,Classification/request metadata; no independent observation period,VERIFIED_INCLUDED_COPY,Owner confirmed on 2026-10-05 that this working-folder input set produced the supplied app_data and that no inputs are elsewhere; original run/code revision not independently verified,PROJECT_SNAPSHOT_HASH_VERIFIED,YES,2026-10-06T13:29:36.632256+00:00
data/CSV/CPSSampleIDs.csv,Extract request sample IDs,Project extract request,,Optional fresh extract request,PRESENT,Project lookup/request metadata snapshot included with Version 2.0.0; exact revision identified by sha256; independent upstream revision/date not recorded,,5726,15451af93404f09484a3e5ceeea2d3f5d2d560b81aa034cfbc0bab07831a0d81,Included at data/CSV/CPSSampleIDs.csv; retain project credit and licensing notices. Request sample IDs do not establish observed survey coverage.,Original acquisition/run date not recorded,Classification/request metadata; no independent observation period,VERIFIED_INCLUDED_COPY,Owner confirmed on 2026-10-05 that this working-folder input set produced the supplied app_data and that no inputs are elsewhere; original run/code revision not independently verified,PROJECT_SNAPSHOT_HASH_VERIFIED,YES,2026-10-06T13:29:36.633263+00:00
data/IPUMS Pulls/atus_00036.xml,ATUS hierarchical eldercare recipient definition,ATUS via IPUMS,https://www.atusdata.org/atus/,Eldercare recipient roster used by recovered preprocessing/refresh; prior-three-month reference period,EXTERNAL_AVAILABLE,IPUMS extract atus_00036; DDI production/version date 2026-09-21; exact file identity in sha256 when verified,2026-09-21,37260,cc5b6faab90c2d23512a5c0b4d5aab65c29cab73427733e6b9289cd725834116,Use a registered IPUMS account at https://www.atusdata.org/atus/; select the samples/variables in docs/source_extracts.json and match the preserved DDI record structure. Download the paired XML and dat.gz. New extract IDs/updated publisher data may differ; update code paths together. Obtain the exact archived input through the project owner's authorized storage; compare the recorded SHA-256. Keep records external to GitHub.,DDI production/version date; actual download timestamp not recorded,2003;2004;2005;2006;2007;2008;2009;2010;2011;2012;2013;2014;2015;2016;2017;2018;2019;2020;2021;2022;2023;2024;2025,VERIFIED_EXTERNAL_FILE,Owner confirmed on 2026-10-05 that this working-folder input set produced the supplied app_data and that no inputs are elsewhere; original run/code revision not independently verified,EXTRACT_VERSION_DATE_VERIFIED,NO,2026-10-05T21:16:14.176689+00:00
data/IPUMS Pulls/atus_00036.dat.gz,ATUS hierarchical eldercare recipient payload,ATUS via IPUMS,https://www.atusdata.org/atus/,Eldercare recipient roster used by recovered preprocessing/refresh; prior-three-month reference period,EXTERNAL_AVAILABLE,IPUMS extract atus_00036; DDI production/version date 2026-09-21; exact file identity in sha256 when verified,2026-09-21,40569557,b18d218595cd50cc6f99f3c346bd3924e04b7ea3e9ffea62338af310fa7ef294,Use a registered IPUMS account at https://www.atusdata.org/atus/; select the samples/variables in docs/source_extracts.json and match the preserved DDI record structure. Download the paired XML and dat.gz. New extract IDs/updated publisher data may differ; update code paths together. Obtain the exact archived input through the project owner's authorized storage; compare the recorded SHA-256. Keep records external to GitHub.,DDI production/version date; actual download timestamp not recorded,2003;2004;2005;2006;2007;2008;2009;2010;2011;2012;2013;2014;2015;2016;2017;2018;2019;2020;2021;2022;2023;2024;2025,VERIFIED_EXTERNAL_FILE,Owner confirmed on 2026-10-05 that this working-folder input set produced the supplied app_data and that no inputs are elsewhere; original run/code revision not independently verified,EXTRACT_VERSION_DATE_VERIFIED,NO,2026-10-05T21:26:13.840862+00:00
data/CSV/Tractlevel_totalpop_acs_2009_2023.csv,Alternative long ACS tract population denominator,ACS tract population,https://www.nhgis.org/,"Alternative accepted by gini.qmd; needs GEOID, year, total_pop",UNUSED_ALTERNATIVE,Unused filename alternative; actual input is nighis_populationbytract.csv,,,,No separate file required; use the owner-confirmed nighis_populationbytract.csv snapshot or deliberately revise the input path.,Original acquisition/run date not recorded,Not used,NOT_APPLICABLE,Absent from observed working-folder listing; accepted alternative in gini.qmd,NOT_RECORDED,NO,
data/CSV/tractlevel_totalpop_acs_2009_2023.csv,Alternative long ACS tract population denominator,ACS tract population,https://www.nhgis.org/,"Alternative accepted by gini.qmd; needs GEOID, year, total_pop",UNUSED_ALTERNATIVE,Unused filename alternative; actual input is nighis_populationbytract.csv,,,,No separate file required; use the owner-confirmed nighis_populationbytract.csv snapshot or deliberately revise the input path.,Original acquisition/run date not recorded,Not used,NOT_APPLICABLE,Absent from observed working-folder listing; accepted alternative in gini.qmd,NOT_RECORDED,NO,
