role,path,bytes,sha256
aggregate_or_dashboard_metadata,app_data/activity_formal.csv,130415,e02cf4381fe4dff838ba53363d1a6a1b17442a241e3eece8ee9e76202f43c7e1
aggregate_or_dashboard_metadata,app_data/activity_formal_datum.csv,104712,5257541c924d352230f8427bf61e4d1faa12bfa25779d72c40049a345eba6cac
aggregate_or_dashboard_metadata,app_data/activity_informal.csv,269350,4caa4178ecd38b0293993aee694b75813a14310aef4e2a5656333d4d8dd2bcec
aggregate_or_dashboard_metadata,app_data/activity_informal_datum.csv,248942,2e9004ede4e291b5c3d55eaa13989af67f9669b77a5e4820b39bb0c3a573cbfa
aggregate_or_dashboard_metadata,app_data/care_provider_datum.csv,304575,311746da374e2287cf15f2db5282a9fa0daffbe78775d7f46ba8402bd1143d93
aggregate_or_dashboard_metadata,app_data/care_provider_population.csv,13569,c5f97a23d1523984ee6ee928eb8bf0fc6a4e462cdf9b7848cbce9496889631d1
aggregate_or_dashboard_metadata,app_data/market.csv,1231,7588c12009c7bbf59d0d4b7f1032eba0f1ae12b510adc58f48f726d185e6bc39
aggregate_or_dashboard_metadata,app_data/market_datum.csv,11788,5ae05c13685ebe0e4400810001d430c90a82b6eb4bab0f5df7c86125a4c4d70c
aggregate_or_dashboard_metadata,app_data/metric_labels.csv,2690,68fe819b99469946a4c8575fdb9dce478fe005992e91549cebd6f10701c6b96c
aggregate_or_dashboard_metadata,app_data/metric_tables.xlsx,16202,bd7a34959f6ee8efe0c972a71143169ed3b9cfa902f6d46a4d87140b92236e49
aggregate_or_dashboard_metadata,app_data/metrics_formal.csv,4035240,3454fd98195619ecb1d577cb75d2d094afc5c72d3b0f74eb1d6643f25d9d15fd
aggregate_or_dashboard_metadata,app_data/metrics_informal.csv,3872196,f1f65bae4089636ae9953af22eb68d6bacd9c40c11b930a70302f74d12437458
aggregate_or_dashboard_metadata,app_data/metrics_maternal_power.csv,74777,057a246974aa8ac0494fbc0f91fe12c1e4460182aad0ff2d586d5af1190d4704
aggregate_or_dashboard_metadata,app_data/metrics_priviledge.csv,53246,f534868e8b73953a04170bc2372a71425121c49b4eac97694ef85fccb45ff6c9
aggregate_or_dashboard_metadata,app_data/metrics_sandwich_generation.csv,24292,fdb5f4b469e5aff298362b38ba030bb9e3c807aef3906de57d95ae0b3e756d7a
aggregate_or_dashboard_metadata,app_data/metrics_state_care_gini.csv,52751,2f457f1940eaee8c0ad2740cc665aa2ddee95d40de8bbbf8f65bbf72107e77fc
aggregate_or_dashboard_metadata,app_data/provider.csv,84435,ff31b539190ea7c249d4d8799ab6763bf6e8b7869cc74c97d7ec12fa277fcb84
aggregate_or_dashboard_metadata,app_data/provider_category.csv,1502,c248a59e7f9b12a1388bc30fff429531191276045f1ec78a55fd1fff41747f59
aggregate_or_dashboard_metadata,app_data/provider_category.xlsx,10155,3f18ca5d1da0c57658521aec863b02ab4db5796f68700772b3f7457227ca9794
aggregate_or_dashboard_metadata,app_data/provider_datum.csv,1162879,0b5969ff1c3acd8088dcd560d217ab2377d370c0e36960be982aa7463093be07
aggregate_or_dashboard_metadata,app_data/provider_group.xlsx,9764,bb20c7f36ba8e1c98fb3c0f62740bfbf6b2e1f9334e00057cdbffa777c3e6ea6
aggregate_or_dashboard_metadata,app_data/source.csv,2271,72873a407a5ed829b62480571bc310f19f04fb7b967cc86bcf08f7c1210c0b62
accompanying_code_or_release_metadata,analysis/IPUMS_API.qmd,11599,48b86983fd16ebf14ab10ea7179d2e3120794f25d376f74864aeaaf90650fe30
accompanying_code_or_release_metadata,analysis/_database_upload.qmd,19233,a6ccee769856b3698029d9c0208ba2cc5aaf76b0c77e6a522a2436096f32d0c2
accompanying_code_or_release_metadata,analysis/activity_formal.qmd,18735,628d18533e9c4192a5d20e5fef905d3fd0505fda76b4e053ea93498dc255d4c7
accompanying_code_or_release_metadata,analysis/activity_informal.qmd,27071,c6a096cbedc3231ea37ad815db1ebbe349ef6436121a291f9f52de7027da8981
accompanying_code_or_release_metadata,analysis/bargainin_power.qmd,19102,b440aef8ef53fdc7852eafd9f0cfa41a71f406c8b980894b9a7c657353d2b609
accompanying_code_or_release_metadata,analysis/broad_impacts.qmd,87221,ae0bb301bf223a062d3775dbedecc12c0610b0ad11eb48bfc7e64e5dcb54da2b
accompanying_code_or_release_metadata,analysis/care_provider.qmd,30917,b778ca806378f0d6949b831770eccd67847b6e54a70e2cb0b7b15c831dfbc830
accompanying_code_or_release_metadata,analysis/data_processing.qmd,14417,21fb5ab92666adbd3d761779c1527f04e6b908c4827ed0c7637313ca3f4cf8ad
accompanying_code_or_release_metadata,analysis/gini.qmd,19482,c4d770f419685d3d4cbb64a548e998472e5b4efd55b1f69e6bbb58de5cac71eb
legacy_methodology,analysis/legacy/care_ratio.qmd,19002,3e5c1e9627667c5091d408d73a7907961650222e51611534ef2c2efa82a9a7d8
accompanying_code_or_release_metadata,analysis/market.qmd,10687,8c76645178321728510f7392b866d3a4a9eb0dcf04406e0cbef6fe4e1676718b
accompanying_code_or_release_metadata,analysis/market_datum.qmd,31850,623825e25c88d0033e49941ff8b195ca473755ba19ad971d69249c00df3014f8
accompanying_code_or_release_metadata,analysis/parental_labor_monitor.qmd,21995,892d2001ec8848d309f00d5facf806e8fe6806d51e1552a045d660be6b281cc5
accompanying_code_or_release_metadata,analysis/provider.qmd,40255,0f83926e00764060b163f191c26dedbf2eec594c7b60a039e4a9662966f54745
accompanying_code_or_release_metadata,analysis/sandwich_generation.qmd,17427,f9e94fe9568cbda3b80d9431d1d23395ac404b3391dd852e1ab841013ab20762
accompanying_code_or_release_metadata,R/atus_eldercare.R,7148,a71c849017dc32b7cbf24283265898a3b8d0a9da08a11f3b4bbc31ec99f008d3
accompanying_code_or_release_metadata,R/data_prep_functions.R,21370,4c5ab258eb52660cbfc5c9fa13d6f542dae7867ef77a4e219886850f697b1abd
accompanying_code_or_release_metadata,R/load_defaults.R,3808,6e1bbe211e5eee69228079ebf5809185772071e4c955082fbdf68f003dc7afd4
accompanying_code_or_release_metadata,R/load_libraries.R,4113,ad16f8717b7f451d92d5657264467dda9f892fea18653687ccd7421ad6b91a1f
accompanying_code_or_release_metadata,R/refresh_atus_eldercare.R,5627,5c8d4eda3bbe4c73d4a7ed0868578e11553f97ba18edd72f98eaa4c7ab724b1b
accompanying_code_or_release_metadata,tests/atus_eldercare.R,4311,7cb7643c806cd5a5565de88bce03cb3eba458271fa022d5b91d60c3a160d5b37
accompanying_code_or_release_metadata,tests/provider_window.R,2090,081601d70dd0f3187fe3bf89237406e36a272d68bd41b4cfeea946fbbee3e199
accompanying_code_or_release_metadata,data/CSV/FormalOccs_Crossover.csv,53801,df89e13cfdcaeb3a19926148cbf4e7f328dcb17a84ce8b8297bccd533a514063
accompanying_code_or_release_metadata,data/CSV/ATUSActivityCrossover.csv,20899,e8efe3e6e2fc1a8013f3981eaebdb31d52a4fd0b305b9a817598e9fcd5aca9c2
accompanying_code_or_release_metadata,data/CSV/Informal_Formal_Crosswalk.csv,12090,2e25b634866fe77c30ada068680a813a612a45bec80e9b48c55b6299ad200f32
accompanying_code_or_release_metadata,data/CSV/GdpByState.csv,14000,f79e9c8a18740a183d666833381831a088dbad0b416cbd05eec5f6752c620727
accompanying_code_or_release_metadata,data/CSV/ASECSampleIDs.csv,488,0bc81e429f29adf2661e963eba9346a5c7d6e8ac7900c78111d5232382bce353
accompanying_code_or_release_metadata,data/CSV/CPSSampleIDs.csv,5726,15451af93404f09484a3e5ceeea2d3f5d2d560b81aa034cfbc0bab07831a0d81
accompanying_code_or_release_metadata,TheCareBoard_Master.qmd,12823,b84ff4ec6ceaec53546116975235368a3fe08cca6502849350f681378d171eb8
accompanying_code_or_release_metadata,_quarto.yml,112,9acbee1e41bf4a3bde45e4a14b1a10d21337901610ae27a85453b2e0cc7e5b94
accompanying_code_or_release_metadata,.gitignore,1175,1db15d19870bf63c3807be481c84529856100b8db7e716c575eed6e5c6ed903a
accompanying_code_or_release_metadata,.gitattributes,217,7a977ac7973c89e7cbdd85023bf8535388972cc1863e55421ce222f04944b7e9
accompanying_code_or_release_metadata,config/db_connect.example.R,1386,e0fec9db8c5b21e3e5d28796e59b456336e6c23ae3eb284d7e80b771352069d2
accompanying_code_or_release_metadata,data/input_manifest.csv,28471,2c7b26c7b333d3b4136dc9d641ba5f44a59f5934c87575ade1d3ee1c2623e96e
accompanying_code_or_release_metadata,docs/app_data_schema.json,9822,3fb7fd14faafa7b8af9c90fbec78ce30755a94e7e1eb6317baf71554b14e653f
accompanying_code_or_release_metadata,docs/crosswalk_schema.json,1443,3ef00ef7deb0aa6fda495cf5cd9484b9c0036914e5095c63cc005f0eec3315e6
accompanying_code_or_release_metadata,CITATION.cff,766,908652aae43c9c67f216d222824f395176e6cb42b44a5456d1d49e91b2e87c52
accompanying_code_or_release_metadata,docs/PIPELINE_RESTORATION.md,4219,b3679543156736f212133dcbfa559a067a940ddd5df517c82853735f8eba1f6c
accompanying_code_or_release_metadata,docs/METHODOLOGY.md,6111,904566a36d6d22a0dce0f605171af708f1e967bc5fca68c9c72ce35808aa19cd
accompanying_code_or_release_metadata,docs/REFERENCE_PERIODS.md,13165,9aacc86ad1f433ba04360295cb391c1a404a082cc54915e5cb82628073dbfbe2
accompanying_code_or_release_metadata,docs/CROSSWALKS.md,2967,4791e27de00530e1112a1e1e7e6884b29f5b4e7a5651fb551891c8042f5b88a8
accompanying_code_or_release_metadata,docs/ATUS_ELDERCARE.md,6350,8ef04e6f67146a04d8ecc31074825ba6f72fd00ed126eaf317093b51f6696ba8
accompanying_code_or_release_metadata,scripts/check_repository.py,12055,3113ef724ecd4386404f3f91ac851dad8033cc4e2a33e6b65d9fd44946477caf
accompanying_code_or_release_metadata,docs/SOURCE_INPUTS.md,5673,25642669fe71a5c108081315d1a89bfc738c28d4b0ca600ed6f0fbd254a9fbe4
accompanying_code_or_release_metadata,docs/source_extracts.json,16505,0281853f14168900db87153f1814f7cbc7af103dc7490ce8f94cbf0f2ff81ac0
accompanying_code_or_release_metadata,docs/releases/2.0.0/input_provenance.json,1109,ad8aec4d85d07883a00419a1431ffa6613a1643fa139d8373a01ce28eeb4f27f
accompanying_code_or_release_metadata,README.md,13806,c0d338479012ebce91807446aa6502d9253b8b8cf17e691d80d4b1cd7a2d8e5d
accompanying_code_or_release_metadata,data/README.md,2558,17974a480ac8e0db94d3306c69a7077d8019bd79769daba1009dde90980c9e55
accompanying_code_or_release_metadata,docs/README.md,1891,56fcf993f24be05bf3519ba9791e0bd724d94f51f87e78477c2b9028bc7459c8
accompanying_code_or_release_metadata,docs/GITHUB_UPLOAD_GUIDE.md,9094,7725df76debfb3a4046882d52892db22120a7c338bef405c85bbf85fbc057173
accompanying_code_or_release_metadata,docs/REPRODUCIBILITY.md,5870,d92087930a260ee2302c3897cbd00240c70942d75dc71081d6f5201aba2b7734
accompanying_code_or_release_metadata,.Rprofile,27,08654ee73bbfa9d016a10709f3589fea6a343a19b6539206ed2eabbac69001f6
accompanying_code_or_release_metadata,renv.lock,52704,39fd30cbf397a05889f048dc20fc4b5e099f78eb0f33be53e1467690d8154915
accompanying_code_or_release_metadata,renv/activate.R,35447,e63a16d43bac083230b0db52cb89e88d6b48206f93ea3fec821991e76b65cd6f
accompanying_code_or_release_metadata,renv/settings.json,431,0a3a4d7bdfe0540a89570d73360e4b839ad14c156aab3483d4e86618c781ef0e
accompanying_code_or_release_metadata,renv/.gitignore,63,9b21f810728401a29675d989e533d4ed4626be7e18479cbce7e48f1cfe91747b
accompanying_code_or_release_metadata,renv/LICENSE,1076,19713ea69a4231105033c381dc2145148d26eab51e0b7e458ef4e775db531863
accompanying_code_or_release_metadata,renv/README.md,448,d98de8818732c776fd95bb08ee97e0065903ff862610b6e4225730f75268dca6
accompanying_code_or_release_metadata,requirements.txt,446,ed0346bdb54ad57b9794bfb9a6e449f23d47cb1656f006297f7d26170b801d03
accompanying_code_or_release_metadata,config/r-packages.txt,184,265990c9a30d15313dd2abbb70b67584e981dea5d5c1c00497cf19de381bc845
accompanying_code_or_release_metadata,docs/ENVIRONMENT.md,5321,4d051fca2091c408bd3aa5f3676248f9244297cdc4aaaedf5eaf2613b7277044
accompanying_code_or_release_metadata,docs/releases/2.0.0/environment.json,2654,226045ed9a0e8dc91754a35f0c463cacdc7e62c418d87836eeb954e4a4f7b9ad
accompanying_code_or_release_metadata,docs/LICENSE_AND_CITATION.md,5577,b8133fb2cd74108cf11c22f4ab697ae8fac2fe4ee427f9b6c12f83607a197939
accompanying_code_or_release_metadata,docs/REPOSITORY_PREPARATION.md,9596,3f6cffae0e363492d021323a8bbfaae822dc0e23d8b1359d85bf806b1119d7d1
accompanying_code_or_release_metadata,docs/releases/2.0.0/README.md,4768,a7d19cab52f82f45efe9d37c1a170f0cd8b02e1bf85f0fcf91092167731c31bb
accompanying_code_or_release_metadata,docs/SNAPSHOT_SYNC.md,2420,446e138c4e187fe73607c5d40e49b7faf14e68e941c8365e328a111bd0e95d0d
