file,field,observed_date_min,observed_date_max,observed_label_count,observed_label_years,observed_missing_label_years,nonmissing_rows,categories,latest_geography_count,latest_state_count,latest_national_present,latest_geography_codes,documented_period_rule,latest_source_period,evidence,verification_status
metrics_formal.csv,formal_care_labor_force,1994-01-01,2025-01-01,32,1994;1995;1996;1997;1998;1999;2000;2001;2002;2003;2004;2005;2006;2007;2008;2009;2010;2011;2012;2013;2014;2015;2016;2017;2018;2019;2020;2021;2022;2023;2024;2025,,9984,gender_parent;overall,52,51,true,national;state01;state02;state04;state05;state06;state08;state09;state10;state11;state12;state13;state15;state16;state17;state18;state19;state20;state21;state22;state23;state24;state25;state26;state27;state28;state29;state30;state31;state32;state33;state34;state35;state36;state37;state38;state39;state40;state41;state42;state44;state45;state46;state47;state48;state49;state50;state51;state53;state54;state55;state56,Annual CPS ASEC YEAR; no year pooling,2025 ASEC reporting label; raw extract requests 1990-2025,analysis/broad_impacts.qmd; docs/source_extracts.json,Owner-confirmed inputs; observed cleaned coverage and original run not independently verified
metrics_formal.csv,formal_care_labor_force_proportion,1994-01-01,2025-01-01,32,1994;1995;1996;1997;1998;1999;2000;2001;2002;2003;2004;2005;2006;2007;2008;2009;2010;2011;2012;2013;2014;2015;2016;2017;2018;2019;2020;2021;2022;2023;2024;2025,,9984,gender_parent;overall,52,51,true,national;state01;state02;state04;state05;state06;state08;state09;state10;state11;state12;state13;state15;state16;state17;state18;state19;state20;state21;state22;state23;state24;state25;state26;state27;state28;state29;state30;state31;state32;state33;state34;state35;state36;state37;state38;state39;state40;state41;state42;state44;state45;state46;state47;state48;state49;state50;state51;state53;state54;state55;state56,Annual CPS ASEC YEAR; no year pooling,2025 ASEC reporting label; raw extract requests 1990-2025,analysis/broad_impacts.qmd; docs/source_extracts.json,Owner-confirmed inputs; observed cleaned coverage and original run not independently verified
metrics_formal.csv,formal_care_time,1994-01-01,2025-01-01,32,1994;1995;1996;1997;1998;1999;2000;2001;2002;2003;2004;2005;2006;2007;2008;2009;2010;2011;2012;2013;2014;2015;2016;2017;2018;2019;2020;2021;2022;2023;2024;2025,,9984,gender_parent;overall,52,51,true,national;state01;state02;state04;state05;state06;state08;state09;state10;state11;state12;state13;state15;state16;state17;state18;state19;state20;state21;state22;state23;state24;state25;state26;state27;state28;state29;state30;state31;state32;state33;state34;state35;state36;state37;state38;state39;state40;state41;state42;state44;state45;state46;state47;state48;state49;state50;state51;state53;state54;state55;state56,Annual CPS ASEC YEAR; no year pooling,2025 ASEC reporting label; raw extract requests 1990-2025,analysis/broad_impacts.qmd; docs/source_extracts.json,Owner-confirmed inputs; observed cleaned coverage and original run not independently verified
metrics_formal.csv,formal_care_time_proportion,1994-01-01,2025-01-01,32,1994;1995;1996;1997;1998;1999;2000;2001;2002;2003;2004;2005;2006;2007;2008;2009;2010;2011;2012;2013;2014;2015;2016;2017;2018;2019;2020;2021;2022;2023;2024;2025,,9984,gender_parent;overall,52,51,true,national;state01;state02;state04;state05;state06;state08;state09;state10;state11;state12;state13;state15;state16;state17;state18;state19;state20;state21;state22;state23;state24;state25;state26;state27;state28;state29;state30;state31;state32;state33;state34;state35;state36;state37;state38;state39;state40;state41;state42;state44;state45;state46;state47;state48;state49;state50;state51;state53;state54;state55;state56,Annual CPS ASEC YEAR; no year pooling,2025 ASEC reporting label; raw extract requests 1990-2025,analysis/broad_impacts.qmd; docs/source_extracts.json,Owner-confirmed inputs; observed cleaned coverage and original run not independently verified
metrics_formal.csv,formal_value,1997-01-01,2025-01-01,29,1997;1998;1999;2000;2001;2002;2003;2004;2005;2006;2007;2008;2009;2010;2011;2012;2013;2014;2015;2016;2017;2018;2019;2020;2021;2022;2023;2024;2025,,8888,gender_parent;overall,52,51,true,national;state01;state02;state04;state05;state06;state08;state09;state10;state11;state12;state13;state15;state16;state17;state18;state19;state20;state21;state22;state23;state24;state25;state26;state27;state28;state29;state30;state31;state32;state33;state34;state35;state36;state37;state38;state39;state40;state41;state42;state44;state45;state46;state47;state48;state49;state50;state51;state53;state54;state55;state56,Annual CPS ASEC YEAR; wage-based valuation and reporting-year GDP,2025 ASEC reporting label; INCWAGE earnings year is previous calendar year if original survey YEAR is preserved,analysis/broad_impacts.qmd; R/data_prep_functions.R; docs/source_extracts.json,Owner-confirmed inputs; code preserves survey YEAR; original generation run not independently reproduced
metrics_formal.csv,formal_value_proportion,1997-01-01,2025-01-01,29,1997;1998;1999;2000;2001;2002;2003;2004;2005;2006;2007;2008;2009;2010;2011;2012;2013;2014;2015;2016;2017;2018;2019;2020;2021;2022;2023;2024;2025,,8888,gender_parent;overall,52,51,true,national;state01;state02;state04;state05;state06;state08;state09;state10;state11;state12;state13;state15;state16;state17;state18;state19;state20;state21;state22;state23;state24;state25;state26;state27;state28;state29;state30;state31;state32;state33;state34;state35;state36;state37;state38;state39;state40;state41;state42;state44;state45;state46;state47;state48;state49;state50;state51;state53;state54;state55;state56,Annual CPS ASEC YEAR; wage-based valuation and reporting-year GDP,2025 ASEC reporting label; INCWAGE earnings year is previous calendar year if original survey YEAR is preserved,analysis/broad_impacts.qmd; R/data_prep_functions.R; docs/source_extracts.json,Owner-confirmed inputs; code preserves survey YEAR; original generation run not independently reproduced
metrics_formal.csv,mothers_labor_force_participation,1990-01-01,2026-01-01,37,1990;1991;1992;1993;1994;1995;1996;1997;1998;1999;2000;2001;2002;2003;2004;2005;2006;2007;2008;2009;2010;2011;2012;2013;2014;2015;2016;2017;2018;2019;2020;2021;2022;2023;2024;2025;2026,,7696,overall;youngest_child_age,52,51,true,national;state01;state02;state04;state05;state06;state08;state09;state10;state11;state12;state13;state15;state16;state17;state18;state19;state20;state21;state22;state23;state24;state25;state26;state27;state28;state29;state30;state31;state32;state33;state34;state35;state36;state37;state38;state39;state40;state41;state42;state44;state45;state46;state47;state48;state49;state50;state51;state53;state54;state55;state56,"Three calendar months ending in the latest CPS input's calendar month, repeated for each reporting year",2026 label; raw extract requests through August 2026; June-August 2026 if cleaned endpoint is preserved,analysis/broad_impacts.qmd; docs/source_extracts.json,Owner-confirmed input snapshot; observed cleaned endpoint and original run not independently verified
metrics_formal.csv,fathers_labor_force_participation,1990-01-01,2026-01-01,37,1990;1991;1992;1993;1994;1995;1996;1997;1998;1999;2000;2001;2002;2003;2004;2005;2006;2007;2008;2009;2010;2011;2012;2013;2014;2015;2016;2017;2018;2019;2020;2021;2022;2023;2024;2025;2026,,7696,overall;youngest_child_age,52,51,true,national;state01;state02;state04;state05;state06;state08;state09;state10;state11;state12;state13;state15;state16;state17;state18;state19;state20;state21;state22;state23;state24;state25;state26;state27;state28;state29;state30;state31;state32;state33;state34;state35;state36;state37;state38;state39;state40;state41;state42;state44;state45;state46;state47;state48;state49;state50;state51;state53;state54;state55;state56,"Three calendar months ending in the latest CPS input's calendar month, repeated for each reporting year",2026 label; raw extract requests through August 2026; June-August 2026 if cleaned endpoint is preserved,analysis/broad_impacts.qmd; docs/source_extracts.json,Owner-confirmed input snapshot; observed cleaned endpoint and original run not independently verified
metrics_formal.csv,mothers_labor_force_participation_proportion,1990-01-01,2026-01-01,37,1990;1991;1992;1993;1994;1995;1996;1997;1998;1999;2000;2001;2002;2003;2004;2005;2006;2007;2008;2009;2010;2011;2012;2013;2014;2015;2016;2017;2018;2019;2020;2021;2022;2023;2024;2025;2026,,7696,overall;youngest_child_age,52,51,true,national;state01;state02;state04;state05;state06;state08;state09;state10;state11;state12;state13;state15;state16;state17;state18;state19;state20;state21;state22;state23;state24;state25;state26;state27;state28;state29;state30;state31;state32;state33;state34;state35;state36;state37;state38;state39;state40;state41;state42;state44;state45;state46;state47;state48;state49;state50;state51;state53;state54;state55;state56,"Three calendar months ending in the latest CPS input's calendar month, repeated for each reporting year",2026 label; raw extract requests through August 2026; June-August 2026 if cleaned endpoint is preserved,analysis/broad_impacts.qmd; docs/source_extracts.json,Owner-confirmed input snapshot; observed cleaned endpoint and original run not independently verified
metrics_formal.csv,fathers_labor_force_participation_proportion,1990-01-01,2026-01-01,37,1990;1991;1992;1993;1994;1995;1996;1997;1998;1999;2000;2001;2002;2003;2004;2005;2006;2007;2008;2009;2010;2011;2012;2013;2014;2015;2016;2017;2018;2019;2020;2021;2022;2023;2024;2025;2026,,7696,overall;youngest_child_age,52,51,true,national;state01;state02;state04;state05;state06;state08;state09;state10;state11;state12;state13;state15;state16;state17;state18;state19;state20;state21;state22;state23;state24;state25;state26;state27;state28;state29;state30;state31;state32;state33;state34;state35;state36;state37;state38;state39;state40;state41;state42;state44;state45;state46;state47;state48;state49;state50;state51;state53;state54;state55;state56,"Three calendar months ending in the latest CPS input's calendar month, repeated for each reporting year",2026 label; raw extract requests through August 2026; June-August 2026 if cleaned endpoint is preserved,analysis/broad_impacts.qmd; docs/source_extracts.json,Owner-confirmed input snapshot; observed cleaned endpoint and original run not independently verified
metrics_informal.csv,informal_care_labor_force,2007-01-01,2025-01-01,18,2007;2008;2009;2010;2011;2012;2013;2014;2015;2016;2017;2018;2019;2021;2022;2023;2024;2025,2020,5609,gender_parent;overall,52,51,true,national;state01;state02;state04;state05;state06;state08;state09;state10;state11;state12;state13;state15;state16;state17;state18;state19;state20;state21;state22;state23;state24;state25;state26;state27;state28;state29;state30;state31;state32;state33;state34;state35;state36;state37;state38;state39;state40;state41;state42;state44;state45;state46;state47;state48;state49;state50;state51;state53;state54;state55;state56,"Five eligible ATUS years ending in reporting year, excluding 2020",ATUS 2021-2025 documented; activity DDI requests 2003-2025 including 2020,analysis/broad_impacts.qmd; R/load_defaults.R; app_data/source.csv; docs/source_extracts.json,Owner-confirmed inputs; requested samples verified; observed cleaned coverage and original run unverified
metrics_informal.csv,informal_care_labor_force_proportion,2007-01-01,2025-01-01,18,2007;2008;2009;2010;2011;2012;2013;2014;2015;2016;2017;2018;2019;2021;2022;2023;2024;2025,2020,5609,gender_parent;overall,52,51,true,national;state01;state02;state04;state05;state06;state08;state09;state10;state11;state12;state13;state15;state16;state17;state18;state19;state20;state21;state22;state23;state24;state25;state26;state27;state28;state29;state30;state31;state32;state33;state34;state35;state36;state37;state38;state39;state40;state41;state42;state44;state45;state46;state47;state48;state49;state50;state51;state53;state54;state55;state56,"Five eligible ATUS years ending in reporting year, excluding 2020",ATUS 2021-2025 documented; activity DDI requests 2003-2025 including 2020,analysis/broad_impacts.qmd; R/load_defaults.R; app_data/source.csv; docs/source_extracts.json,Owner-confirmed inputs; requested samples verified; observed cleaned coverage and original run unverified
metrics_informal.csv,informal_care_time,2007-01-01,2025-01-01,18,2007;2008;2009;2010;2011;2012;2013;2014;2015;2016;2017;2018;2019;2021;2022;2023;2024;2025,2020,5615,gender_parent;overall,52,51,true,national;state01;state02;state04;state05;state06;state08;state09;state10;state11;state12;state13;state15;state16;state17;state18;state19;state20;state21;state22;state23;state24;state25;state26;state27;state28;state29;state30;state31;state32;state33;state34;state35;state36;state37;state38;state39;state40;state41;state42;state44;state45;state46;state47;state48;state49;state50;state51;state53;state54;state55;state56,"Five eligible ATUS years ending in reporting year, excluding 2020",ATUS 2021-2025 documented; activity DDI requests 2003-2025 including 2020,analysis/broad_impacts.qmd; R/load_defaults.R; app_data/source.csv; docs/source_extracts.json,Owner-confirmed inputs; requested samples verified; observed cleaned coverage and original run unverified
metrics_informal.csv,informal_care_time_proportion,2007-01-01,2025-01-01,18,2007;2008;2009;2010;2011;2012;2013;2014;2015;2016;2017;2018;2019;2021;2022;2023;2024;2025,2020,5615,gender_parent;overall,52,51,true,national;state01;state02;state04;state05;state06;state08;state09;state10;state11;state12;state13;state15;state16;state17;state18;state19;state20;state21;state22;state23;state24;state25;state26;state27;state28;state29;state30;state31;state32;state33;state34;state35;state36;state37;state38;state39;state40;state41;state42;state44;state45;state46;state47;state48;state49;state50;state51;state53;state54;state55;state56,"Five eligible ATUS years ending in reporting year, excluding 2020",ATUS 2021-2025 documented; activity DDI requests 2003-2025 including 2020,analysis/broad_impacts.qmd; R/load_defaults.R; app_data/source.csv; docs/source_extracts.json,Owner-confirmed inputs; requested samples verified; observed cleaned coverage and original run unverified
metrics_informal.csv,informal_value,2007-01-01,2025-01-01,18,2007;2008;2009;2010;2011;2012;2013;2014;2015;2016;2017;2018;2019;2021;2022;2023;2024;2025,2020,5615,gender_parent;overall,52,51,true,national;state01;state02;state04;state05;state06;state08;state09;state10;state11;state12;state13;state15;state16;state17;state18;state19;state20;state21;state22;state23;state24;state25;state26;state27;state28;state29;state30;state31;state32;state33;state34;state35;state36;state37;state38;state39;state40;state41;state42;state44;state45;state46;state47;state48;state49;state50;state51;state53;state54;state55;state56,Five eligible ATUS years excluding 2020; fixed 7.25 hourly valuation with CPI adjustment and reporting-year GDP,ATUS 2021-2025 documented; activity DDI requests 2003-2025 including 2020,analysis/broad_impacts.qmd; R/load_defaults.R; app_data/source.csv; docs/source_extracts.json,Owner-confirmed inputs; requested samples verified; observed cleaned coverage and original run unverified
metrics_informal.csv,informal_value_proportion,2007-01-01,2025-01-01,18,2007;2008;2009;2010;2011;2012;2013;2014;2015;2016;2017;2018;2019;2021;2022;2023;2024;2025,2020,5615,gender_parent;overall,52,51,true,national;state01;state02;state04;state05;state06;state08;state09;state10;state11;state12;state13;state15;state16;state17;state18;state19;state20;state21;state22;state23;state24;state25;state26;state27;state28;state29;state30;state31;state32;state33;state34;state35;state36;state37;state38;state39;state40;state41;state42;state44;state45;state46;state47;state48;state49;state50;state51;state53;state54;state55;state56,Five eligible ATUS years excluding 2020; fixed 7.25 hourly valuation with CPI adjustment and reporting-year GDP,ATUS 2021-2025 documented; activity DDI requests 2003-2025 including 2020,analysis/broad_impacts.qmd; R/load_defaults.R; app_data/source.csv; docs/source_extracts.json,Owner-confirmed inputs; requested samples verified; observed cleaned coverage and original run unverified
metrics_informal.csv,mothers_care_absence,1994-01-01,2026-01-01,33,1994;1995;1996;1997;1998;1999;2000;2001;2002;2003;2004;2005;2006;2007;2008;2009;2010;2011;2012;2013;2014;2015;2016;2017;2018;2019;2020;2021;2022;2023;2024;2025;2026,,6864,overall;youngest_child_age,52,51,true,national;state01;state02;state04;state05;state06;state08;state09;state10;state11;state12;state13;state15;state16;state17;state18;state19;state20;state21;state22;state23;state24;state25;state26;state27;state28;state29;state30;state31;state32;state33;state34;state35;state36;state37;state38;state39;state40;state41;state42;state44;state45;state46;state47;state48;state49;state50;state51;state53;state54;state55;state56,Three calendar months using the parental CPS participation window,2026 label; raw extract requests through August 2026; June-August 2026 if cleaned endpoint is preserved,analysis/broad_impacts.qmd; docs/source_extracts.json,Owner-confirmed input snapshot; observed cleaned endpoint and original run not independently verified
metrics_informal.csv,fathers_care_absence,1994-01-01,2026-01-01,33,1994;1995;1996;1997;1998;1999;2000;2001;2002;2003;2004;2005;2006;2007;2008;2009;2010;2011;2012;2013;2014;2015;2016;2017;2018;2019;2020;2021;2022;2023;2024;2025;2026,,6864,overall;youngest_child_age,52,51,true,national;state01;state02;state04;state05;state06;state08;state09;state10;state11;state12;state13;state15;state16;state17;state18;state19;state20;state21;state22;state23;state24;state25;state26;state27;state28;state29;state30;state31;state32;state33;state34;state35;state36;state37;state38;state39;state40;state41;state42;state44;state45;state46;state47;state48;state49;state50;state51;state53;state54;state55;state56,Three calendar months using the parental CPS participation window,2026 label; raw extract requests through August 2026; June-August 2026 if cleaned endpoint is preserved,analysis/broad_impacts.qmd; docs/source_extracts.json,Owner-confirmed input snapshot; observed cleaned endpoint and original run not independently verified
metrics_informal.csv,mothers_care_absence_proportion,1994-01-01,2026-01-01,33,1994;1995;1996;1997;1998;1999;2000;2001;2002;2003;2004;2005;2006;2007;2008;2009;2010;2011;2012;2013;2014;2015;2016;2017;2018;2019;2020;2021;2022;2023;2024;2025;2026,,6864,overall;youngest_child_age,52,51,true,national;state01;state02;state04;state05;state06;state08;state09;state10;state11;state12;state13;state15;state16;state17;state18;state19;state20;state21;state22;state23;state24;state25;state26;state27;state28;state29;state30;state31;state32;state33;state34;state35;state36;state37;state38;state39;state40;state41;state42;state44;state45;state46;state47;state48;state49;state50;state51;state53;state54;state55;state56,Three calendar months using the parental CPS participation window,2026 label; raw extract requests through August 2026; June-August 2026 if cleaned endpoint is preserved,analysis/broad_impacts.qmd; docs/source_extracts.json,Owner-confirmed input snapshot; observed cleaned endpoint and original run not independently verified
metrics_informal.csv,fathers_care_absence_proportion,1994-01-01,2026-01-01,33,1994;1995;1996;1997;1998;1999;2000;2001;2002;2003;2004;2005;2006;2007;2008;2009;2010;2011;2012;2013;2014;2015;2016;2017;2018;2019;2020;2021;2022;2023;2024;2025;2026,,6864,overall;youngest_child_age,52,51,true,national;state01;state02;state04;state05;state06;state08;state09;state10;state11;state12;state13;state15;state16;state17;state18;state19;state20;state21;state22;state23;state24;state25;state26;state27;state28;state29;state30;state31;state32;state33;state34;state35;state36;state37;state38;state39;state40;state41;state42;state44;state45;state46;state47;state48;state49;state50;state51;state53;state54;state55;state56,Three calendar months using the parental CPS participation window,2026 label; raw extract requests through August 2026; June-August 2026 if cleaned endpoint is preserved,analysis/broad_impacts.qmd; docs/source_extracts.json,Owner-confirmed input snapshot; observed cleaned endpoint and original run not independently verified
metrics_informal.csv,mothers_nilf_care,1994-01-01,2026-01-01,33,1994;1995;1996;1997;1998;1999;2000;2001;2002;2003;2004;2005;2006;2007;2008;2009;2010;2011;2012;2013;2014;2015;2016;2017;2018;2019;2020;2021;2022;2023;2024;2025;2026,,6864,overall;youngest_child_age,52,51,true,national;state01;state02;state04;state05;state06;state08;state09;state10;state11;state12;state13;state15;state16;state17;state18;state19;state20;state21;state22;state23;state24;state25;state26;state27;state28;state29;state30;state31;state32;state33;state34;state35;state36;state37;state38;state39;state40;state41;state42;state44;state45;state46;state47;state48;state49;state50;state51;state53;state54;state55;state56,Three calendar months using the parental CPS participation window,2026 label; raw extract requests through August 2026; June-August 2026 if cleaned endpoint is preserved,analysis/broad_impacts.qmd; docs/source_extracts.json,Owner-confirmed input snapshot; observed cleaned endpoint and original run not independently verified
metrics_informal.csv,fathers_nilf_care,1994-01-01,2026-01-01,33,1994;1995;1996;1997;1998;1999;2000;2001;2002;2003;2004;2005;2006;2007;2008;2009;2010;2011;2012;2013;2014;2015;2016;2017;2018;2019;2020;2021;2022;2023;2024;2025;2026,,6780,overall;youngest_child_age,52,51,true,national;state01;state02;state04;state05;state06;state08;state09;state10;state11;state12;state13;state15;state16;state17;state18;state19;state20;state21;state22;state23;state24;state25;state26;state27;state28;state29;state30;state31;state32;state33;state34;state35;state36;state37;state38;state39;state40;state41;state42;state44;state45;state46;state47;state48;state49;state50;state51;state53;state54;state55;state56,Three calendar months using the parental CPS participation window,2026 label; raw extract requests through August 2026; June-August 2026 if cleaned endpoint is preserved,analysis/broad_impacts.qmd; docs/source_extracts.json,Owner-confirmed input snapshot; observed cleaned endpoint and original run not independently verified
metrics_informal.csv,mothers_nilf_care_proportion,1994-01-01,2026-01-01,33,1994;1995;1996;1997;1998;1999;2000;2001;2002;2003;2004;2005;2006;2007;2008;2009;2010;2011;2012;2013;2014;2015;2016;2017;2018;2019;2020;2021;2022;2023;2024;2025;2026,,6864,overall;youngest_child_age,52,51,true,national;state01;state02;state04;state05;state06;state08;state09;state10;state11;state12;state13;state15;state16;state17;state18;state19;state20;state21;state22;state23;state24;state25;state26;state27;state28;state29;state30;state31;state32;state33;state34;state35;state36;state37;state38;state39;state40;state41;state42;state44;state45;state46;state47;state48;state49;state50;state51;state53;state54;state55;state56,Three calendar months using the parental CPS participation window,2026 label; raw extract requests through August 2026; June-August 2026 if cleaned endpoint is preserved,analysis/broad_impacts.qmd; docs/source_extracts.json,Owner-confirmed input snapshot; observed cleaned endpoint and original run not independently verified
metrics_informal.csv,fathers_nilf_care_proportion,1994-01-01,2026-01-01,33,1994;1995;1996;1997;1998;1999;2000;2001;2002;2003;2004;2005;2006;2007;2008;2009;2010;2011;2012;2013;2014;2015;2016;2017;2018;2019;2020;2021;2022;2023;2024;2025;2026,,6780,overall;youngest_child_age,52,51,true,national;state01;state02;state04;state05;state06;state08;state09;state10;state11;state12;state13;state15;state16;state17;state18;state19;state20;state21;state22;state23;state24;state25;state26;state27;state28;state29;state30;state31;state32;state33;state34;state35;state36;state37;state38;state39;state40;state41;state42;state44;state45;state46;state47;state48;state49;state50;state51;state53;state54;state55;state56,Three calendar months using the parental CPS participation window,2026 label; raw extract requests through August 2026; June-August 2026 if cleaned endpoint is preserved,analysis/broad_impacts.qmd; docs/source_extracts.json,Owner-confirmed input snapshot; observed cleaned endpoint and original run not independently verified
metrics_maternal_power.csv,share_of_income,1990-01-01,2025-01-01,36,1990;1991;1992;1993;1994;1995;1996;1997;1998;1999;2000;2001;2002;2003;2004;2005;2006;2007;2008;2009;2010;2011;2012;2013;2014;2015;2016;2017;2018;2019;2020;2021;2022;2023;2024;2025,,1872,,52,51,true,national;state01;state02;state04;state05;state06;state08;state09;state10;state11;state12;state13;state15;state16;state17;state18;state19;state20;state21;state22;state23;state24;state25;state26;state27;state28;state29;state30;state31;state32;state33;state34;state35;state36;state37;state38;state39;state40;state41;state42;state44;state45;state46;state47;state48;state49;state50;state51;state53;state54;state55;state56,"Annual CPS ASEC YEAR; prefer INCTOT if present, otherwise INCWAGE",2025 ASEC label; raw extract has INCWAGE and lacks INCTOT; income reference-year caution applies,analysis/bargainin_power.qmd; R/data_prep_functions.R; docs/source_extracts.json,Owner-confirmed inputs; preprocessing preserves YEAR; original generation run not independently reproduced
metrics_priviledge.csv,care_privileged_population,2007-01-01,2025-01-01,18,2007;2008;2009;2010;2011;2012;2013;2014;2015;2016;2017;2018;2019;2021;2022;2023;2024;2025,2020,936,,52,51,true,national;state01;state02;state04;state05;state06;state08;state09;state10;state11;state12;state13;state15;state16;state17;state18;state19;state20;state21;state22;state23;state24;state25;state26;state27;state28;state29;state30;state31;state32;state33;state34;state35;state36;state37;state38;state39;state40;state41;state42;state44;state45;state46;state47;state48;state49;state50;state51;state53;state54;state55;state56,Five eligible ATUS years ending in reporting year excluding 2020; baseline uses analytic input before rolling estimates,2025 ending label; activity DDI requests 2003-2025; observed baseline coverage not audited,analysis/bargainin_power.qmd; docs/source_extracts.json,Owner-confirmed inputs; full observed baseline range and original run not independently verified
metrics_priviledge.csv,care_privileged_population_proportion,2007-01-01,2025-01-01,18,2007;2008;2009;2010;2011;2012;2013;2014;2015;2016;2017;2018;2019;2021;2022;2023;2024;2025,2020,936,,52,51,true,national;state01;state02;state04;state05;state06;state08;state09;state10;state11;state12;state13;state15;state16;state17;state18;state19;state20;state21;state22;state23;state24;state25;state26;state27;state28;state29;state30;state31;state32;state33;state34;state35;state36;state37;state38;state39;state40;state41;state42;state44;state45;state46;state47;state48;state49;state50;state51;state53;state54;state55;state56,Five eligible ATUS years ending in reporting year excluding 2020; baseline uses analytic input before rolling estimates,2025 ending label; activity DDI requests 2003-2025; observed baseline coverage not audited,analysis/bargainin_power.qmd; docs/source_extracts.json,Owner-confirmed inputs; full observed baseline range and original run not independently verified
metrics_sandwich_generation.csv,sandwich_population,2019-01-01,2025-01-01,6,2019;2021;2022;2023;2024;2025,2020,306,,52,51,true,national;state01;state02;state04;state05;state06;state08;state09;state10;state11;state12;state13;state15;state16;state17;state18;state19;state20;state21;state22;state23;state24;state25;state26;state27;state28;state29;state30;state31;state32;state33;state34;state35;state36;state37;state38;state39;state40;state41;state42;state44;state45;state46;state47;state48;state49;state50;state51;state53;state54;state55;state56,"Five eligible ATUS years excluding 2020, input YEAR >= 2015; adults >= 18, own child <= 10, positive eldercare time",ATUS 2021-2025 documented; activity and eldercare DDI request 2003-2025,analysis/sandwich_generation.qmd; R/load_defaults.R; docs/source_extracts.json,Owner-confirmed inputs; original run unverified; national proportion and median average state estimates
metrics_sandwich_generation.csv,sandwich_population_proportion,2019-01-01,2025-01-01,6,2019;2021;2022;2023;2024;2025,2020,306,,52,51,true,national;state01;state02;state04;state05;state06;state08;state09;state10;state11;state12;state13;state15;state16;state17;state18;state19;state20;state21;state22;state23;state24;state25;state26;state27;state28;state29;state30;state31;state32;state33;state34;state35;state36;state37;state38;state39;state40;state41;state42;state44;state45;state46;state47;state48;state49;state50;state51;state53;state54;state55;state56,"Five eligible ATUS years excluding 2020, input YEAR >= 2015; adults >= 18, own child <= 10, positive eldercare time",ATUS 2021-2025 documented; activity and eldercare DDI request 2003-2025,analysis/sandwich_generation.qmd; R/load_defaults.R; docs/source_extracts.json,Owner-confirmed inputs; original run unverified; national proportion and median average state estimates
metrics_sandwich_generation.csv,sandwich_time_total,2019-01-01,2025-01-01,6,2019;2021;2022;2023;2024;2025,2020,306,,52,51,true,national;state01;state02;state04;state05;state06;state08;state09;state10;state11;state12;state13;state15;state16;state17;state18;state19;state20;state21;state22;state23;state24;state25;state26;state27;state28;state29;state30;state31;state32;state33;state34;state35;state36;state37;state38;state39;state40;state41;state42;state44;state45;state46;state47;state48;state49;state50;state51;state53;state54;state55;state56,"Five eligible ATUS years excluding 2020, input YEAR >= 2015; adults >= 18, own child <= 10, positive eldercare time",ATUS 2021-2025 documented; activity and eldercare DDI request 2003-2025,analysis/sandwich_generation.qmd; R/load_defaults.R; docs/source_extracts.json,Owner-confirmed inputs; original run unverified; national proportion and median average state estimates
metrics_sandwich_generation.csv,sandwich_time_median,2019-01-01,2025-01-01,6,2019;2021;2022;2023;2024;2025,2020,306,,52,51,true,national;state01;state02;state04;state05;state06;state08;state09;state10;state11;state12;state13;state15;state16;state17;state18;state19;state20;state21;state22;state23;state24;state25;state26;state27;state28;state29;state30;state31;state32;state33;state34;state35;state36;state37;state38;state39;state40;state41;state42;state44;state45;state46;state47;state48;state49;state50;state51;state53;state54;state55;state56,"Five eligible ATUS years excluding 2020, input YEAR >= 2015; adults >= 18, own child <= 10, positive eldercare time",ATUS 2021-2025 documented; activity and eldercare DDI request 2003-2025,analysis/sandwich_generation.qmd; R/load_defaults.R; docs/source_extracts.json,Owner-confirmed inputs; original run unverified; national proportion and median average state estimates
metrics_state_care_gini.csv,gini,2010-01-01,2023-01-01,14,2010;2011;2012;2013;2014;2015;2016;2017;2018;2019;2020;2021;2022;2023,,703,,48,47,true,national;state01;state04;state05;state06;state08;state10;state12;state13;state15;state16;state17;state18;state19;state20;state21;state22;state23;state24;state25;state27;state28;state29;state30;state31;state32;state33;state34;state35;state36;state37;state38;state39;state40;state41;state42;state44;state45;state46;state47;state48;state49;state50;state51;state53;state54;state55;state56,"Annual WAC employment with ACS five-year tract population; requested 2009-2023, limited to overlapping available years","2023 WAC label; NHGIS columns end in 2023, corresponding to ACS 2019-2023; publisher release editions unrecorded",analysis/gini.qmd; app_data/metrics_state_care_gini.csv; data/input_manifest.csv,"Owner-confirmed inputs and NHGIS schema; supplied CaRES scaling matches, underlying Gini/LQ not rebuilt"
metrics_state_care_gini.csv,lq,2010-01-01,2023-01-01,14,2010;2011;2012;2013;2014;2015;2016;2017;2018;2019;2020;2021;2022;2023,,703,,48,47,true,national;state01;state04;state05;state06;state08;state10;state12;state13;state15;state16;state17;state18;state19;state20;state21;state22;state23;state24;state25;state27;state28;state29;state30;state31;state32;state33;state34;state35;state36;state37;state38;state39;state40;state41;state42;state44;state45;state46;state47;state48;state49;state50;state51;state53;state54;state55;state56,"Annual WAC employment with ACS five-year tract population; requested 2009-2023, limited to overlapping available years","2023 WAC label; NHGIS columns end in 2023, corresponding to ACS 2019-2023; publisher release editions unrecorded",analysis/gini.qmd; app_data/metrics_state_care_gini.csv; data/input_manifest.csv,"Owner-confirmed inputs and NHGIS schema; supplied CaRES scaling matches, underlying Gini/LQ not rebuilt"
metrics_state_care_gini.csv,cares,2010-01-01,2023-01-01,14,2010;2011;2012;2013;2014;2015;2016;2017;2018;2019;2020;2021;2022;2023,,703,,48,47,true,national;state01;state04;state05;state06;state08;state10;state12;state13;state15;state16;state17;state18;state19;state20;state21;state22;state23;state24;state25;state27;state28;state29;state30;state31;state32;state33;state34;state35;state36;state37;state38;state39;state40;state41;state42;state44;state45;state46;state47;state48;state49;state50;state51;state53;state54;state55;state56,"Annual WAC employment with ACS five-year tract population; requested 2009-2023, limited to overlapping available years","2023 WAC label; NHGIS columns end in 2023, corresponding to ACS 2019-2023; publisher release editions unrecorded",analysis/gini.qmd; app_data/metrics_state_care_gini.csv; data/input_manifest.csv,"Owner-confirmed inputs and NHGIS schema; supplied CaRES scaling matches, underlying Gini/LQ not rebuilt"
