file,role,date_column_present,observed_table_date_min,observed_table_date_max,observed_table_label_count,documented_source_note_period,available_code_period_rule,evidence,verification_limit
activity_formal.csv,Paid-care activity classification and wages,false,,,,Circle of Care notes: pooled CPS ASEC 2021-2025,Explicit filter YEAR >= 2021 and YEAR <= 2025; five-year pool,analysis/activity_formal.qmd; app_data/source.csv,Code and note evidence; export undated and owner-confirmed inputs available externally; original run not independently reproduced
activity_formal_datum.csv,Paid-care activity time and populations,false,,,,Circle of Care notes: pooled CPS ASEC 2021-2025,Explicit filter YEAR >= 2021 and YEAR <= 2025; five-year pool,analysis/activity_formal.qmd; app_data/source.csv,Code and note evidence; export undated and owner-confirmed inputs available externally; original run not independently reproduced
activity_informal.csv,Unpaid-care activity classification and wages,false,,,,Circle of Care notes: ATUS 2021-2025 and pooled CPS ASEC 2021-2025,Latest five eligible ATUS years excluding 2020; wages use latest ASEC YEAR only,analysis/activity_informal.qmd; R/load_defaults.R; app_data/source.csv,Export undated; pooled ASEC note conflicts with latest-year wage code; owner-confirmed inputs available externally; original run not independently reproduced
activity_informal_datum.csv,"Unpaid-care activity attention, time, and populations",false,,,,Circle of Care notes: ATUS 2021-2025 and pooled CPS ASEC 2021-2025,Latest five eligible ATUS years excluding 2020; wages use latest ASEC YEAR only,analysis/activity_informal.qmd; R/load_defaults.R; app_data/source.csv,Export undated; pooled ASEC note conflicts with latest-year wage code; owner-confirmed inputs available externally; original run not independently reproduced
care_provider_datum.csv,Care-provider flows and time by demographic group,false,,,,CoC_CareProviders: CPS ASEC 2025; pooled ATUS 2021-2025,Latest ASEC YEAR for population/paid components; latest five eligible ATUS years for unpaid time,analysis/care_provider.qmd; app_data/source.csv,Dynamic code windows; export undated and owner-confirmed inputs available externally; original run not independently reproduced
care_provider_population.csv,Care-provider group population denominators,false,,,,CoC_CareProviders: CPS ASEC 2025; pooled ATUS 2021-2025,Latest ASEC YEAR for population/paid components; latest five eligible ATUS years for unpaid time,analysis/care_provider.qmd; app_data/source.csv,Dynamic code windows; export undated and owner-confirmed inputs available externally; original run not independently reproduced
market.csv,Population by age,false,,,,Related Care Need/Stage of Life notes: CPS ASEC 2025; pooled ATUS 2021-2025,market uses latest ASEC YEAR; market_datum uses latest five eligible ATUS years excluding 2020 and the ATUS relationship extract,analysis/market.qmd; analysis/market_datum.qmd; app_data/source.csv,"Owner-confirmed inputs; relationship DDI requests 2018, 2019, 2021-2024 and lacks 2025 while activity includes 2025; scientific review and original run verification pending"
market_datum.csv,Care need and provision by age,false,,,,Related Care Need/Stage of Life notes: CPS ASEC 2025; pooled ATUS 2021-2025,market uses latest ASEC YEAR; market_datum uses latest five eligible ATUS years excluding 2020 and the ATUS relationship extract,analysis/market.qmd; analysis/market_datum.qmd; app_data/source.csv,"Owner-confirmed inputs; relationship DDI requests 2018, 2019, 2021-2024 and lacks 2025 while activity includes 2025; scientific review and original run verification pending"
metric_labels.csv,Dashboard metric labels and display types,false,,,,Lookup/source-note metadata; no independent statistical observation period,Not applicable; dates within source.csv notes belong to named charts,app_data/metric_labels.csv,Release snapshot identified by checksum; source notes do not establish every table's period
metric_tables.xlsx,Metric metadata used by the warehouse upload,false,,,,Lookup/source-note metadata; no independent statistical observation period,Not applicable; dates within source.csv notes belong to named charts,app_data/metric_tables.xlsx,Release snapshot identified by checksum; source notes do not establish every table's period
metrics_formal.csv,"Paid-care workforce, time, value, parental labor indicators",true,1990-01-01,2026-01-01,37,Mixed indicator-specific source periods; see metric_reference_periods.csv,See metric_reference_periods.csv and docs/REFERENCE_PERIODS.md,Observed CSV labels; available accompanying code where supplied,Table-wide range differs from field coverage; owner-confirmed inputs available externally; original run not independently reproduced
metrics_informal.csv,"Unpaid-care workforce, time, value, parental care/labor indicators",true,1994-01-01,2026-01-01,33,Mixed indicator-specific source periods; see metric_reference_periods.csv,See metric_reference_periods.csv and docs/REFERENCE_PERIODS.md,Observed CSV labels; available accompanying code where supplied,Table-wide range differs from field coverage; owner-confirmed inputs available externally; original run not independently reproduced
metrics_maternal_power.csv,Mothers' within-couple wage/salary income shares,true,1990-01-01,2025-01-01,36,Mixed indicator-specific source periods; see metric_reference_periods.csv,See metric_reference_periods.csv and docs/REFERENCE_PERIODS.md,Observed CSV labels; available accompanying code where supplied,Table-wide range differs from field coverage; owner-confirmed inputs available externally; original run not independently reproduced
metrics_priviledge.csv,Care-privileged adult population and proportion,true,2007-01-01,2025-01-01,18,Mixed indicator-specific source periods; see metric_reference_periods.csv,See metric_reference_periods.csv and docs/REFERENCE_PERIODS.md,Observed CSV labels; available accompanying code where supplied,Table-wide range differs from field coverage; owner-confirmed inputs available externally; original run not independently reproduced
metrics_sandwich_generation.csv,Sandwich caregiving population and time,true,2019-01-01,2025-01-01,6,Mixed indicator-specific source periods; see metric_reference_periods.csv,See metric_reference_periods.csv and docs/REFERENCE_PERIODS.md,Observed CSV labels; available accompanying code where supplied,Table-wide range differs from field coverage; owner-confirmed inputs available externally; original run not independently reproduced
metrics_state_care_gini.csv,"Care-job Gini, location quotient, and CaRES",true,2010-01-01,2023-01-01,14,Mixed indicator-specific source periods; see metric_reference_periods.csv,See metric_reference_periods.csv and docs/REFERENCE_PERIODS.md,Observed CSV labels; available accompanying code where supplied,Table-wide range differs from field coverage; owner-confirmed inputs available externally; original run not independently reproduced
provider.csv,Provider demographics and population,false,,,,Related Care Provision/Care Providers notes: CPS ASEC 2025 and ATUS 2021-2025; Circle of Care separately uses pooled ASEC 2021-2025,Latest ASEC YEAR for ASEC fields; latest five eligible ATUS years excluding 2020 for ATUS fields,analysis/provider.qmd; app_data/source.csv,Restored field/source mapping; chart windows differ and owner-confirmed inputs; original run not independently reproduced
provider_category.csv,Provider category definitions and display order,false,,,,Lookup/source-note metadata; no independent statistical observation period,Not applicable; dates within source.csv notes belong to named charts,app_data/provider_category.csv,Release snapshot identified by checksum; source notes do not establish every table's period
provider_category.xlsx,Provider category metadata workbook,false,,,,Lookup/source-note metadata; no independent statistical observation period,Not applicable; dates within source.csv notes belong to named charts,app_data/provider_category.xlsx,Release snapshot identified by checksum; source notes do not establish every table's period
provider_datum.csv,"Provider time/populations by care type, focus, and attention",false,,,,Related Care Provision/Care Providers notes: CPS ASEC 2025 and ATUS 2021-2025; Circle of Care separately uses pooled ASEC 2021-2025,Latest ASEC YEAR for ASEC fields; latest five eligible ATUS years excluding 2020 for ATUS fields,analysis/provider.qmd; app_data/source.csv,Restored field/source mapping; chart windows differ and owner-confirmed inputs; original run not independently reproduced
provider_group.xlsx,Provider demographic group metadata,false,,,,Lookup/source-note metadata; no independent statistical observation period,Not applicable; dates within source.csv notes belong to named charts,app_data/provider_group.xlsx,Release snapshot identified by checksum; source notes do not establish every table's period
source.csv,Dashboard source and explanatory notes,false,,,,Lookup/source-note metadata; no independent statistical observation period,Not applicable; dates within source.csv notes belong to named charts,app_data/source.csv,Release snapshot identified by checksum; source notes do not establish every table's period
